mfcc_1_mean,mfcc_2_mean,mfcc_3_mean,mfcc_4_mean,mfcc_5_mean,mfcc_6_mean,mfcc_7_mean,mfcc_8_mean,mfcc_9_mean,mfcc_10_mean,mfcc_11_mean,mfcc_12_mean,mfcc_13_mean,mfcc_14_mean,mfcc_15_mean,mfcc_16_mean,mfcc_17_mean,mfcc_18_mean,mfcc_19_mean,mfcc_20_mean,mfcc_1_std,mfcc_2_std,mfcc_3_std,mfcc_4_std,mfcc_5_std,mfcc_6_std,mfcc_7_std,mfcc_8_std,mfcc_9_std,mfcc_10_std,mfcc_11_std,mfcc_12_std,mfcc_13_std,mfcc_14_std,mfcc_15_std,mfcc_16_std,mfcc_17_std,mfcc_18_std,mfcc_19_std,mfcc_20_std,chroma_1_mean,chroma_2_mean,chroma_3_mean,chroma_4_mean,chroma_5_mean,chroma_6_mean,chroma_7_mean,chroma_8_mean,chroma_9_mean,chroma_10_mean,chroma_11_mean,chroma_12_mean,chroma_1_std,chroma_2_std,chroma_3_std,chroma_4_std,chroma_5_std,chroma_6_std,chroma_7_std,chroma_8_std,chroma_9_std,chroma_10_std,chroma_11_std,chroma_12_std,spectral_centroid_mean,spectral_centroid_std,zero_crossing_rate_mean,zero_crossing_rate_std,rms_energy_mean,rms_energy_std,genre,filename,file_path
-113.619385,121.55303,-19.151056,42.345768,-6.3711677,18.613033,-13.69206,15.339378,-12.283617,10.973776,-8.32241,8.8067875,-3.665802,5.745939,-5.161711,0.75029784,-1.688358,-0.4093285,-2.2988691,1.2199471,50.703182,17.19664,15.34861,12.281505,12.962432,9.442965,8.222213,8.310419,9.063802,7.9624414,7.8619676,7.1618433,6.4227433,6.3687506,7.058576,7.243213,6.0468674,6.4531875,7.4213667,6.8538775,0.3617269,0.3676187,0.43998006,0.24463448,0.24780174,0.33561543,0.364576,0.435647,0.29584128,0.31463376,0.40656036,0.38477036,0.32664338,0.28599295,0.31635004,0.21137722,0.25634545,0.2891178,0.27731717,0.34625837,0.25380412,0.280253,0.3327027,0.29256126,1784.416545970319,360.1941660724689,0.08306639113293343,0.02768996741355138,0.130192,0.053201236,blues,blues.00000.wav,c:\Users\darsh\Documents\Codex\2026-04-27\i-am-a-first-year-computer\Data\genres_original\blues\blues.00000.wav
-207.58151,123.99715,8.939115,35.870758,2.9199703,21.518787,-8.555368,23.355938,-10.101037,11.906445,-5.5581226,5.3759418,-2.237833,4.2171254,-6.0110474,0.93266803,-0.71702784,0.2923333,-0.2857169,0.5321445,88.151985,23.667763,23.931154,16.274376,16.734621,12.508815,14.176376,11.931994,12.893105,10.215605,10.257861,9.813216,8.0561075,8.554412,7.2446527,7.4407187,7.7532763,6.9381366,7.150609,6.7692857,0.45962232,0.3498772,0.32096863,0.21158591,0.20090792,0.3310051,0.39764687,0.5606764,0.38437924,0.25547373,0.28495902,0.33423826,0.37744114,0.29691663,0.30838895,0.22881296,0.20903206,0.31096023,0.2824698,0.36677328,0.295321,0.2332154,0.2790574,0.26922664,1529.8713140945188,613.1978884116917,0.056044256724071206,0.03805920843998772,0.095891684,0.04872404,blues,blues.00001.wav,c:\Users\darsh\Documents\Codex\2026-04-27\i-am-a-first-year-computer\Data\genres_original\blues\blues.00001.wav
-90.776344,140.44861,-29.10056,31.68734,-13.975971,25.741686,-13.644712,11.623112,-11.77592,9.700466,-13.115349,5.785763,-8.899733,-1.0870236,-9.216774,2.4536483,-7.721793,-1.8164971,-3.434354,-2.2313912,57.61765,22.56351,20.297462,12.00615,12.490621,8.629561,10.328758,10.32607,8.104654,8.236836,7.5925255,8.037509,7.7766604,7.598978,6.038823,6.373398,6.9065385,7.24004,6.828621,5.5340967,0.2726714,0.19586879,0.31525427,0.40813476,0.5470826,0.32177538,0.30478695,0.28851688,0.33424202,0.40191102,0.38430804,0.5881898,0.21136558,0.18095638,0.27161038,0.27133211,0.35019475,0.23583099,0.24187995,0.2514622,0.24735005,0.33322752,0.25157723,0.35295036,1552.6377863181906,395.6492065008607,0.07630074799245357,0.031737819011002394,0.17549369,0.052465174,blues,blues.00002.wav,c:\Users\darsh\Documents\Codex\2026-04-27\i-am-a-first-year-computer\Data\genres_original\blues\blues.00002.wav
-199.462,150.09473,5.649167,26.870144,1.7554408,14.236881,-4.8288727,9.297849,-0.753142,8.147393,-3.1952357,6.085354,-2.4761882,-1.0762246,-2.8760562,0.7769089,-3.3200555,0.6372629,-0.61750686,-3.40694,74.13483,21.36742,16.032692,12.57767,16.367716,11.264206,12.492485,9.009487,9.610511,8.439375,10.503592,6.941436,7.537466,7.8901334,7.1865416,6.667608,7.0878043,6.1116214,6.1066494,5.6558323,0.34086183,0.40857694,0.5245686,0.54707444,0.6571128,0.51167107,0.3556304,0.25169012,0.24638642,0.31520885,0.3165434,0.38285518,0.24969356,0.2372586,0.326188,0.30357853,0.34512895,0.30346847,0.23173136,0.19945031,0.2151235,0.29383782,0.28109023,0.33715898,1070.1100585189854,429.54237913885123,0.03330894446594427,0.02056877198727728,0.14113921,0.079623215,blues,blues.00003.wav,c:\Users\darsh\Documents\Codex\2026-04-27\i-am-a-first-year-computer\Data\genres_original\blues\blues.00003.wav
-160.29185,126.19577,-35.6025,22.151169,-32.48764,10.862022,-23.357162,0.50052303,-11.8047695,1.2038774,-13.085074,-2.8098488,-6.935621,-7.5592937,-9.172152,-4.5104084,-5.4537363,-0.9244677,-4.4080763,-11.701833,72.09816,29.218796,18.267778,13.916656,18.342604,11.6102,9.659235,11.169667,11.401259,9.989755,8.961199,9.300109,9.46644,8.422141,8.704552,9.274307,8.679181,7.3196697,7.9327493,7.430688,0.19272667,0.31723168,0.39155152,0.25590554,0.192804,0.53058165,0.2539423,0.1392154,0.27655506,0.32433584,0.5552977,0.27302995,0.19531114,0.32192668,0.31177807,0.27461565,0.17918439,0.36230877,0.2073712,0.17713627,0.3034915,0.23367888,0.355924,0.21847454,1835.5070084014953,585.947298852198,0.1015001421004257,0.044198516021300496,0.0915404,0.04801099,blues,blues.00004.wav,c:\Users\darsh\Documents\Codex\2026-04-27\i-am-a-first-year-computer\Data\genres_original\blues\blues.00004.wav
-177.88876,118.18953,-17.55073,30.753101,-21.732107,11.898545,-20.73228,3.176169,-8.57577,-0.94018424,-11.773799,-2.426076,-9.342487,-9.947082,-3.9053469,-5.568541,-1.8399693,-2.7841752,-3.046112,-8.115228,85.460556,56.54741,25.576311,22.045116,20.820208,16.31228,13.032559,11.562216,13.127509,10.00648,8.751917,8.860253,8.951683,6.895875,7.74928,8.519501,8.289742,6.516645,6.311036,6.803858,0.23830758,0.30017722,0.61689025,0.23552348,0.12392117,0.24363397,0.27951208,0.41132158,0.24399377,0.28561264,0.28419915,0.365875,0.28926644,0.21441963,0.3830537,0.16447711,0.1373183,0.27671832,0.2569076,0.33651075,0.23532008,0.28160495,0.2847363,0.30602324,1831.9900685948742,1015.5272536119522,0.09403986975135449,0.07897575479333778,0.10343772,0.063116826,blues,blues.00005.wav,c:\Users\darsh\Documents\Codex\2026-04-27\i-am-a-first-year-computer\Data\genres_original\blues\blues.00005.wav
-190.17502,130.29242,-36.348473,33.02909,11.085681,-0.5963726,-20.882357,0.27711603,-6.5008707,-5.515623,-7.8452897,-3.123599,-6.595716,-9.947577,-6.540925,-10.071382,-10.912119,-6.970003,-3.4485128,-6.498458,98.21622,43.98217,36.161358,21.916225,32.9179,16.739882,12.316179,10.143775,11.45195,12.389086,9.358328,8.014027,8.897414,7.9419365,9.296062,9.128132,7.545707,6.1860814,6.9349537,8.36777,0.42547888,0.22330673,0.1313038,0.15264677,0.24185762,0.49107337,0.24560353,0.1691784,0.2882331,0.46142802,0.35944873,0.30730906,0.3658974,0.24735771,0.18757603,0.21862149,0.21688429,0.38536417,0.24426967,0.19363722,0.29625663,0.3530621,0.33306664,0.2706736,1459.0353761872718,661.9048512246571,0.07302790308146284,0.0436989109483751,0.1416879,0.09371678,blues,blues.00006.wav,c:\Users\darsh\Documents\Codex\2026-04-27\i-am-a-first-year-computer\Data\genres_original\blues\blues.00006.wav
-179.42007,136.4421,-26.644339,39.97959,5.3018146,10.921237,-20.555347,8.507477,-11.35436,-3.469098,-8.414114,-6.956976,-3.548349,-8.051683,-8.9604845,-8.421077,-10.5585985,-10.790192,-4.7007947,-8.638816,81.08917,38.470413,24.310024,18.792528,25.503872,11.677463,12.794587,12.307668,13.115826,13.357224,12.151825,9.153007,9.660816,7.580675,9.071809,8.395058,7.2133436,7.7794085,8.0987625,7.505687,0.25941816,0.26425815,0.32541996,0.21780176,0.21512058,0.29521677,0.19004409,0.18086508,0.26435012,0.390141,0.648551,0.4365876,0.25001442,0.29886892,0.30648592,0.26724982,0.25566337,0.28941733,0.21454503,0.23968154,0.28059155,0.2695587,0.3508843,0.27776256,1451.8494584581754,670.7739279240656,0.06143500266060371,0.043011742599829005,0.13174523,0.07439894,blues,blues.00007.wav,c:\Users\darsh\Documents\Codex\2026-04-27\i-am-a-first-year-computer\Data\genres_original\blues\blues.00007.wav
-121.387115,122.505394,-14.739394,46.135292,-8.160384,20.17051,-19.169321,23.050188,-11.825939,21.17341,-6.7202907,7.0050187,-12.739909,5.064209,-5.1730757,-1.446995,-7.0369287,2.6948745,3.4093323,-2.6991909,51.20196,20.3649,18.476788,13.921793,13.293728,10.343644,7.594192,8.770052,6.5177164,7.6440315,6.9971523,7.4997573,7.86743,7.109595,5.7297416,7.110611,5.3751597,6.077127,5.807247,6.008099,0.3195211,0.304665,0.36683223,0.4223385,0.5240038,0.45069417,0.49352205,0.35298544,0.38034284,0.46188274,0.36648217,0.4647075,0.23000091,0.23193868,0.28907913,0.27489448,0.35117444,0.29970804,0.32791743,0.25686693,0.26486638,0.30731398,0.2622557,0.31265098,1719.2739373344168,404.2148603391187,0.06402757957623839,0.02705344827055859,0.14236063,0.038767237,blues,blues.00008.wav,c:\Users\darsh\Documents\Codex\2026-04-27\i-am-a-first-year-computer\Data\genres_original\blues\blues.00008.wav
-213.20453,115.15454,-11.720503,39.032555,-20.357819,13.089926,-9.180816,9.023639,-14.101023,4.283337,-6.044196,3.786368,0.22368751,-5.114481,-0.4145367,-1.1848986,-1.9183391,-2.2957962,2.89123,-4.234533,78.31431,28.262222,25.864157,18.730318,23.071655,16.684895,11.249238,8.2433195,10.496001,9.617187,9.212237,10.222245,8.740899,9.242065,10.200085,7.702675,7.647867,9.120193,8.777186,9.566596,0.24841245,0.27330637,0.4887446,0.26811463,0.17957151,0.26779726,0.22273743,0.41564548,0.27288085,0.18116428,0.22930472,0.24049188,0.2959389,0.2928632,0.3912253,0.24320707,0.21092147,0.32843414,0.21774371,0.38119727,0.2647415,0.21721067,0.30619067,0.27580717,1817.5295464146707,546.1286759179139,0.0792153184258901,0.03710199195397739,0.08132098,0.06593492,blues,blues.00009.wav,c:\Users\darsh\Documents\Codex\2026-04-27\i-am-a-first-year-computer\Data\genres_original\blues\blues.00009.wav
-173.71587,137.14024,-23.767647,26.99174,-16.687662,4.2143745,-12.582618,5.8545594,-2.8846726,-1.1866812,-1.9771539,1.8001548,-3.0044112,-1.8699358,-0.7962682,-3.0132642,-0.43592533,-2.00181,-0.7466386,-5.001238,90.2122,32.895638,32.04959,22.262089,17.024559,12.638329,12.267991,9.082866,10.4207115,8.099662,7.44855,7.6134143,9.680582,6.3364367,7.0526485,7.9358287,7.554105,7.457623,6.870872,6.8177133,0.46167403,0.17095314,0.19264804,0.37859687,0.35386497,0.45910838,0.2763882,0.32404974,0.18769908,0.20247579,0.3237246,0.31639948,0.3768029,0.19205286,0.19362268,0.36220747,0.27549586,0.41737452,0.2531323,0.3077382,0.2237566,0.23212227,0.30632186,0.26406276,1410.6753570562125,453.11712875660817,0.06298072271671827,0.021005301234394137,0.14286481,0.09589651,blues,blues.00010.wav,c:\Users\darsh\Documents\Codex\2026-04-27\i-am-a-first-year-computer\Data\genres_original\blues\blues.00010.wav
-287.92355,123.97102,5.4561224,33.684544,1.0892011,14.704721,-4.898606,8.6532755,0.7827977,6.5667357,-4.87944,-3.1806588,-5.557003,-6.786621,-2.6442327,-2.9824317,-3.3811386,-1.8614974,1.8359205,-4.8965116,77.045265,31.523533,17.381048,18.55079,21.01286,15.348381,12.217013,13.753051,12.197827,10.686266,9.686741,9.17844,8.085729,7.797515,7.4516063,7.382002,6.313457,6.8450036,6.0883555,5.3012223,0.24839157,0.23022655,0.3049179,0.41385782,0.6585419,0.5414393,0.3524606,0.3485756,0.34564975,0.34801114,0.27664188,0.32097095,0.27244675,0.21186815,0.24716634,0.27654335,0.37507445,0.35094535,0.25399417,0.30423823,0.30069396,0.3188023,0.27631766,0.33495054,1353.3291189300635,715.4744658420599,0.04395891785990712,0.04354469611875666,0.065684564,0.050005443,blues,blues.00011.wav,c:\Users\darsh\Documents\Codex\2026-04-27\i-am-a-first-year-computer\Data\genres_original\blues\blues.00011.wav
-207.20874,132.79709,-15.460706,60.99486,0.710241,12.461279,1.1609277,-1.5278945,-17.901815,8.369234,-2.4538186,-0.5966888,0.3688164,2.6052277,-5.193015,-9.530149,-9.2374,-2.8406758,-1.4114444,-5.9310284,67.661995,25.794357,30.592875,18.18241,17.721489,10.059374,10.392875,10.568409,9.819367,9.735622,11.820317,9.624632,9.283365,7.3317795,6.773997,8.32624,7.975776,8.298301,10.610353,9.567372,0.3036761,0.16028023,0.21962753,0.20349412,0.19680664,0.2664421,0.30161792,0.15768723,0.18246062,0.21346878,0.3755525,0.6508768,0.22774172,0.21520881,0.30515096,0.26029003,0.28426608,0.30281463,0.32723123,0.1976307,0.23949297,0.25829947,0.24458322,0.3989303,1361.1004062354928,507.00601443997215,0.06912392064144737,0.04879831148262711,0.11902389,0.0636934,blues,blues.00012.wav,c:\Users\darsh\Documents\Codex\2026-04-27\i-am-a-first-year-computer\Data\genres_original\blues\blues.00012.wav
-209.7822,124.46592,10.285805,47.030174,6.4823856,15.417021,-2.0100777,6.735786,-21.54862,10.7284975,-5.532432,-2.2020378,-3.0517268,8.644019,-0.31084582,-0.63614476,-2.9359381,-1.706597,-1.7654228,-7.755964,44.38294,23.290462,25.728228,12.177268,10.098318,12.095588,8.332419,8.717909,9.820377,9.790461,9.524994,7.695251,7.237646,8.4746685,8.28486,9.414431,9.872067,10.213806,9.428778,10.674804,0.12737732,0.14210585,0.17116772,0.14698218,0.18988642,0.23153724,0.15596744,0.2164878,0.3453191,0.3849269,0.6915307,0.3734269,0.1732609,0.23449233,0.24358633,0.22812368,0.2521931,0.25979966,0.18203948,0.24507272,0.34537262,0.24066176,0.37896967,0.24546137,1324.3317542217217,414.29530275438486,0.051417300575657895,0.03544030759515154,0.11318897,0.064741395,blues,blues.00013.wav,c:\Users\darsh\Documents\Codex\2026-04-27\i-am-a-first-year-computer\Data\genres_original\blues\blues.00013.wav
-305.69858,113.041626,12.114901,45.039444,17.739239,14.59463,4.1571283,0.24009813,-7.013088,13.649845,8.923058,1.30169,5.952128,8.542282,1.1171257,0.58821875,0.060077444,-3.706519,-1.001884,-1.8044137,90.5473,26.103662,38.257935,14.991419,15.779799,12.438758,12.554844,12.913715,9.8775425,8.767174,9.4865055,7.9207954,8.022302,8.720549,11.709361,8.224779,9.831122,8.102942,9.452686,10.656262,0.2962066,0.31608987,0.29482222,0.24004889,0.29478702,0.31426433,0.23711225,0.23535694,0.28419057,0.37784407,0.62039787,0.4373697,0.32248878,0.3337601,0.31470558,0.27510726,0.30625024,0.32053497,0.2524182,0.247061,0.28366175,0.2912982,0.4203191,0.33646306,1172.2763008557504,383.77702373407834,0.045045834945820436,0.03950987106446065,0.06693625,0.05204608,blues,blues.00014.wav,c:\Users\darsh\Documents\Codex\2026-04-27\i-am-a-first-year-computer\Data\genres_original\blues\blues.00014.wav
-238.53304,120.08829,-4.224556,42.310043,5.9163294,13.914182,5.3575773,1.9037086,-16.92988,12.339311,3.9409604,-1.3906769,0.014792109,3.5804958,-4.5049934,-5.5419517,-6.8830776,-4.8263903,1.7385828,-1.8840166,66.202576,26.99122,31.297775,19.574749,17.288061,10.838106,10.939125,11.995671,9.480667,8.733511,9.037074,7.8046145,7.7852073,9.4633465,10.096966,8.801717,9.676661,8.10849,8.848998,11.45489,0.26288965,0.16624135,0.243802,0.2428957,0.28420234,0.292833,0.2606823,0.16922723,0.1975626,0.24369343,0.36236745,0.5177622,0.23214833,0.21876712,0.33431,0.2943252,0.34369925,0.32608417,0.2929366,0.2116692,0.24760899,0.2732102,0.2883774,0.41311783,1420.4114787701458,447.3246402980111,0.0637176797116873,0.04406925502867672,0.080638945,0.05321031,blues,blues.00015.wav,c:\Users\darsh\Documents\Codex\2026-04-27\i-am-a-first-year-computer\Data\genres_original\blues\blues.00015.wav
-233.79489,120.66705,-3.1675608,39.53927,3.8588552,18.839672,-3.6889172,4.431845,-14.975374,17.571035,1.8447447,2.538607,-1.2386857,8.439363,-0.2098385,-3.9067852,-4.478641,-0.012232234,1.293265,-2.0874293,70.44123,23.711533,34.757095,19.91084,16.844215,12.497924,10.01887,10.562872,10.074906,10.108127,10.42193,8.1493845,8.067007,8.063074,7.6912823,8.820778,9.075767,9.240238,9.145825,10.037049,0.23256329,0.16887477,0.14962566,0.27871916,0.40747806,0.2497119,0.27227345,0.35508335,0.5286723,0.53750116,0.26503962,0.25401494,0.2845581,0.22183669,0.19812663,0.27394667,0.35398528,0.2587882,0.2907628,0.31070077,0.34982914,0.38988835,0.23110567,0.29080045,1455.0424713768248,390.3891133086726,0.061350725014512386,0.03767737157691678,0.08141902,0.051397182,blues,blues.00016.wav,c:\Users\darsh\Documents\Codex\2026-04-27\i-am-a-first-year-computer\Data\genres_original\blues\blues.00016.wav
-245.7541,140.48093,-2.771439,60.42012,18.9254,9.837099,3.566577,0.5361876,-16.367361,6.6298547,7.269149,-4.01573,1.6074535,5.898682,-3.0176077,-4.7748995,-3.02707,-1.9985331,-0.058758903,-3.9718897,72.07491,28.298141,28.210207,18.994875,15.329366,9.987851,10.89083,9.650059,11.359438,10.260237,9.8356695,8.446647,8.5421295,8.871509,7.4867334,7.642668,8.104085,8.059941,7.9291935,8.046971,0.30284938,0.20715842,0.15734096,0.1596015,0.30674276,0.2565114,0.25413817,0.31225276,0.4253431,0.5789123,0.3532124,0.31281108,0.32589343,0.24116403,0.22426528,0.1873572,0.32336697,0.24767843,0.2810739,0.2922204,0.29369608,0.38473746,0.23088636,0.32294047,1088.7781161784512,481.44119724619634,0.04832397083010836,0.029080134268729036,0.09325911,0.046387743,blues,blues.00017.wav,c:\Users\darsh\Documents\Codex\2026-04-27\i-am-a-first-year-computer\Data\genres_original\blues\blues.00017.wav
-252.51877,104.93698,15.31683,42.673477,6.7626176,21.623577,-1.3132769,5.691932,-16.619516,12.161626,-1.96795,1.9697651,-0.88895833,7.771046,2.3869517,1.7799876,1.3449866,3.6371133,4.9108076,-2.6554039,53.61874,24.581554,25.72705,12.750804,9.637907,10.824914,8.57424,10.023236,11.194995,11.117656,7.221668,8.042828,6.976862,8.456111,10.096329,9.651305,11.483342,13.482834,12.319188,9.823951,0.21098194,0.16093785,0.18874957,0.2026812,0.21735221,0.2801981,0.3294547,0.2506038,0.33041704,0.37706193,0.29860237,0.39391088,0.24054673,0.23264039,0.268889,0.26559982,0.28115714,0.32611454,0.35065517,0.27596113,0.31406984,0.36637586,0.26485327,0.40674984,1537.56091926741,439.6508001183022,0.056131935710139316,0.041510898956046816,0.07964064,0.054376032,blues,blues.00018.wav,c:\Users\darsh\Documents\Codex\2026-04-27\i-am-a-first-year-computer\Data\genres_original\blues\blues.00018.wav
-236.6889,138.40428,-4.9235754,47.647713,5.152376,8.895284,0.48285615,-3.801668,-14.974891,10.432587,-0.35396186,0.78834563,1.7829305,4.2302113,-0.47101688,-6.1056542,-5.387077,-1.3430609,-3.7227938,-4.362499,74.70635,23.166365,34.172825,17.647171,21.601053,9.574511,9.904786,12.6051855,8.792124,10.22606,11.592767,8.970575,8.832467,8.583075,7.9588156,8.9880905,9.773833,9.6274805,8.518503,8.173014,0.19436336,0.19354899,0.15701018,0.25425065,0.3407601,0.14692923,0.13923535,0.24408162,0.43790004,0.5547571,0.2523996,0.17307657,0.2840844,0.2560611,0.24115609,0.2903704,0.36906165,0.2101623,0.21906358,0.28650928,0.30505073,0.4170147,0.22603537,0.235579,1195.4133983085592,499.7222876674399,0.05887114817143963,0.04241648363749193,0.09763429,0.050781094,blues,blues.00019.wav,c:\Users\darsh\Documents\Codex\2026-04-27\i-am-a-first-year-computer\Data\genres_original\blues\blues.00019.wav
-230.42657,127.100525,7.145355,39.784317,1.9449425,17.40534,-5.639429,8.25213,-18.104383,13.842513,-3.760913,2.5718598,-4.3208055,6.8123913,-6.159839,-6.2154546,-4.5115924,-1.8506043,-0.5394865,1.504397,54.645504,19.935543,24.487257,13.249691,10.760222,10.012038,8.914257,8.327552,7.745546,8.527893,8.461935,8.635147,7.9143233,7.8676,7.7892566,7.0458207,7.26744,8.523207,9.7045555,8.595275,0.24988872,0.17251885,0.21738859,0.2925994,0.49657047,0.24946389,0.22612885,0.34282178,0.38833624,0.2994913,0.28352597,0.41485927,0.24572937,0.22808924,0.2792088,0.2567656,0.39616075,0.22890903,0.25157925,0.32006145,0.34743935,0.2977609,0.2616172,0.3575544,1389.9522837601053,320.8151396414133,0.05256015080785604,0.02481177495607362,0.07535405,0.04988359,blues,blues.00020.wav,c:\Users\darsh\Documents\Codex\2026-04-27\i-am-a-first-year-computer\Data\genres_original\blues\blues.00020.wav
-264.67847,138.85834,11.156023,48.538254,14.895925,20.584368,3.205142,1.262588,-15.847021,15.986576,3.3616717,-1.5137409,1.892155,6.3119216,-0.99486226,-2.4167242,-3.6847513,0.4993973,5.050747,-0.7867031,79.659164,31.658894,35.838104,19.26861,15.755783,11.40654,10.956984,10.222084,9.767315,9.229901,8.8989725,8.480931,8.370804,8.279677,9.066076,9.464651,9.694317,10.922235,10.852341,12.190392,0.23320144,0.1618048,0.17967816,0.21733344,0.38632253,0.5575256,0.45657685,0.4428043,0.4035208,0.29652038,0.28424707,0.23417057,0.28088897,0.1827283,0.21638022,0.20762338,0.33356282,0.41604993,0.3528608,0.31567603,0.32856464,0.25609317,0.34189543,0.25446168,1046.7275070203577,540.0754646880034,0.04793735185274768,0.04829025097065128,0.101118095,0.05685033,blues,blues.00021.wav,c:\Users\darsh\Documents\Codex\2026-04-27\i-am-a-first-year-computer\Data\genres_original\blues\blues.00021.wav
-233.85751,136.17209,3.2713182,48.931213,8.685134,13.97951,5.3548675,0.39087018,-13.504575,16.856106,5.130938,-2.2318802,3.9640331,5.318362,0.8122657,-1.0979141,-4.539752,-2.434786,3.313449,-0.6142795,80.59228,30.97792,34.091278,19.602709,17.44671,12.861816,10.272586,11.302638,12.309769,9.099174,10.696426,8.792097,8.120822,9.128711,10.052718,8.963112,8.870395,10.018896,10.920519,11.97588,0.38974732,0.23288271,0.21152747,0.2562979,0.32878277,0.49499997,0.35562563,0.3200953,0.28151292,0.31772664,0.250467,0.23763892,0.3649576,0.23050234,0.27651536,0.2917577,0.31439847,0.40636495,0.3094529,0.30424723,0.26052758,0.31872058,0.28379035,0.23417915,1156.202363121508,560.5751355792314,0.05861340218653251,0.05355133885466522,0.1134315,0.060719416,blues,blues.00022.wav,c:\Users\darsh\Documents\Codex\2026-04-27\i-am-a-first-year-computer\Data\genres_original\blues\blues.00022.wav
-227.26886,137.7307,-14.493466,63.555702,5.612641,11.98464,1.885552,-1.8633765,-7.6205554,-2.4471745,-2.8867247,-9.429529,-10.923913,3.5625575,4.137706,0.09554375,-2.9725447,-1.378875,7.541176,-3.0374627,64.407616,22.50393,35.303543,14.52175,12.356342,9.678051,10.130399,9.341697,9.878339,9.883728,10.202049,9.378918,10.746888,8.305822,8.779295,6.7268453,8.175537,9.086503,9.666952,8.606777,0.20807508,0.27335873,0.18795392,0.20784996,0.48305604,0.22900411,0.12476046,0.16496524,0.28222004,0.65096694,0.36525834,0.1911823,0.25105122,0.3326112,0.24008313,0.19627589,0.38837916,0.19975856,0.19279452,0.21999796,0.21568607,0.36998752,0.25099808,0.22047324,1210.4571260262846,363.0846223028455,0.052482675841718264,0.03298931566314875,0.101914905,0.059668284,blues,blues.00023.wav,c:\Users\darsh\Documents\Codex\2026-04-27\i-am-a-first-year-computer\Data\genres_original\blues\blues.00023.wav
-274.31186,130.41371,-6.3928003,70.405014,13.269141,9.461284,7.7256403,-1.2474906,-0.5775883,-2.3025885,3.783147,0.08482328,-0.93943614,2.2965147,4.2883782,-1.6618618,-10.444595,-6.7975335,-1.066052,-1.5959948,76.93624,22.375292,36.63964,17.646696,15.1845045,12.469622,11.023466,12.256719,9.70369,8.300184,8.762743,8.577574,11.257425,7.948856,8.345617,6.9223866,7.0067477,6.278752,6.6526833,9.138178,0.30606747,0.23341651,0.23148826,0.17517269,0.20543848,0.23799178,0.11788559,0.08235787,0.1276081,0.2973147,0.608955,0.53360045,0.2991325,0.27722827,0.3028665,0.25019237,0.28323603,0.3061611,0.16186364,0.15292367,0.18436222,0.26088247,0.37186602,0.3657079,1120.3909802285903,420.0105191253382,0.047297899937113,0.03285126675852585,0.08696161,0.05012074,blues,blues.00024.wav,c:\Users\darsh\Documents\Codex\2026-04-27\i-am-a-first-year-computer\Data\genres_original\blues\blues.00024.wav
-249.2894,130.98703,0.67739,66.68578,17.897806,4.623737,6.5983086,1.24905,1.4163893,-1.579142,-0.9626631,-3.5719955,-2.9279814,4.596818,7.478901,-0.18313698,-2.8253267,-2.6788447,0.7485471,-0.5342602,63.097847,18.39497,39.751873,17.279259,13.54569,13.16553,9.820876,9.916266,8.703126,9.580453,10.0616665,9.229387,9.29168,7.9050574,9.577049,10.029368,9.348755,8.793169,8.717638,8.226057,0.24268875,0.20951726,0.26639345,0.18093738,0.23689622,0.30532306,0.13582203,0.11215392,0.17645556,0.4369102,0.77591395,0.4127572,0.23247696,0.23928,0.30139524,0.23521048,0.25865957,0.30975348,0.1525254,0.15062131,0.19057025,0.22957632,0.32916453,0.25292757,1109.721378629315,372.4129388140998,0.05172493288022446,0.03659632145372818,0.089179605,0.055826195,blues,blues.00025.wav,c:\Users\darsh\Documents\Codex\2026-04-27\i-am-a-first-year-computer\Data\genres_original\blues\blues.00025.wav
-284.69736,108.8052,9.088283,51.22274,18.091757,7.612261,8.779499,2.362829,0.005786057,2.2509663,4.2050996,-3.293317,1.6082983,2.6657817,3.3244853,3.2600794,-4.558311,0.47801903,5.9297876,3.2283401,78.72231,26.004622,38.027424,17.19745,14.505344,13.483986,11.017855,10.154079,9.670384,10.304088,9.183078,9.884418,8.278565,8.6039915,9.557657,10.747012,11.710986,10.28702,11.854821,13.026426,0.37567386,0.24711093,0.2183106,0.14892963,0.2058145,0.37001505,0.20077418,0.15389934,0.19805415,0.24975106,0.4662293,0.5094305,0.32129413,0.23459865,0.30282184,0.20827782,0.26160353,0.3674782,0.22409508,0.22918767,0.24138327,0.22820781,0.33965477,0.39118215,1198.7544985722175,402.34690852292596,0.051987591911764705,0.038570568194024366,0.076938555,0.07693016,blues,blues.00026.wav,c:\Users\darsh\Documents\Codex\2026-04-27\i-am-a-first-year-computer\Data\genres_original\blues\blues.00026.wav
-228.25066,130.3444,-23.29129,70.1721,1.1422709,7.6024475,0.90993816,1.9782512,-6.167008,-9.396024,-2.5628407,-4.5228944,-0.26295036,0.17933396,-1.5074474,1.4652513,-6.9718475,-8.32218,4.2389526,0.98148614,53.045006,26.254774,30.45399,19.922174,13.483706,12.392956,10.015294,9.411504,7.8687525,9.273236,10.388402,7.6830554,8.23643,7.5543666,8.90211,8.974135,8.062835,9.584707,10.943593,11.4906435,0.39033598,0.23876804,0.28077337,0.24514459,0.41312185,0.29711828,0.20195574,0.12534328,0.16362885,0.21441917,0.33201402,0.5618315,0.29441777,0.24369442,0.32586515,0.24939331,0.36995757,0.26766047,0.28321505,0.21130821,0.21387908,0.2257433,0.2624089,0.39290202,1391.4439037459135,447.3847820799293,0.07235897288602941,0.050426781842714534,0.09572528,0.04683949,blues,blues.00027.wav,c:\Users\darsh\Documents\Codex\2026-04-27\i-am-a-first-year-computer\Data\genres_original\blues\blues.00027.wav
-248.98674,139.0672,-16.2825,57.117985,20.192654,10.188038,4.5439763,0.3312791,-7.8779507,-3.4479153,-2.646489,-2.8313823,-0.9021666,-2.4017205,2.567503,-5.855444,-12.398049,-7.310066,-0.9439507,-2.6873753,70.45575,19.95378,34.153843,18.137451,12.5826235,11.546414,11.243721,10.879306,8.35849,8.276775,8.910005,8.167048,9.771069,7.4166226,7.891943,6.8160906,7.473594,6.1257963,6.974168,9.312645,0.29127097,0.22079146,0.25846356,0.17772096,0.21079667,0.30909222,0.16693705,0.10157758,0.1621763,0.33734414,0.59917134,0.47678855,0.29226273,0.25830284,0.3167244,0.22698474,0.26275936,0.33782607,0.21193855,0.1743075,0.23930223,0.28598562,0.37833536,0.34524003,1115.5411952519341,324.94614980674856,0.04802843217879257,0.028583845087897613,0.09958247,0.0640708,blues,blues.00028.wav,c:\Users\darsh\Documents\Codex\2026-04-27\i-am-a-first-year-computer\Data\genres_original\blues\blues.00028.wav
-233.75082,101.178276,17.649765,23.733782,2.0820305,25.941927,-16.958853,15.098037,-22.278717,4.3951244,-23.207405,-6.057174,-5.068858,1.0673933,-5.7853684,-8.311131,-11.389136,-6.7279487,-10.025587,-14.032895,60.73033,29.759796,19.37721,14.810775,15.089253,11.64793,18.422504,10.653247,9.919083,11.071766,12.938664,9.040496,8.996856,9.997812,9.428632,9.17986,9.916581,9.83148,8.5985365,8.824236,0.26941633,0.35720196,0.4740206,0.43138188,0.28132463,0.2253452,0.20336454,0.22684212,0.24075072,0.31954256,0.1771938,0.16026364,0.322954,0.3120489,0.40078846,0.36443463,0.292546,0.31726027,0.26715067,0.30204794,0.28714257,0.3664153,0.2224549,0.22680491,1649.2877536970093,844.116577006683,0.05292636174535604,0.0569964788512264,0.124669306,0.069402546,blues,blues.00029.wav,c:\Users\darsh\Documents\Codex\2026-04-27\i-am-a-first-year-computer\Data\genres_original\blues\blues.00029.wav
-206.96808,117.792984,23.23588,28.297827,-1.1239153,18.862036,-21.949682,17.849985,-25.585644,2.1299253,-17.794416,-8.015903,-17.607277,-8.139437,-8.648127,-15.528326,-15.317337,-9.66383,-10.0986805,-17.833735,44.998665,27.640547,16.772326,16.167501,13.964349,12.688659,14.560503,11.72113,14.150613,10.150413,8.543368,7.771043,8.536092,9.254873,10.739602,9.264425,8.839042,9.863529,7.4347496,9.539692,0.24510254,0.16382201,0.19979613,0.27149525,0.2921726,0.46710756,0.375355,0.3863892,0.22237656,0.16280456,0.20548458,0.1656464,0.33321652,0.21875526,0.2811047,0.30095506,0.25594684,0.39097875,0.27200046,0.3879688,0.23255834,0.22513197,0.30989966,0.22648741,1378.9657764881297,742.5598956925822,0.03937580120452786,0.030759514337925453,0.17003015,0.056516208,blues,blues.00030.wav,c:\Users\darsh\Documents\Codex\2026-04-27\i-am-a-first-year-computer\Data\genres_original\blues\blues.00030.wav
-221.83113,110.83949,18.616821,30.920137,3.295923,22.587362,-20.416351,12.118737,-26.350498,-4.367485,-26.413198,-13.045098,-12.654766,-1.8243437,-7.258695,-6.661085,-14.686605,-11.720062,-11.023768,-13.388403,50.119884,24.21455,13.784725,13.439664,14.88303,10.032215,17.846128,10.704249,10.423561,10.114692,11.338236,10.3709955,12.0964155,9.751993,10.529498,10.440178,10.160801,10.763692,10.889058,9.9305935,0.1340716,0.28721806,0.44904146,0.3309781,0.15556233,0.10287249,0.19881524,0.28719676,0.24909942,0.41848812,0.24736314,0.18295348,0.19025262,0.28707963,0.39932743,0.3200456,0.22384913,0.17644055,0.3013897,0.38155365,0.2551879,0.38446888,0.2477104,0.30174175,1331.0365912698594,593.5347514951941,0.04296723829334365,0.033113697129623997,0.1515323,0.05651747,blues,blues.00031.wav,c:\Users\darsh\Documents\Codex\2026-04-27\i-am-a-first-year-computer\Data\genres_original\blues\blues.00031.wav
-288.8077,105.89604,18.777039,23.710392,5.711881,25.549088,-13.47376,12.428973,-11.942033,1.5714257,-15.635912,-6.6506157,-11.713253,-2.9383886,-7.3725805,-15.697483,-10.9741535,-10.8895445,-18.505476,-19.103352,72.8932,28.811167,20.835323,18.487328,19.508598,12.826236,15.1079,11.214013,13.991224,11.506952,11.23659,9.026455,10.104417,10.261639,9.061206,7.3844423,7.8258543,6.7085514,7.477589,8.683188,0.35371417,0.2190159,0.19678903,0.18292837,0.22371414,0.2961808,0.3117764,0.43531704,0.27741954,0.2480182,0.2964007,0.2739448,0.38478887,0.22066982,0.26154682,0.28421724,0.2837143,0.34378886,0.29427046,0.40213507,0.25980806,0.30541897,0.3141819,0.2471375,1309.6646971460593,869.8875194588802,0.03939318583107585,0.05621806192176271,0.101156905,0.062732466,blues,blues.00032.wav,c:\Users\darsh\Documents\Codex\2026-04-27\i-am-a-first-year-computer\Data\genres_original\blues\blues.00032.wav
-239.03807,108.65722,34.15189,30.23917,-0.47574344,27.292637,-21.379398,14.150509,-24.510178,-1.8840464,-28.050291,-11.25665,-16.47693,-7.637185,-12.799122,-15.357241,-13.729804,-7.3977785,-10.089319,-13.291538,56.806374,28.653454,16.713604,17.37024,15.392647,11.857561,16.936935,11.793535,10.83934,13.388098,11.275903,9.364659,9.511205,8.889134,7.962122,9.055611,11.879879,8.2939415,8.393451,9.376072,0.3117259,0.21653472,0.17708138,0.15544465,0.24418196,0.45707986,0.3171609,0.23538409,0.21042241,0.26943257,0.28200138,0.25339162,0.32150698,0.257825,0.27468994,0.20941995,0.23741123,0.40194833,0.28432202,0.32344237,0.2662255,0.34602857,0.33158866,0.27710217,1430.5981944868504,837.4770937268804,0.04196988982681889,0.0379496553493765,0.13312429,0.047443505,blues,blues.00033.wav,c:\Users\darsh\Documents\Codex\2026-04-27\i-am-a-first-year-computer\Data\genres_original\blues\blues.00033.wav
-217.23868,105.792366,15.617071,25.256382,-1.4402742,30.18982,-17.71522,17.318172,-27.209526,4.339167,-20.059492,-10.695945,-14.220667,-5.1562176,-3.473266,-6.189413,-15.326928,-6.845921,-9.82767,-13.943093,59.990208,23.115158,18.933636,14.815605,14.70071,10.843642,14.958716,11.252166,10.59742,13.319506,10.741461,8.423242,10.2477865,9.113313,10.062026,8.158462,10.775943,9.668399,9.530916,9.638111,0.23829386,0.32618287,0.4690556,0.38103133,0.24735844,0.23893549,0.19860117,0.21174565,0.23596495,0.31428877,0.15840228,0.12556358,0.319977,0.28572083,0.3955579,0.32895243,0.29098663,0.3339521,0.26493713,0.29758263,0.28461808,0.3551237,0.1992532,0.19075647,1536.7310778930728,584.0842876284809,0.04570040392801858,0.026297618383381533,0.13591798,0.05681256,blues,blues.00034.wav,c:\Users\darsh\Documents\Codex\2026-04-27\i-am-a-first-year-computer\Data\genres_original\blues\blues.00034.wav
-171.8102,120.280624,15.327534,21.090452,-5.419299,24.189468,-24.138222,18.551985,-22.348906,1.3031795,-20.763931,-4.9888506,-17.118929,-7.886533,-15.30893,-9.351313,-8.913868,-8.525088,-14.333636,-19.933723,44.066055,26.339233,16.410706,12.1079235,13.230187,10.922334,12.067552,10.033207,11.810193,10.757241,8.2519865,9.02465,9.299758,7.933983,6.5858765,7.037621,6.5554423,7.5642586,7.5584908,6.9754405,0.19509725,0.17154743,0.25225756,0.29595107,0.3386576,0.37885484,0.29348487,0.2932329,0.28477123,0.35736343,0.39827952,0.19950083,0.27935284,0.21563333,0.31706157,0.31365418,0.31221047,0.3651936,0.26732466,0.32611737,0.28715378,0.3228858,0.36872134,0.21154487,1507.1047288496127,643.6135421108559,0.045430186363196595,0.0239646253594904,0.17330876,0.057787284,blues,blues.00035.wav,c:\Users\darsh\Documents\Codex\2026-04-27\i-am-a-first-year-computer\Data\genres_original\blues\blues.00035.wav
-200.19609,116.34013,18.00621,25.313564,0.29173443,24.192476,-22.255907,11.186425,-26.848732,-7.6384597,-24.889929,-12.015525,-17.017954,-8.120277,-11.956443,-12.609149,-14.181588,-8.206693,-15.028046,-10.327059,53.639206,22.017796,14.098095,17.055521,13.399639,9.99952,17.523314,9.751172,9.858025,10.522113,11.091403,9.940616,8.813387,9.186008,8.930819,9.784341,9.709867,9.467732,8.095962,9.702635,0.26505947,0.13887763,0.13094985,0.14859883,0.25637916,0.4999785,0.2702742,0.12934479,0.17703041,0.24998264,0.3173722,0.21450484,0.34826136,0.21443932,0.24174418,0.2246581,0.24428368,0.40668857,0.2452804,0.21816316,0.3015897,0.30873302,0.39627936,0.25289637,1247.4080160193946,513.7195674698337,0.03690378289473684,0.01867459484688581,0.19774859,0.06866755,blues,blues.00036.wav,c:\Users\darsh\Documents\Codex\2026-04-27\i-am-a-first-year-computer\Data\genres_original\blues\blues.00036.wav
-328.68088,102.71113,19.895552,26.732681,7.151481,22.704802,-6.9743266,12.781994,-10.7257805,-0.4336611,-12.373165,-8.907053,-9.2401085,-9.106373,-9.001113,-7.6363454,-7.1891537,-9.366816,-4.469685,-3.6831248,86.36875,25.157715,26.520039,13.050382,15.905884,15.76667,14.4408,12.450975,12.59991,9.147375,10.48921,10.537226,11.236177,11.556875,13.733203,13.930094,12.578861,13.279711,11.937344,13.265839,0.32037565,0.12673254,0.087963976,0.19923995,0.3410182,0.6233105,0.3519902,0.1995106,0.2057763,0.17814232,0.16852276,0.18161835,0.37858352,0.164385,0.15844521,0.29062054,0.26908794,0.38373852,0.24382098,0.26764968,0.32343486,0.26743534,0.2906456,0.23828936,1188.1011591132929,608.110605863039,0.04816032858455882,0.03568096538436703,0.069129966,0.047238857,blues,blues.00037.wav,c:\Users\darsh\Documents\Codex\2026-04-27\i-am-a-first-year-computer\Data\genres_original\blues\blues.00037.wav
-192.69382,111.18816,21.37331,26.392143,-0.6483752,23.48088,-25.470795,16.924429,-16.979984,5.79015,-25.725246,-5.045352,-17.632244,-7.9208665,-15.150279,-12.345927,-17.235107,-7.7819333,-13.042012,-17.948874,56.739044,27.56909,17.267372,15.827249,13.802648,13.057931,10.97177,11.921766,13.807707,9.874645,9.267196,8.560281,9.009292,7.599789,9.779815,8.140284,8.47281,8.196815,8.71113,7.6850114,0.12093214,0.101037785,0.17656419,0.35501835,0.26481798,0.2447436,0.2914575,0.31145883,0.34649324,0.31772676,0.4434209,0.21708667,0.2438137,0.19525254,0.21089199,0.36707622,0.27045956,0.2538746,0.33647045,0.32247883,0.3784411,0.28207687,0.3814429,0.23340498,1513.5200525685516,742.8313017098624,0.044378038530379256,0.04489877912957517,0.1680856,0.062646054,blues,blues.00038.wav,c:\Users\darsh\Documents\Codex\2026-04-27\i-am-a-first-year-computer\Data\genres_original\blues\blues.00038.wav
-301.70715,111.53472,21.896408,16.14818,8.19624,22.085075,-8.614954,1.4815573,-17.084373,-8.345809,-17.013063,-10.57562,-15.689096,-12.605565,-12.253903,-14.553244,-10.10251,-5.785535,-7.775144,-7.1861954,71.19023,24.37523,17.374683,15.562968,16.855888,11.763415,16.760614,11.000077,10.639834,10.656773,10.321919,9.448168,8.853007,9.092191,9.54308,12.045946,11.945543,8.875916,9.422666,11.727061,0.3304924,0.22631808,0.18006529,0.16500486,0.28336158,0.48211756,0.24665101,0.14493412,0.17802908,0.28716657,0.28442958,0.2557289,0.3665548,0.26131374,0.2702346,0.22568114,0.26293087,0.41634405,0.23329559,0.24259834,0.23911388,0.35588434,0.35797074,0.28081018,1151.378029921571,717.654794737246,0.03533878857875387,0.03076238592057611,0.08583747,0.05129097,blues,blues.00039.wav,c:\Users\darsh\Documents\Codex\2026-04-27\i-am-a-first-year-computer\Data\genres_original\blues\blues.00039.wav
-110.284325,90.705605,-2.5283113,74.052734,-11.746768,39.214577,-13.1743,20.531588,-17.167608,12.827254,-21.434446,5.952132,-8.032604,4.243276,-16.482641,6.545287,-5.6936355,-3.6378522,-4.857603,1.8532672,35.878113,15.167055,15.0864725,10.682729,10.651399,8.131296,9.294344,7.0995426,6.857616,9.664527,6.412121,7.0075226,6.8647223,6.7987924,5.825399,5.9532557,6.292524,6.023805,6.9476113,6.785187,0.37617862,0.45132107,0.35582402,0.43828756,0.29016563,0.28402334,0.32641563,0.48981035,0.67040086,0.45774195,0.33629033,0.29706368,0.27693,0.32083523,0.2269194,0.3227472,0.20406947,0.23038988,0.23661456,0.2653909,0.3192033,0.25348866,0.25541937,0.20321594,2272.5176192636222,449.9797814498318,0.09765700585332818,0.03718772697787366,0.13483502,0.027908027,blues,blues.00040.wav,c:\Users\darsh\Documents\Codex\2026-04-27\i-am-a-first-year-computer\Data\genres_original\blues\blues.00040.wav
-107.18975,88.47057,-4.177788,55.48549,-8.01038,38.416542,-6.402575,28.576523,-19.820787,13.252739,-19.239794,12.076225,-4.583088,3.789716,-16.9937,11.624961,-7.362244,-3.657815,-7.1791234,1.9747294,37.677284,19.470879,18.012087,11.380266,10.343913,8.398808,9.457869,9.260255,7.405511,11.172143,8.289798,7.2397523,7.539093,6.886679,6.371404,6.272177,6.5991173,8.045523,7.5075345,6.813668,0.3245605,0.35915053,0.419727,0.56741136,0.3038176,0.25177103,0.32479158,0.39408123,0.45383787,0.42725965,0.4913418,0.32737902,0.2715115,0.30035594,0.27183744,0.36193508,0.21274239,0.21668406,0.25716394,0.27292973,0.31822115,0.2668184,0.32909304,0.23435937,2390.7715766040606,553.7759667647165,0.10228887504837461,0.03994803263481814,0.12912002,0.029550284,blues,blues.00041.wav,c:\Users\darsh\Documents\Codex\2026-04-27\i-am-a-first-year-computer\Data\genres_original\blues\blues.00041.wav
-159.56772,69.78482,-4.39188,76.851135,3.9159086,45.167534,-4.867353,32.200516,-9.796341,7.812512,-21.826967,9.68244,-2.5915892,3.3045378,-14.970442,10.232262,-4.08953,-5.8507586,-2.470001,6.6611314,49.402905,15.499964,22.704235,10.563346,10.905473,6.404392,7.6270676,6.7155423,8.270694,8.185381,8.5084715,6.3728476,8.91886,8.886941,8.193774,9.053178,8.207473,9.799273,12.817007,10.446841,0.4520205,0.48421323,0.34609014,0.24884073,0.3126026,0.3653853,0.42622957,0.36145955,0.329645,0.34400037,0.3950585,0.4666782,0.31818953,0.33802906,0.25500122,0.2132906,0.2648984,0.29013723,0.32485613,0.30464712,0.2861076,0.2779432,0.31729975,0.3436574,2302.0756478879343,452.7272665689078,0.09786448759191177,0.04272208046263614,0.11095126,0.022970853,blues,blues.00042.wav,c:\Users\darsh\Documents\Codex\2026-04-27\i-am-a-first-year-computer\Data\genres_original\blues\blues.00042.wav
-109.194984,100.62705,-8.620549,47.36422,-6.559237,39.620792,-8.523994,29.564737,-16.583515,13.170685,-24.20932,6.5919027,-8.641899,4.917566,-15.442783,1.5376118,-6.739273,1.4151819,-3.9658139,3.2878773,46.979744,15.189344,19.57143,9.1129265,9.474176,9.614017,9.541743,6.400323,7.653522,10.657838,6.421553,7.9370227,6.5860963,6.2334113,6.21961,6.20933,6.686439,8.71334,6.364548,8.257393,0.4472541,0.31540957,0.32273528,0.36775562,0.40908068,0.36744946,0.4641902,0.3803586,0.41961047,0.38539648,0.39044076,0.5189121,0.30171537,0.25201523,0.265128,0.29575717,0.30673,0.25679043,0.31697315,0.24194054,0.317958,0.26977,0.25888377,0.33571208,2155.6312958781195,433.8103952019182,0.08716538373161764,0.03500117514815884,0.12724723,0.036236584,blues,blues.00043.wav,c:\Users\darsh\Documents\Codex\2026-04-27\i-am-a-first-year-computer\Data\genres_original\blues\blues.00043.wav
-109.53234,86.9265,-8.624988,64.4895,-6.306033,43.64582,-8.293101,28.546427,-14.08159,8.136634,-21.490425,11.086615,-5.0944667,3.9787703,-12.864777,12.342426,0.020586587,-0.7392394,-5.13045,3.3071303,28.748568,15.097681,16.685371,9.073116,7.424357,6.2325554,7.187097,7.4103127,8.81322,9.246449,8.340617,9.750324,9.564591,8.298535,7.267037,7.829472,8.559997,7.5042186,9.798366,9.623665,0.31801394,0.43596917,0.43366367,0.4646153,0.31475484,0.26139686,0.32799366,0.35045728,0.480825,0.46867678,0.4981516,0.3274022,0.23810673,0.31468612,0.27108097,0.3410835,0.23274396,0.1966478,0.28483424,0.25501236,0.35002038,0.2912475,0.34476522,0.22857562,2279.265543032408,413.45338890269977,0.09257049088138544,0.030007162506780354,0.136178,0.021601217,blues,blues.00044.wav,c:\Users\darsh\Documents\Codex\2026-04-27\i-am-a-first-year-computer\Data\genres_original\blues\blues.00044.wav
-163.24313,89.78488,12.977459,80.69248,3.6667745,39.74513,-5.4003787,26.49867,-13.163736,2.7070131,-20.552906,6.0071893,-2.9081323,-0.43483505,-17.545372,4.154168,-5.9900985,-7.8620358,-8.565295,1.8571713,25.894104,14.411772,11.619854,6.583356,5.7342224,6.231464,6.6294436,5.619318,6.1616793,5.993094,6.2388144,6.1441875,7.0898404,5.6559606,6.2337303,5.653897,6.005536,5.65389,5.641363,6.544448,0.41372737,0.37703586,0.32707846,0.37675837,0.3157827,0.2881881,0.3601198,0.4305917,0.5448143,0.5708022,0.6339837,0.51776546,0.2966535,0.27215183,0.21778761,0.30539748,0.23029049,0.22548428,0.27471927,0.28830227,0.31035826,0.28504035,0.33312815,0.2992254,1739.0461604116053,380.77886545287856,0.048051863631965945,0.016320103242275348,0.14830446,0.026622588,blues,blues.00045.wav,c:\Users\darsh\Documents\Codex\2026-04-27\i-am-a-first-year-computer\Data\genres_original\blues\blues.00045.wav
-182.66501,90.68653,14.118146,67.55459,2.6876104,38.431614,-8.420627,24.123554,-13.787512,4.8449693,-16.676622,5.823079,-5.1492887,0.19378847,-14.486603,6.864802,-4.4448314,-2.9868774,-4.8211694,5.399324,47.64554,21.247242,16.351315,13.175603,10.841653,8.112805,12.129936,8.499423,7.736543,7.6656685,6.6674166,6.515848,7.040258,5.9955125,6.341234,5.52321,6.3371925,5.11617,5.9737935,6.859735,0.29619077,0.41959465,0.42356646,0.48048759,0.36386973,0.26518154,0.34930357,0.40148488,0.50971675,0.45436853,0.39031193,0.30084455,0.26420894,0.3375644,0.2843346,0.34579647,0.27260843,0.22224002,0.28706476,0.28005484,0.3498208,0.31262738,0.33703065,0.27551067,1912.443629773089,575.8147340739963,0.05842595056114551,0.030114251431500618,0.1025371,0.030762052,blues,blues.00046.wav,c:\Users\darsh\Documents\Codex\2026-04-27\i-am-a-first-year-computer\Data\genres_original\blues\blues.00046.wav
-149.97588,93.640755,6.336243,71.51115,-8.113177,36.21202,-9.784972,17.641598,-21.119005,-0.12590306,-22.20099,5.435663,-7.4677796,-4.3329644,-12.409764,9.624794,-5.02424,-3.7063131,2.3359406,4.1622434,33.248043,13.940579,13.134135,9.87239,9.827999,6.243899,7.15745,8.127805,7.441288,8.030063,6.3848066,5.9211693,6.4879336,6.376143,5.592808,6.8175635,6.1832814,6.7732773,7.3213186,6.601189,0.3113162,0.4599725,0.27087128,0.32150218,0.53853405,0.30842108,0.3324156,0.31175807,0.4304753,0.25547966,0.21191932,0.2845856,0.22686388,0.35628155,0.21076876,0.24451807,0.3936754,0.20576498,0.33532408,0.23067184,0.32115477,0.22685757,0.20964897,0.30543143,2013.3644495068743,403.25575358423663,0.07534497145897832,0.02898383071360161,0.11219596,0.022986155,blues,blues.00047.wav,c:\Users\darsh\Documents\Codex\2026-04-27\i-am-a-first-year-computer\Data\genres_original\blues\blues.00047.wav
-106.34815,102.64147,-20.172258,59.37521,-9.967279,33.70612,-14.182176,23.516735,-13.329085,16.026072,-18.923176,7.8317666,-7.8003836,4.0504375,-11.348732,2.0717623,-5.7422748,0.46529803,-1.9167938,-3.1317525,38.921463,16.337152,19.256971,11.132086,11.407001,7.72154,10.855754,9.680226,7.8783393,8.864678,7.872163,8.304169,7.1171713,7.334733,6.1036744,6.8545103,5.674427,8.110833,8.079482,6.827466,0.32915515,0.39682308,0.41826907,0.4691429,0.29863626,0.27471393,0.3267257,0.38416067,0.4592265,0.40055266,0.47301924,0.32249963,0.2807274,0.3140469,0.27220926,0.32840073,0.22494693,0.2403102,0.27642137,0.26602495,0.3182423,0.2676735,0.33287582,0.22924957,2148.749819335174,407.54037315187526,0.09881232766544118,0.03616616794604211,0.12392563,0.030320479,blues,blues.00048.wav,c:\Users\darsh\Documents\Codex\2026-04-27\i-am-a-first-year-computer\Data\genres_original\blues\blues.00048.wav
-255.97383,110.82752,21.460573,67.588135,4.2883115,43.11846,-4.508348,10.442597,-8.718592,1.6548898,-20.58779,-2.430674,-7.144061,-11.172762,-12.612459,2.7417226,-8.942421,-7.946157,-2.3538344,-0.71479535,56.268208,25.847937,18.763063,14.287946,14.052718,9.076972,8.623626,8.7017565,10.130153,8.96156,8.327671,7.7540817,8.128005,7.7128367,6.5505137,7.133616,7.72463,7.6939955,8.3893175,9.092851,0.2745373,0.3656733,0.34684438,0.32847908,0.21961534,0.23861669,0.18790069,0.1745793,0.21846324,0.2568943,0.42267102,0.29683062,0.3027994,0.36087424,0.28681675,0.32647946,0.23106271,0.31684056,0.24425115,0.23632891,0.2816076,0.21696903,0.39784184,0.24441597,1318.6237037811225,642.108462114213,0.03997292533378483,0.027574162439430464,0.08856345,0.02138667,blues,blues.00049.wav,c:\Users\darsh\Documents\Codex\2026-04-27\i-am-a-first-year-computer\Data\genres_original\blues\blues.00049.wav
-83.00168,107.06744,-25.32368,57.122074,0.08129864,34.708904,-11.047215,20.53328,-11.220151,14.839782,-10.229966,12.542858,-9.772627,2.560521,-6.298749,3.0084887,-8.717001,-0.32524619,-2.9847343,0.7146168,50.086,17.731567,18.459555,14.294721,11.751493,8.546209,10.087645,7.2216797,7.8038473,7.6935725,6.6168017,7.102965,6.7176075,6.720517,6.825884,5.8169093,6.22794,7.5466413,6.5135,7.454405,0.42411488,0.31023794,0.3849946,0.4273915,0.45153162,0.3644456,0.4061641,0.30242804,0.32740864,0.39381948,0.4418067,0.57656395,0.25318503,0.22961923,0.30481192,0.2836826,0.33646718,0.25622493,0.3163615,0.2393652,0.27929044,0.30691716,0.2960441,0.35808128,1945.6207939267476,383.88741999010335,0.08580598152089783,0.034928695269452505,0.18233933,0.06304518,blues,blues.00050.wav,c:\Users\darsh\Documents\Codex\2026-04-27\i-am-a-first-year-computer\Data\genres_original\blues\blues.00050.wav
-55.59663,114.95122,-37.06935,64.90438,-7.164943,15.254703,-16.23533,18.643576,-9.752286,21.46539,-5.6520977,12.78424,-16.537031,3.797079,-7.8952417,8.47764,-4.0678988,3.2060173,-5.1801424,-1.2800465,31.829872,17.848873,14.322847,8.300191,9.678401,10.725654,9.887148,8.827359,8.275676,8.566148,8.486259,9.965743,7.4745545,7.361072,7.6017647,7.5050526,6.8635826,7.0841236,7.3961473,7.6160398,0.27397332,0.2973973,0.3632404,0.48123443,0.54962146,0.41552517,0.3547118,0.39161906,0.44028136,0.38726237,0.3819838,0.3876862,0.21651563,0.24880682,0.2693415,0.29468173,0.32296744,0.27297267,0.25990617,0.28709054,0.32180098,0.31110397,0.28549266,0.2882584,1977.1089040094187,370.50678833479896,0.1066270952254257,0.030753901057487897,0.19665055,0.041328505,blues,blues.00051.wav,c:\Users\darsh\Documents\Codex\2026-04-27\i-am-a-first-year-computer\Data\genres_original\blues\blues.00051.wav
-225.30031,117.64152,-14.544607,64.80238,12.931657,19.029236,10.688534,9.883124,-2.382837,11.688009,1.5453439,3.0493674,-7.628483,-8.961092,-4.3512707,-0.06528475,-2.5532408,-3.436927,-3.8674521,1.3170228,88.708855,25.920029,28.568796,13.206562,17.741417,15.860204,14.028731,10.623294,10.08331,8.108187,7.8905387,7.7054734,7.394865,9.345339,7.1590085,6.9420276,6.8312407,9.5627365,9.723206,9.079399,0.4035819,0.29704344,0.24479203,0.19054854,0.26879275,0.33137187,0.42052042,0.623737,0.42846072,0.29913145,0.27262378,0.2881241,0.3886703,0.27520043,0.265677,0.20352766,0.26273838,0.28932467,0.25906733,0.38601747,0.28159353,0.2569247,0.2855283,0.2563073,1443.2688618053005,669.885141113908,0.06719384916795666,0.055548805665320465,0.098878264,0.05475379,blues,blues.00052.wav,c:\Users\darsh\Documents\Codex\2026-04-27\i-am-a-first-year-computer\Data\genres_original\blues\blues.00052.wav
-76.75777,105.77048,-43.208836,60.950108,-8.791272,21.246782,-12.877674,18.621216,-11.3991165,14.550057,-6.057421,12.74034,-9.374367,1.3606244,-3.6204464,7.0045776,-4.0630016,-0.2688595,-3.7049413,-0.4966115,53.91492,20.797628,19.769321,20.19015,14.2785225,11.005673,12.86428,12.1974535,7.5521464,8.861442,8.304399,8.029878,7.406716,8.014502,7.5576897,6.6829615,7.7833443,7.2532043,7.387239,7.5396895,0.42383057,0.46404892,0.43576172,0.44259846,0.30321595,0.39073184,0.49989358,0.39941624,0.41729727,0.36348483,0.4058841,0.40372682,0.2777406,0.30789676,0.2959336,0.30751634,0.22778805,0.2718814,0.3255298,0.27187434,0.31465143,0.27322012,0.28255662,0.29984042,2171.1586190945404,412.2916009983587,0.13280229598006965,0.04846691288105842,0.16826628,0.060638655,blues,blues.00053.wav,c:\Users\darsh\Documents\Codex\2026-04-27\i-am-a-first-year-computer\Data\genres_original\blues\blues.00053.wav
-58.0011,109.01412,-36.218388,64.04036,1.4301568,26.315119,-17.482681,20.431017,-9.543072,18.177134,-6.057144,13.878274,-11.297565,4.668999,-6.410602,3.2177243,-8.079231,-1.7114851,-5.424766,-2.5814133,41.790462,21.27297,17.445034,12.273864,13.40582,9.352259,12.2768545,7.7694035,7.6444077,7.9606586,7.8374734,7.9798007,6.5353885,7.6937366,6.157158,6.5110335,5.783521,6.5795527,5.931164,6.1998897,0.36941296,0.47348768,0.54716074,0.48001945,0.5049681,0.38620514,0.4074096,0.42260236,0.4990712,0.5493311,0.4288866,0.3659525,0.254955,0.26774067,0.31166375,0.25643426,0.31157628,0.25104064,0.2904088,0.26016343,0.2846952,0.30925998,0.24222845,0.24379711,2030.3725287964605,470.05483805405834,0.10338599615421827,0.04376583803985729,0.20081738,0.05973566,blues,blues.00054.wav,c:\Users\darsh\Documents\Codex\2026-04-27\i-am-a-first-year-computer\Data\genres_original\blues\blues.00054.wav
-98.69757,104.80117,-35.10867,60.695045,-2.839327,22.231003,-7.8374567,19.03072,-11.578803,17.021759,-5.387352,12.199111,-9.960819,0.35878804,-4.2613454,6.1379223,-4.8302402,1.4995236,-1.4942467,3.5056384,57.74339,18.436836,18.689377,16.873322,12.452478,11.219764,10.403761,10.220307,7.167099,10.253882,7.6049805,8.244773,7.627303,7.4434967,6.5871425,6.65705,7.547618,6.596515,8.363634,6.3524013,0.4244275,0.37559193,0.3971729,0.31778726,0.47164756,0.47915965,0.5307233,0.56787735,0.40186402,0.40485865,0.41310215,0.40983737,0.31585968,0.25934058,0.28939876,0.23274606,0.29745057,0.29077667,0.2927856,0.35263342,0.27607748,0.2818402,0.2953984,0.26368436,2032.1200141615245,437.1072701908733,0.11316673822078173,0.05027458263338556,0.15775262,0.06557126,blues,blues.00055.wav,c:\Users\darsh\Documents\Codex\2026-04-27\i-am-a-first-year-computer\Data\genres_original\blues\blues.00055.wav
-145.42917,102.859566,-12.5421295,56.96205,2.2472627,26.607046,-4.2670345,17.337631,-7.9970355,15.232127,-6.937478,7.4603844,-10.468326,-2.3522398,-6.785084,2.668579,-4.7798715,-0.94475657,0.030942792,-2.0021632,68.025696,23.049591,18.82324,16.705215,16.146055,13.806886,13.823071,10.403022,8.964413,9.082201,6.9432025,10.203325,7.057501,9.615319,8.8602295,6.8253164,8.550663,7.932606,9.545175,7.3002853,0.30068392,0.26945338,0.3997365,0.40748307,0.51919645,0.42089772,0.4363144,0.42180547,0.3778806,0.39052692,0.34542623,0.41914046,0.24521013,0.21609439,0.30191305,0.25435305,0.35148507,0.2922367,0.2938955,0.3230993,0.2857442,0.33508986,0.2613672,0.331261,1810.9603368829592,589.2471333098248,0.07547951335139319,0.041213635699253966,0.13766219,0.057110447,blues,blues.00056.wav,c:\Users\darsh\Documents\Codex\2026-04-27\i-am-a-first-year-computer\Data\genres_original\blues\blues.00056.wav
-92.76854,115.340775,-35.060043,57.853596,1.8453194,26.61206,-14.544862,22.132044,-8.207086,11.007707,-5.6440945,7.2728615,-10.202147,1.3271272,-4.106722,0.97495973,-6.5505667,-0.68358755,-2.1250021,-1.5218054,55.972378,22.854706,20.218718,18.190098,17.37288,12.355355,12.20724,10.488264,8.489207,10.186832,8.931248,8.384762,7.5254083,8.203899,8.319855,6.9353275,5.9767327,6.8008986,6.8947563,7.076435,0.41189933,0.36027265,0.40026212,0.43002853,0.48665512,0.4606785,0.511973,0.38285995,0.35020974,0.37517917,0.40800443,0.51383716,0.26937443,0.24617618,0.2818865,0.27684256,0.32108092,0.2641245,0.33083448,0.25621086,0.27540085,0.28038788,0.279813,0.34111983,1886.705706255258,503.4915001350589,0.08992387045278638,0.03919053771719102,0.17587894,0.05973548,blues,blues.00057.wav,c:\Users\darsh\Documents\Codex\2026-04-27\i-am-a-first-year-computer\Data\genres_original\blues\blues.00057.wav
-95.45586,105.22937,-26.962673,60.836983,-4.847295,21.54521,-13.523774,12.135234,-20.232872,12.151344,-5.229753,10.264026,-9.45371,3.8617477,-10.19307,3.5859,-3.0982797,0.2006809,0.8410299,-3.420522,56.730705,24.767414,19.399773,10.807546,12.35181,12.959323,10.89971,10.16805,9.508672,9.26716,8.556035,7.878365,8.147224,8.203078,7.700232,7.284246,6.9531717,7.6168413,8.135456,7.7942452,0.34883454,0.46315828,0.412245,0.48273918,0.3061274,0.28170225,0.3720431,0.3049812,0.3380918,0.29305053,0.2866458,0.39040124,0.25964198,0.3497632,0.276006,0.33779112,0.2478919,0.24074201,0.31842738,0.24846184,0.29680997,0.26362517,0.24470519,0.34545922,2068.3276532886216,532.532478266014,0.10437162889415634,0.04393353270571209,0.16195586,0.06921854,blues,blues.00058.wav,c:\Users\darsh\Documents\Codex\2026-04-27\i-am-a-first-year-computer\Data\genres_original\blues\blues.00058.wav
-86.25098,91.9421,-23.4035,68.2495,-3.8901277,22.74218,-9.895618,16.891766,-11.393833,18.429016,-7.011848,10.766728,-11.93729,1.0025737,-5.922303,5.314186,-6.139845,1.9491451,-5.0979905,-0.66548777,50.78418,17.92661,15.449378,11.966831,15.110105,12.817476,11.2094555,8.376993,7.744341,8.578916,6.432299,7.4396086,7.6532483,6.549404,7.3092823,6.3472204,6.922502,7.581248,7.344695,6.3077693,0.45165232,0.404282,0.41462448,0.2745217,0.37102687,0.44361144,0.43186998,0.5268197,0.3669961,0.39417797,0.4088737,0.384364,0.3227665,0.283955,0.3157476,0.20815295,0.27070695,0.30469704,0.2508386,0.34147644,0.24493042,0.29540965,0.3009645,0.26320654,2235.9219734301396,489.20793007098604,0.14228825524864552,0.06490177105601948,0.16994148,0.06523968,blues,blues.00059.wav,c:\Users\darsh\Documents\Codex\2026-04-27\i-am-a-first-year-computer\Data\genres_original\blues\blues.00059.wav
-67.805534,111.709366,-34.657307,61.34179,0.045181274,30.571093,-12.704326,21.166828,-13.13489,16.2878,-6.343271,12.295478,-12.483006,1.6834177,-5.1477942,4.646902,-6.9180565,1.0482739,-4.73902,-0.6583496,40.13649,17.547247,14.935414,15.109496,13.24554,10.644033,10.468065,9.5824995,7.455934,8.569169,6.169791,7.082756,6.3551407,6.392707,6.076106,6.2793603,5.7625546,6.8279724,7.484346,7.0865607,0.31159997,0.36686873,0.44531897,0.43716994,0.56559175,0.41455653,0.4237628,0.38662875,0.4655995,0.5952805,0.4216986,0.33708864,0.23297426,0.2413003,0.30797908,0.24961986,0.32881472,0.24332748,0.2853084,0.26137826,0.27461633,0.32931024,0.250779,0.23477353,1946.5344115984576,353.5431150324762,0.09745368130804953,0.03737641302462226,0.19614176,0.05874354,blues,blues.00060.wav,c:\Users\darsh\Documents\Codex\2026-04-27\i-am-a-first-year-computer\Data\genres_original\blues\blues.00060.wav
-82.485886,94.170334,-27.139204,75.66251,-27.529984,35.58903,-20.298962,25.121317,-15.379852,11.346787,-13.4022875,8.153382,-8.504349,8.285464,-10.359799,-3.4602375,-5.226152,-2.5910995,-8.365251,-6.9781165,32.275723,14.43215,12.876875,7.440472,8.232283,6.5060577,7.022338,7.393479,6.9097147,7.5141964,7.407376,7.0775895,8.042338,8.527643,8.486935,7.0808654,5.746103,6.180421,8.523694,5.990988,0.36946583,0.31469265,0.54774404,0.3568965,0.52154624,0.45586115,0.4422588,0.48695117,0.3673062,0.55969346,0.49255216,0.5081907,0.2472791,0.18634896,0.2839727,0.20909831,0.29607382,0.24869426,0.26114383,0.31468302,0.20699184,0.2989291,0.28606465,0.2901627,2503.952796432079,403.77171020523764,0.16758439858262383,0.05048480330342755,0.14170721,0.024906576,blues,blues.00061.wav,c:\Users\darsh\Documents\Codex\2026-04-27\i-am-a-first-year-computer\Data\genres_original\blues\blues.00061.wav
-144.99365,95.742805,-21.61032,49.62971,-29.898346,29.358595,-18.849941,17.890139,-9.674273,5.5135674,-9.5545635,6.3690124,-21.091816,2.4598293,-9.537454,-1.4153433,-9.326942,5.140728,-8.113004,-2.449215,42.683697,26.677668,20.495413,13.649544,16.374376,12.086357,15.779714,9.581666,10.388695,8.794595,8.613421,10.402982,8.889981,9.511781,8.414478,8.90213,9.518553,14.844091,10.138572,10.469564,0.44032943,0.2965157,0.29633328,0.27835357,0.2617172,0.44035372,0.2777017,0.34898996,0.35150152,0.2491378,0.24539757,0.25549772,0.35484892,0.26162207,0.29245466,0.26405892,0.24671099,0.38671637,0.25168955,0.3375859,0.3324913,0.27249402,0.29348746,0.22579448,2279.808618295741,649.9564353800652,0.11714895148026316,0.061511483579146375,0.10619286,0.029403226,blues,blues.00062.wav,c:\Users\darsh\Documents\Codex\2026-04-27\i-am-a-first-year-computer\Data\genres_original\blues\blues.00062.wav
-129.11397,72.11977,-7.765847,49.26091,-32.721977,21.608433,-27.37464,15.002844,-10.258776,12.437438,-17.034569,7.118173,-18.020405,2.9276602,-14.486264,4.062063,-14.537419,7.2582917,-8.20802,-1.9981062,45.12903,20.64157,24.3766,11.91869,10.362789,8.862955,13.717813,7.259599,11.020269,7.2050767,7.5667787,8.279775,8.136256,6.847246,8.35447,7.534234,8.168277,8.994842,9.0225115,8.768538,0.4729351,0.3148309,0.33855316,0.3452724,0.28411847,0.4132329,0.2926374,0.29421967,0.30484644,0.32462752,0.28528935,0.29421902,0.35253072,0.23641345,0.3290616,0.30545804,0.23434997,0.35271916,0.26394904,0.29296392,0.31744245,0.30050197,0.2872418,0.22863653,2839.267572265232,537.8106853667489,0.15435583155959753,0.05536551395836385,0.096282795,0.04163391,blues,blues.00063.wav,c:\Users\darsh\Documents\Codex\2026-04-27\i-am-a-first-year-computer\Data\genres_original\blues\blues.00063.wav
-85.17353,88.81205,-16.331642,59.223236,-35.993603,14.391535,-22.306257,9.651896,-14.823916,11.181605,-14.808832,8.478196,-19.59089,6.4134293,-13.782541,6.1157637,-13.154796,3.9341369,-7.6171,3.7527044,29.802996,13.120525,13.800973,11.406731,8.837474,6.4052744,7.1550245,7.3110046,6.7260404,6.7619667,6.493383,6.0455236,6.149534,6.496256,6.361636,6.242176,6.6578183,6.9293985,6.5820627,6.3992395,0.5866406,0.30649665,0.370014,0.26211166,0.30945206,0.60768706,0.24195568,0.2556208,0.23626326,0.3243492,0.19706704,0.29215702,0.35062048,0.1740855,0.32932672,0.23047154,0.1928095,0.35615742,0.16359034,0.24648546,0.23566666,0.2734116,0.19559696,0.19629009,2553.2225631938227,328.53283294631166,0.14685171971749225,0.03254157297223645,0.11736054,0.023370555,blues,blues.00064.wav,c:\Users\darsh\Documents\Codex\2026-04-27\i-am-a-first-year-computer\Data\genres_original\blues\blues.00064.wav
-118.37033,74.86732,-19.869467,46.947586,-32.569054,23.835135,-26.374111,17.692514,-13.826244,11.946739,-17.888779,7.5559816,-22.900583,4.764417,-12.797208,5.6202664,-14.7387495,6.6824026,-9.169973,-2.2361934,34.392292,24.618467,18.496996,11.247219,11.349248,9.156273,12.564975,7.4685826,8.638019,8.283414,7.8866673,8.182704,6.789591,7.966542,8.7267885,7.610267,9.50012,10.130565,11.659667,10.045779,0.5685389,0.26252845,0.21288581,0.2441617,0.27325183,0.24869736,0.24989323,0.42419127,0.21923977,0.22793421,0.27069864,0.31032965,0.40317655,0.20627552,0.23411295,0.26886225,0.28028086,0.27601537,0.23646569,0.35901275,0.2183236,0.27558964,0.30397764,0.22361061,2816.7459196931127,589.6449713216034,0.14631846519446595,0.05052950067317384,0.10030478,0.029393932,blues,blues.00065.wav,c:\Users\darsh\Documents\Codex\2026-04-27\i-am-a-first-year-computer\Data\genres_original\blues\blues.00065.wav
-116.546364,97.444626,-13.895614,48.974857,-22.594566,27.76544,-20.240068,18.63935,-14.6516695,8.481435,-16.655897,11.001678,-13.869425,9.742047,-5.09433,2.6373723,-9.890765,6.1601152,-7.6891356,-4.851008,39.871937,22.476055,17.079191,12.439756,12.745575,8.904487,13.646211,8.125933,8.596005,7.1695347,8.360844,9.096074,8.63258,8.724988,8.708261,8.957879,7.4528055,9.998928,9.512688,8.719205,0.34520912,0.3324325,0.43564317,0.30340582,0.38848293,0.35458744,0.311202,0.3524126,0.30162224,0.43754673,0.46907175,0.4664812,0.27578866,0.2652731,0.34609506,0.22966264,0.29720688,0.29002276,0.2618647,0.3325313,0.23924501,0.32834488,0.31568852,0.29511642,2340.3362115325713,589.51846742577,0.1217751517753483,0.06325598886261481,0.11046952,0.02652226,blues,blues.00066.wav,c:\Users\darsh\Documents\Codex\2026-04-27\i-am-a-first-year-computer\Data\genres_original\blues\blues.00066.wav
-95.46325,101.38038,-20.697004,48.66807,-30.27181,20.812763,-18.313585,14.14687,-12.79889,13.44428,-14.0782,7.732656,-19.232273,2.8622494,-9.816176,6.9179144,-11.309344,8.943026,-2.960888,-0.97386485,30.587957,19.127058,18.622171,13.27899,11.826027,9.246248,15.521367,7.890979,8.929351,7.5193987,10.285284,8.544687,7.694887,6.969721,7.8947005,8.140315,8.734514,8.041785,7.747421,7.775986,0.28484273,0.23302852,0.33838773,0.27491874,0.4189404,0.33385497,0.3132686,0.6014237,0.3823359,0.3138188,0.27941674,0.2810165,0.28402463,0.21492371,0.3133545,0.2080753,0.35496897,0.27565613,0.22385783,0.36169985,0.26236776,0.27072746,0.25842607,0.26880947,2258.5305012842978,468.1428150990845,0.11276500217685759,0.04127225714341651,0.12903935,0.023658618,blues,blues.00067.wav,c:\Users\darsh\Documents\Codex\2026-04-27\i-am-a-first-year-computer\Data\genres_original\blues\blues.00067.wav
-113.19473,88.705864,-8.925187,49.48269,-34.573833,15.864125,-17.744791,14.710542,-11.202,15.367768,-15.07657,8.7476635,-18.631788,5.4699717,-9.263917,8.01712,-9.552175,5.8719983,-4.401514,3.614706,39.848755,17.779747,15.088199,11.827608,11.089028,8.27489,8.249305,7.6810136,7.097695,7.398869,8.2917795,7.8730865,5.7331767,8.840856,8.880411,8.655128,7.515327,6.6766086,7.47307,9.036128,0.37294433,0.20997721,0.22290811,0.18258339,0.26471055,0.57655007,0.24400698,0.2542512,0.2750273,0.39536098,0.2648718,0.21109387,0.33538312,0.18202,0.2768144,0.20432797,0.17724016,0.41161677,0.16700959,0.26311255,0.282521,0.34429294,0.2513542,0.18832682,2513.747081320468,419.4104751618391,0.13514619715073528,0.03891602475866829,0.103048086,0.031367052,blues,blues.00068.wav,c:\Users\darsh\Documents\Codex\2026-04-27\i-am-a-first-year-computer\Data\genres_original\blues\blues.00068.wav
-121.42954,96.12303,-19.616804,48.020565,-38.80819,24.758066,-32.945824,8.104195,-17.81152,6.113286,-19.998335,6.7939243,-19.340662,-0.10921192,-12.248765,-4.92023,-10.407991,-2.0489688,-1.765213,-3.9528494,34.363224,20.879114,16.482618,11.434186,14.125262,10.168196,11.49897,10.0631895,8.302625,8.609018,6.5518837,8.016491,9.341377,8.141939,7.791221,7.7574725,7.68795,10.741832,10.239141,8.785823,0.29259625,0.19067255,0.3422716,0.24157658,0.36495322,0.39834788,0.28303185,0.43520617,0.22767939,0.21458957,0.2521808,0.2606901,0.32157755,0.18960746,0.32844144,0.20081286,0.34374157,0.3611801,0.24686602,0.36597288,0.19844015,0.25787252,0.29179633,0.23217663,2370.9632922676196,486.6000637828251,0.12514096664570434,0.05004558396192482,0.11654019,0.031051956,blues,blues.00069.wav,c:\Users\darsh\Documents\Codex\2026-04-27\i-am-a-first-year-computer\Data\genres_original\blues\blues.00069.wav
-133.0444,105.72736,-22.146265,41.81865,-26.996668,19.124523,-26.56932,19.24604,-15.334524,6.9896555,-10.818551,6.7937427,-11.729829,4.40094,-6.044507,1.9662837,-12.326304,3.2550435,-8.811427,-3.3753583,44.086506,28.292496,17.777912,11.986281,12.452715,9.394031,14.962376,9.735196,9.586288,8.522209,9.9478035,8.349661,8.448084,8.108913,7.9421787,8.41255,9.642855,8.037016,8.030591,8.450787,0.4047218,0.2848425,0.23898089,0.27340013,0.3396714,0.45552588,0.30007708,0.26518533,0.25049207,0.3209745,0.4155126,0.32286367,0.3362438,0.2619025,0.24812235,0.28836936,0.28627974,0.3788809,0.27029347,0.27508214,0.2565442,0.29718417,0.35377568,0.26512602,2159.5483196611644,573.6728600487546,0.0983489895752709,0.04178806022625173,0.10612649,0.033264417,blues,blues.00070.wav,c:\Users\darsh\Documents\Codex\2026-04-27\i-am-a-first-year-computer\Data\genres_original\blues\blues.00070.wav
-89.391495,93.78779,-14.57109,54.391533,-33.51502,19.421158,-19.763674,13.022463,-13.869496,14.611718,-14.970264,10.589298,-18.023413,6.658279,-10.205867,6.52936,-10.848846,3.321632,-6.1875305,2.9994206,26.365196,13.877611,11.565832,9.965017,8.034672,6.4575763,6.8561482,6.7869925,7.2411637,7.1788096,7.7590847,5.9476805,5.8660297,7.423386,7.3675923,6.306222,6.0370903,6.4182053,6.520218,6.343981,0.48343647,0.24265362,0.25104457,0.23521738,0.31490004,0.61323124,0.25641745,0.2631158,0.2424849,0.34634507,0.19143584,0.22271103,0.35796526,0.18055093,0.24500424,0.24884693,0.17899372,0.40401232,0.17631678,0.276108,0.22855967,0.30418015,0.19415347,0.1585741,2429.3359591758494,312.5634625855417,0.13468663832720587,0.03778011820899467,0.12049466,0.018094737,blues,blues.00071.wav,c:\Users\darsh\Documents\Codex\2026-04-27\i-am-a-first-year-computer\Data\genres_original\blues\blues.00071.wav
-118.68192,87.62362,6.558794,45.09805,-38.915707,20.813005,-26.863337,13.798009,-17.23861,5.1101575,-15.709855,3.981842,-27.549044,3.04777,-15.956566,10.867772,-12.651909,2.823709,-13.335965,-4.3752894,27.544687,17.512915,15.7531,9.346289,8.874774,7.7614408,6.815141,7.5975666,6.6200337,6.775267,6.462982,6.5889206,6.4168434,6.5209956,5.998538,7.1434813,5.7611866,5.7565207,5.9097385,6.6472855,0.22623052,0.23746438,0.48727366,0.25895846,0.38016224,0.22036913,0.2897925,0.5230703,0.24706203,0.22697662,0.22581804,0.36114097,0.23658991,0.15281859,0.3831547,0.17530684,0.35113037,0.21072307,0.22926316,0.37503898,0.1852727,0.2433028,0.18442196,0.31260344,2595.2893633321164,541.15518781089,0.12924562814434984,0.052906390250971186,0.10387338,0.021147737,blues,blues.00072.wav,c:\Users\darsh\Documents\Codex\2026-04-27\i-am-a-first-year-computer\Data\genres_original\blues\blues.00072.wav
-30.129288,103.7448,-19.76573,56.411625,-12.72487,20.194227,-17.348097,16.309156,-18.444427,8.932052,-11.661623,11.210426,-8.851256,9.101229,-3.5740461,4.384886,-2.8308275,4.7261167,0.4824234,1.4773945,33.51265,14.297933,13.60187,13.169631,11.017195,9.728699,9.495389,8.041274,7.5397625,7.23784,7.330301,6.282365,7.203658,7.277629,6.1425753,6.224828,6.7280455,6.6403728,7.1788573,8.367189,0.3497718,0.33089772,0.29128405,0.47610888,0.3075927,0.30076173,0.3208819,0.33775765,0.32188994,0.28191575,0.49956372,0.2859019,0.3165627,0.27576327,0.2229894,0.34338155,0.24530771,0.26427203,0.29598284,0.28236634,0.30615285,0.20466493,0.3683645,0.20404273,2094.775833910308,329.60864110379157,0.10056968665344428,0.03151751233882172,0.2596552,0.07407714,blues,blues.00073.wav,c:\Users\darsh\Documents\Codex\2026-04-27\i-am-a-first-year-computer\Data\genres_original\blues\blues.00073.wav
-56.03289,87.84067,-1.6012412,41.205364,-5.6202717,27.784927,-24.002584,21.768122,-18.42899,12.328123,-13.717034,11.85082,-3.9822721,7.09853,-4.468587,5.122545,-6.652361,5.871458,-3.6964025,-1.9647615,53.535896,18.924461,16.973742,12.876564,11.840068,10.419751,9.57093,8.053003,9.235815,8.115022,8.101607,8.420446,7.6568246,9.386303,7.5653014,7.4836574,7.7228785,7.34377,8.227749,8.310805,0.32479706,0.3681601,0.35005182,0.49737024,0.31926975,0.30865017,0.28408784,0.3490411,0.36942652,0.3276042,0.57948714,0.32814223,0.27825576,0.28596994,0.24016039,0.33378312,0.2417653,0.26237082,0.26627937,0.27242175,0.30813378,0.24576388,0.37492955,0.21918587,2515.8691600222824,522.0635580738318,0.12091612446787926,0.040863540300005635,0.19690311,0.065450355,blues,blues.00074.wav,c:\Users\darsh\Documents\Codex\2026-04-27\i-am-a-first-year-computer\Data\genres_original\blues\blues.00074.wav
-86.33549,92.7005,-15.399187,54.052013,0.8667874,31.560293,-14.622711,23.325447,-14.978638,15.339354,-7.0493617,12.182225,-6.110912,7.021336,-5.8126974,7.440921,-6.0741916,3.3776991,-4.2786126,1.2500929,82.745804,27.925388,22.380814,15.440881,14.643135,11.38976,9.690005,7.0023365,8.602311,8.679087,9.119103,7.868888,9.615434,6.8952217,6.9384685,8.238558,6.850536,6.433537,7.3125978,6.6509624,0.57652146,0.46035895,0.4220096,0.3943973,0.5309075,0.4711454,0.40355235,0.5201734,0.43327153,0.49211696,0.454916,0.43812126,0.31119493,0.26102948,0.27025682,0.24545151,0.3042448,0.29023707,0.24921289,0.31072405,0.2538655,0.31856906,0.2831626,0.25513166,2225.1768658281667,680.1128749243286,0.10858664497871517,0.05666198042229122,0.19203044,0.08954655,blues,blues.00075.wav,c:\Users\darsh\Documents\Codex\2026-04-27\i-am-a-first-year-computer\Data\genres_original\blues\blues.00075.wav
-52.701164,74.455414,-18.715458,56.307217,-3.9593265,31.987156,-16.45779,22.41769,-12.262029,27.228352,-9.233885,7.8071027,-10.567175,6.944951,-9.136492,13.022678,-9.85732,3.6924515,-4.954326,4.4225,36.666218,14.907643,14.8079,10.623829,11.321793,10.068304,11.785488,8.951863,8.1551075,8.110143,9.128318,7.192313,7.6914587,7.052297,9.241713,7.1684647,7.276358,7.5116687,8.416817,8.077817,0.32584396,0.26377293,0.38028732,0.30837154,0.31682402,0.53643334,0.32602274,0.39766043,0.2776516,0.42786074,0.4771002,0.34922048,0.25972834,0.22097494,0.33186218,0.29726493,0.26754406,0.3314216,0.19458981,0.32109085,0.18539247,0.2948591,0.3709721,0.29202566,2645.5300364910313,431.72351197604434,0.1364685625483746,0.051619364647671674,0.2189702,0.068146445,blues,blues.00076.wav,c:\Users\darsh\Documents\Codex\2026-04-27\i-am-a-first-year-computer\Data\genres_original\blues\blues.00076.wav
-29.03915,104.53732,-30.978956,38.154427,-7.991592,30.89167,-20.596235,25.83078,-12.959671,16.941612,-12.263682,10.786708,-10.564546,6.8762565,-10.298928,6.96821,-10.256611,0.70444244,-6.006501,1.3486158,44.2297,17.52727,17.55203,10.448711,11.558248,9.820451,9.935753,8.358251,9.184919,7.3132954,7.659582,6.1180515,6.7865357,6.348677,6.376216,6.846899,7.1944084,6.817758,5.647871,6.6909184,0.55544645,0.34035876,0.35369298,0.34397516,0.39716554,0.4461797,0.37079063,0.46404132,0.34487808,0.44366813,0.40357438,0.44273925,0.32572827,0.22291946,0.26468474,0.25307757,0.2725354,0.3228547,0.24185096,0.32416797,0.24675746,0.30001274,0.29108548,0.29614982,2206.7704721917903,429.21195254540953,0.11152578064531733,0.0338478587047076,0.24310125,0.07141665,blues,blues.00077.wav,c:\Users\darsh\Documents\Codex\2026-04-27\i-am-a-first-year-computer\Data\genres_original\blues\blues.00077.wav
-2.5510163,101.25788,-33.92729,41.518402,-13.815158,31.920723,-21.8686,24.458948,-15.881364,15.794475,-14.372411,12.507441,-13.373969,6.1127505,-9.06967,5.033296,-11.333126,3.1684957,-4.5717015,-4.033881,27.117607,12.811489,11.951033,9.991866,10.247645,6.9528613,8.171124,6.5473914,6.406428,5.728189,6.623604,6.4153056,6.2823887,5.644405,5.960534,4.8999248,5.9357634,5.511324,6.8450975,5.937235,0.3445316,0.5283112,0.47427052,0.5392007,0.33008757,0.32914272,0.3091841,0.42533356,0.40429792,0.35721275,0.55868447,0.37083587,0.25859565,0.32090193,0.25325662,0.33105832,0.23270053,0.25373536,0.25240272,0.28504363,0.27870294,0.20992962,0.33309674,0.25932324,2333.716389709888,299.7166482959302,0.12386319659442724,0.023590708533337914,0.25794896,0.052249998,blues,blues.00078.wav,c:\Users\darsh\Documents\Codex\2026-04-27\i-am-a-first-year-computer\Data\genres_original\blues\blues.00078.wav
-3.5590715,92.92779,-25.118544,45.18721,-10.871894,31.86242,-18.057922,28.628012,-10.234054,14.673487,-14.906988,14.751648,-15.609781,9.549894,-14.79873,2.0748363,-13.824648,3.5714698,-5.9716425,-1.6474386,31.94751,13.095652,12.165661,8.105904,8.383872,6.5187,8.535204,6.941318,7.6848683,6.464504,5.4963775,5.343689,6.393852,6.553794,5.9412494,6.840558,6.176777,5.767127,5.8631854,7.7377763,0.37625623,0.37792096,0.39077207,0.60067695,0.403376,0.348847,0.43558,0.42402655,0.3340736,0.34080943,0.6224747,0.40360063,0.29494998,0.24590455,0.22597769,0.33205152,0.2306552,0.22361465,0.3126052,0.2854622,0.24222612,0.2166569,0.3027784,0.24212198,2443.2389164951205,361.3620375894565,0.12473545133513932,0.03443721040783032,0.2707483,0.043554246,blues,blues.00079.wav,c:\Users\darsh\Documents\Codex\2026-04-27\i-am-a-first-year-computer\Data\genres_original\blues\blues.00079.wav
-54.747242,119.48588,-34.86474,37.537148,-15.886235,22.081097,-14.668317,18.534313,-9.643759,11.258853,-11.732052,11.539119,-6.4307184,1.7856675,-5.876253,0.38029104,-9.063585,-2.0153258,-5.4169693,0.028836053,47.663193,19.95649,15.696967,13.62401,12.552012,10.60464,14.412976,9.750142,11.157137,8.779918,8.707048,7.474833,8.537807,7.819667,6.8507996,8.038847,6.9782724,6.6990824,7.3558383,7.0063877,0.43588275,0.34366557,0.458761,0.35902387,0.4376153,0.25817558,0.2918811,0.46044427,0.30373082,0.36337602,0.29913473,0.4073826,0.33098492,0.25564548,0.33022043,0.265081,0.32870686,0.22063074,0.23310275,0.3567784,0.23930232,0.31706694,0.24988979,0.29529387,1827.1513096464714,394.26528933389494,0.09403873597136223,0.03470671976777877,0.24234188,0.08673091,blues,blues.00080.wav,c:\Users\darsh\Documents\Codex\2026-04-27\i-am-a-first-year-computer\Data\genres_original\blues\blues.00080.wav
-26.955238,107.34024,-46.812206,40.932655,-21.469862,24.816854,-18.947702,15.260987,-15.0442505,12.270949,-15.239539,14.331287,-13.830045,7.565649,-6.1833706,0.33221087,-6.835121,0.9706789,-7.571379,2.9214709,67.801926,20.897991,14.141559,15.490845,8.555175,7.4328194,9.001291,8.401394,7.7891626,7.7052484,6.4421864,8.308714,6.575964,6.6222043,8.052818,6.3718004,6.930546,6.610306,7.1619873,6.256574,0.41186267,0.37235975,0.6419905,0.2842326,0.36957407,0.3657622,0.36902755,0.44988164,0.23249207,0.27675325,0.33504128,0.4544158,0.31523007,0.2284445,0.35141492,0.15971784,0.29596767,0.25744954,0.2617582,0.3208239,0.15029123,0.23803855,0.257516,0.2701345,2116.8942510812694,308.3103218929712,0.12727247303115324,0.026971620181065997,0.24817622,0.07354899,blues,blues.00081.wav,c:\Users\darsh\Documents\Codex\2026-04-27\i-am-a-first-year-computer\Data\genres_original\blues\blues.00081.wav
-29.400257,108.69148,-25.5899,38.44014,-18.353867,21.7857,-25.172712,22.406967,-17.606058,14.675621,-12.086358,5.4621906,-7.70603,7.410018,-11.327916,7.2359223,-9.470523,1.9366981,-6.331344,-1.3017333,37.50991,15.953453,16.37677,12.440252,14.27513,9.867496,9.999336,7.927822,9.162543,9.432766,7.841355,8.008778,8.015225,8.182774,8.094126,8.256315,9.053333,8.379173,7.5661855,7.869918,0.3044495,0.38123742,0.36199364,0.30514202,0.47864142,0.2724233,0.29799303,0.3014776,0.27356932,0.48862806,0.28923908,0.31184337,0.27570075,0.31633416,0.30118886,0.25422537,0.35242462,0.2170943,0.3021767,0.28992844,0.20793997,0.3561349,0.2278588,0.2787956,2141.332015271235,356.9618493946431,0.10515129160216719,0.02537447029121749,0.25125322,0.061178267,blues,blues.00082.wav,c:\Users\darsh\Documents\Codex\2026-04-27\i-am-a-first-year-computer\Data\genres_original\blues\blues.00082.wav
-19.893549,98.89588,-24.47666,49.585854,-16.200876,30.19781,-18.029512,27.554832,-11.405636,14.877994,-8.908682,11.671265,-10.886021,9.310545,-5.8320613,9.2586565,-4.0494967,3.251027,-3.4661634,2.3792586,31.202667,12.352111,13.476809,7.6400156,7.1369476,7.652821,7.420448,5.813951,7.5810366,6.6288586,6.268255,6.4087915,7.5097103,6.799588,6.263378,5.939848,6.921009,7.3021665,6.18295,7.775559,0.5460673,0.31171012,0.38598415,0.31303856,0.40949017,0.66821176,0.36629063,0.34440947,0.38556764,0.47913697,0.52718174,0.3911852,0.31526607,0.2023173,0.28225234,0.22150964,0.24541089,0.3020098,0.21567607,0.23580968,0.25984114,0.2708792,0.34779945,0.22356237,2314.8192389666888,379.3901573625828,0.11795053393479102,0.03620508743671726,0.25118035,0.05892491,blues,blues.00083.wav,c:\Users\darsh\Documents\Codex\2026-04-27\i-am-a-first-year-computer\Data\genres_original\blues\blues.00083.wav
-38.994843,112.03825,-31.817707,38.240677,-6.320669,23.330563,-18.778877,23.932188,-10.934216,13.2348585,-14.38119,13.326929,-10.922001,9.794659,-5.0327086,7.2013955,-6.7550354,2.6630874,-4.382442,0.41451108,62.382614,20.82081,13.356637,9.322684,11.998546,7.7926784,8.574718,7.804879,6.920623,6.4053607,7.1856995,6.6772604,7.302898,7.0687685,9.383982,8.095728,6.718308,7.4631443,6.920572,7.823926,0.56872374,0.30889025,0.30265203,0.44104797,0.29663983,0.30171433,0.31870756,0.5724387,0.33702412,0.336177,0.58176446,0.38982806,0.34047145,0.20217104,0.22968784,0.33026245,0.19974299,0.24110578,0.2058591,0.32784542,0.2759139,0.24437197,0.3403513,0.24227487,2061.202741434345,479.00050360765124,0.11339689555921052,0.0393754253599644,0.23509325,0.08429818,blues,blues.00084.wav,c:\Users\darsh\Documents\Codex\2026-04-27\i-am-a-first-year-computer\Data\genres_original\blues\blues.00084.wav
-180.14874,131.41078,0.573336,43.165672,14.135554,25.621374,-5.315874,12.034328,-13.538714,-1.0941218,-7.614392,2.7180743,0.77427197,1.9981467,-6.0900593,3.488055,-8.33755,3.2056522,-0.9303994,-2.2530375,67.3817,35.763977,24.182238,16.148727,13.833256,17.366539,14.223757,10.448343,11.988212,9.887791,10.815005,10.403025,9.225148,13.374236,11.326368,10.98309,10.229947,10.250619,7.961136,8.574973,0.36588258,0.33152676,0.47167283,0.2751013,0.21546456,0.1947323,0.22194088,0.38584048,0.31244028,0.3432884,0.3169006,0.34984872,0.34004414,0.25438607,0.36162516,0.23375429,0.2432114,0.23549715,0.22477427,0.35496524,0.2765992,0.33899814,0.30714828,0.3031953,1312.3500760815823,638.3136141236998,0.059416496347716716,0.04087893147497124,0.15017585,0.05984866,blues,blues.00085.wav,c:\Users\darsh\Documents\Codex\2026-04-27\i-am-a-first-year-computer\Data\genres_original\blues\blues.00085.wav
-212.8154,139.06923,9.454341,35.44627,12.709544,20.417665,-5.5739527,10.893662,-8.731713,8.055455,0.1637972,2.6417468,-1.0257349,-1.4032179,-4.7048326,1.1418111,-9.476274,-2.190912,-4.0981097,-3.3432798,85.14984,39.454334,27.067417,16.067995,17.628067,13.639941,13.428531,10.102541,11.857323,8.717926,9.758862,8.690609,8.730164,8.519437,8.543105,10.014979,9.010767,7.400364,7.2285495,6.7631664,0.28954595,0.26634637,0.37298393,0.3216968,0.334706,0.40994644,0.42452645,0.45256913,0.37857386,0.3675216,0.4060798,0.36633956,0.29150605,0.24092385,0.32575285,0.28378215,0.30519676,0.32832074,0.29830512,0.36494043,0.2839479,0.30254793,0.32831046,0.30199993,1245.581771913736,844.8584665570644,0.04882661329334365,0.05224029382131732,0.12492373,0.060568705,blues,blues.00086.wav,c:\Users\darsh\Documents\Codex\2026-04-27\i-am-a-first-year-computer\Data\genres_original\blues\blues.00086.wav
-155.51651,125.655754,1.5753244,45.82987,0.90899694,25.39124,-10.81349,15.574146,-11.929204,1.2717763,-6.661502,-0.7791264,-7.7492228,0.4193061,-7.02963,4.009107,-6.266028,0.9513332,2.0064616,-5.735763,55.45212,28.322247,22.21994,18.818684,16.19179,12.555946,15.502988,11.410939,12.71701,10.446717,10.342662,10.575722,8.61466,9.370433,9.206853,7.8557262,7.3188424,8.002023,8.267671,9.16704,0.30446142,0.41171047,0.30284616,0.3249027,0.3131684,0.3625278,0.34671533,0.28646252,0.39791775,0.39409634,0.3371034,0.25899148,0.27404344,0.36832216,0.26267317,0.3025177,0.2758768,0.31888014,0.33566436,0.25100482,0.3349631,0.33244553,0.31461006,0.25475335,1441.9992540972155,622.3532848914264,0.050889337025928794,0.033992035759115746,0.15801172,0.05213325,blues,blues.00087.wav,c:\Users\darsh\Documents\Codex\2026-04-27\i-am-a-first-year-computer\Data\genres_original\blues\blues.00087.wav
-194.27953,151.85118,-1.1928877,39.1946,16.582485,18.252386,-1.399161,14.87771,-11.616781,2.4488766,-5.0791736,3.9416006,-0.9037844,0.63561094,-8.353415,-7.5132484,-8.047444,-5.4091463,-2.5346594,0.12955056,56.890594,23.826723,14.316364,11.312931,13.454127,9.83804,10.950772,7.2468457,8.9225,9.489912,8.603723,8.27633,7.947404,6.24526,7.4249706,5.9561467,6.6445656,6.2378373,6.51814,7.8021445,0.38707197,0.41316667,0.5122685,0.33770233,0.24120161,0.26846445,0.33272606,0.39589128,0.39179987,0.40297726,0.44395244,0.40726566,0.30902606,0.2984437,0.3435676,0.2797363,0.24238172,0.2720983,0.2725372,0.31685352,0.28830492,0.3030436,0.33422923,0.27965075,1006.8779768813247,369.2515635306354,0.03206556574109907,0.013217909193726623,0.14201057,0.058977254,blues,blues.00088.wav,c:\Users\darsh\Documents\Codex\2026-04-27\i-am-a-first-year-computer\Data\genres_original\blues\blues.00088.wav
-346.88687,139.24796,24.084862,22.264013,18.647842,11.657903,9.017679,6.977828,-2.023301,5.420398,1.6508169,-2.3530061,3.193639,0.7052996,-3.092132,-2.1101785,-2.2120807,-4.5766625,-4.726689,0.05927522,73.27458,32.4722,30.227383,17.640713,15.183269,16.558495,12.7827425,8.978187,10.221085,8.536064,10.436589,8.286212,7.62292,8.57103,7.3875184,6.2611375,6.990303,6.825016,6.9771886,6.505363,0.39008325,0.28116,0.22107574,0.22271091,0.24884456,0.25403655,0.27065432,0.39029437,0.44933918,0.5359525,0.46854615,0.4516198,0.35259846,0.25613707,0.22886895,0.2730625,0.29703897,0.3066641,0.250011,0.33975923,0.31167942,0.3701749,0.3121022,0.29541177,798.5684450379811,445.75239640469425,0.025639678671633127,0.020118611046150658,0.052771624,0.042149816,blues,blues.00089.wav,c:\Users\darsh\Documents\Codex\2026-04-27\i-am-a-first-year-computer\Data\genres_original\blues\blues.00089.wav
-177.48735,115.33375,9.963015,54.05621,7.6156197,28.31573,-9.070212,20.05844,-15.045549,6.222492,-5.6889315,1.379896,-5.843507,5.0113225,-0.75529695,5.057277,-5.084398,-2.7971687,2.4293883,-5.3729053,67.07094,37.215866,26.121534,17.910526,18.185303,13.456534,13.473355,10.587957,12.274004,10.365342,10.455507,11.614005,9.204333,10.131993,8.60351,8.562762,8.911219,8.171115,8.295732,8.023348,0.34384832,0.31515962,0.3166593,0.3382979,0.43941864,0.4222878,0.42014205,0.38847166,0.36083084,0.38311362,0.38362253,0.42283452,0.29655835,0.2683849,0.2818792,0.2919314,0.35075724,0.31359306,0.30166006,0.31170404,0.28728417,0.33482888,0.29612812,0.32585353,1613.4333911575961,883.9160266156665,0.058235853449109906,0.051831560614346975,0.13184188,0.04624496,blues,blues.00090.wav,c:\Users\darsh\Documents\Codex\2026-04-27\i-am-a-first-year-computer\Data\genres_original\blues\blues.00090.wav
-236.38347,161.695,-1.1533349,27.288706,9.581351,20.619045,0.23412764,13.796684,-0.5009198,10.18543,-4.4546185,5.5080886,-3.7167218,-0.89152694,-4.9048114,-2.8723423,-3.7585268,-3.3457856,-2.416106,-3.7838302,88.13068,33.30069,24.679094,10.782705,18.23979,9.509773,8.966528,10.203106,9.497828,9.086421,9.252585,7.5776925,7.573742,6.608448,8.390713,6.839498,6.017522,6.7721896,6.759035,6.3465815,0.5377913,0.44453865,0.47121197,0.42534256,0.4295852,0.32071462,0.29288813,0.30396172,0.3733362,0.36926925,0.47439462,0.6203576,0.31923372,0.30863708,0.31173792,0.25494483,0.32520622,0.25818646,0.2423654,0.28891617,0.29377404,0.25988555,0.27720556,0.32113555,991.1502533354555,645.0953038761002,0.03605269204721362,0.025550895040477653,0.09938009,0.03585715,blues,blues.00091.wav,c:\Users\darsh\Documents\Codex\2026-04-27\i-am-a-first-year-computer\Data\genres_original\blues\blues.00091.wav
-332.30798,128.08076,28.825216,41.83606,31.234665,23.35822,5.7872233,8.996202,-3.8611279,3.7389996,-0.8690583,-0.4369307,1.4746556,-1.567048,-0.83146906,2.168971,-3.891913,-4.1972795,-5.9321833,-3.4474347,85.375916,31.0805,34.439568,17.433765,15.133576,12.641896,13.675535,12.189833,13.559095,9.787619,9.528159,9.091467,9.604796,8.304517,7.593842,7.7734056,8.523644,6.5729556,6.735411,5.6889586,0.35883513,0.30686095,0.2653844,0.29485044,0.39960492,0.4487655,0.55146176,0.4583989,0.39537424,0.39368886,0.3970614,0.42249522,0.30962428,0.28983498,0.24908678,0.2614469,0.35665664,0.32207325,0.3237298,0.30940413,0.3100473,0.33630207,0.2833999,0.32590824,918.3602069536548,723.3183974582857,0.03231802075270898,0.040018074399715234,0.06304374,0.039157264,blues,blues.00092.wav,c:\Users\darsh\Documents\Codex\2026-04-27\i-am-a-first-year-computer\Data\genres_original\blues\blues.00092.wav
-350.3589,169.54633,31.780228,16.713755,28.661758,19.24909,7.8467,10.039796,4.742695,2.915623,3.8965418,1.8103496,-5.970981,-5.258748,-0.2288824,-1.7753276,-3.7088397,0.17516911,2.0766783,-2.892004,51.561817,24.95469,17.799574,14.616209,13.723824,8.287094,6.37434,6.0542054,6.377669,6.0544558,6.8253856,6.5099473,5.9583964,5.8210297,6.2208214,5.9386263,5.843464,5.8773446,6.651629,7.8407025,0.415512,0.18880256,0.23865339,0.33483893,0.37644008,0.38575613,0.52162457,0.2985651,0.3343396,0.3980545,0.4407736,0.59946924,0.25661892,0.1237628,0.27693895,0.31806934,0.35301435,0.2988159,0.31550235,0.19430552,0.32306993,0.30779153,0.27183148,0.36424333,570.1506880585581,323.96241828615723,0.021700549051857584,0.010841269236589356,0.06589097,0.04247525,blues,blues.00093.wav,c:\Users\darsh\Documents\Codex\2026-04-27\i-am-a-first-year-computer\Data\genres_original\blues\blues.00093.wav
-206.28116,126.62033,10.590663,43.21572,12.4949,19.41366,0.3519681,12.730944,-4.5792894,4.0580115,-4.4092126,3.663423,-1.4560472,-1.7015551,-7.1546535,1.1864169,-6.2258005,0.6012728,-1.6042645,-0.5392202,82.48454,33.2831,27.636925,15.045786,15.180598,16.074598,11.680647,8.76175,8.6042385,7.7547827,9.720792,7.691322,8.620253,10.507933,8.602331,8.980173,8.34127,8.258666,8.260501,7.5271287,0.35198706,0.4008769,0.33802393,0.29051054,0.37559748,0.34063494,0.36057195,0.3901923,0.43655354,0.49172902,0.37645912,0.36744776,0.3322047,0.31975728,0.27899152,0.26344103,0.33067778,0.3237732,0.29442275,0.30495733,0.2811354,0.3655233,0.2806238,0.2774547,1239.6879986706629,726.0330036195406,0.05090785543246904,0.05006302719109203,0.14092092,0.07328608,blues,blues.00094.wav,c:\Users\darsh\Documents\Codex\2026-04-27\i-am-a-first-year-computer\Data\genres_original\blues\blues.00094.wav
-130.58153,139.9749,-1.2707359,39.310425,-6.3536654,19.767843,-11.213425,27.243687,-16.53454,7.0218787,-1.2004069,1.6136365,-6.6290407,4.952462,-1.6338692,0.9539639,-4.84161,-5.970589,-2.78672,-6.4928164,48.027115,30.952066,23.148619,13.146506,15.927645,12.0769415,10.476793,11.236386,10.2357435,10.047185,8.440501,12.14737,7.9511976,9.582345,7.6271005,7.7250237,8.716948,8.183422,7.179223,8.221051,0.36002982,0.41089764,0.33639514,0.3029191,0.3120808,0.3140807,0.42758557,0.33645067,0.3443878,0.36950263,0.48548153,0.4397973,0.28595626,0.30256763,0.2663636,0.2529513,0.27754053,0.26745322,0.34028253,0.28221154,0.30531716,0.3096491,0.33121336,0.32767934,1388.4454872380973,713.9715802786624,0.05714742465654025,0.03646380337623106,0.18706326,0.046427954,blues,blues.00095.wav,c:\Users\darsh\Documents\Codex\2026-04-27\i-am-a-first-year-computer\Data\genres_original\blues\blues.00095.wav
-314.58218,139.91444,11.862517,30.102106,-7.5390353,14.907039,-2.6808994,6.7015443,-6.3955092,2.8176138,-11.706482,2.0630279,-11.438628,-9.510527,-15.186693,-9.362389,-5.665495,1.5621172,0.89712536,-7.9567266,72.682526,26.088717,22.96861,22.09232,16.273745,14.649308,13.201308,10.708955,11.547962,9.282434,11.82261,12.140294,9.241157,9.098217,9.732512,12.984703,12.225294,12.859131,13.301603,11.754689,0.1842023,0.21320057,0.17043251,0.35544214,0.53630704,0.30016336,0.26512417,0.20984286,0.30768543,0.14086054,0.16534407,0.27875465,0.21481924,0.2994024,0.20347433,0.29762033,0.3643127,0.23962583,0.34140387,0.24144222,0.38151625,0.21594383,0.19964191,0.3288263,1132.5184226709684,565.038821104931,0.048313766810178016,0.035586509338210115,0.05132765,0.029231315,blues,blues.00096.wav,c:\Users\darsh\Documents\Codex\2026-04-27\i-am-a-first-year-computer\Data\genres_original\blues\blues.00096.wav
-148.6477,145.73776,-9.363346,48.451443,10.54387,18.014605,-2.634578,16.958082,-11.506824,8.731703,-8.173254,3.2235358,-0.6797588,-0.73018533,-6.8214393,-3.937921,-15.737845,-5.5963683,-5.797906,-0.047467873,64.46083,37.00065,15.679683,12.652112,14.846222,12.77534,12.2240715,8.754294,9.627561,12.553566,8.131362,10.160662,8.357707,7.3508396,6.6137304,9.759347,8.356541,10.117008,7.3667407,7.4406853,0.48110697,0.44949374,0.42067507,0.3083447,0.2998241,0.2838773,0.35210556,0.39566958,0.36662036,0.36089408,0.35039908,0.4343994,0.32379928,0.31495175,0.32931432,0.25978926,0.28078333,0.27484572,0.29508433,0.3173121,0.28782132,0.31815684,0.28858522,0.30791575,1236.606352338598,650.358980664079,0.04462595842202012,0.02762114643140287,0.19820397,0.05434358,blues,blues.00097.wav,c:\Users\darsh\Documents\Codex\2026-04-27\i-am-a-first-year-computer\Data\genres_original\blues\blues.00097.wav
-90.70722,100.10759,-23.924429,52.588303,-20.928015,31.502182,-11.213113,20.094328,-10.915236,17.563923,-14.097336,12.994508,-11.420426,2.911845,-12.017497,4.827647,-11.16541,1.1622108,-3.9213326,3.2532017,50.887463,17.2894,21.233433,10.972282,10.46751,7.8347507,10.637999,8.808733,7.052038,7.106718,8.294134,7.7169037,7.801315,7.99853,5.9734445,6.6780305,6.0113654,6.7389235,7.7524276,6.665735,0.47012007,0.34224844,0.365405,0.385221,0.44618744,0.4431376,0.44624597,0.65153897,0.46274528,0.46061268,0.44728872,0.39759034,0.28944466,0.23222123,0.25619426,0.24731968,0.27108613,0.28393495,0.22613125,0.33720365,0.26495278,0.28748953,0.28283834,0.23849218,2310.1410834053418,437.55192505019187,0.12842590520994582,0.04932760182122961,0.12533903,0.041297097,blues,blues.00098.wav,c:\Users\darsh\Documents\Codex\2026-04-27\i-am-a-first-year-computer\Data\genres_original\blues\blues.00098.wav
-177.19162,136.2142,-26.910713,36.37278,-18.759426,20.905872,-1.7765746,3.0159323,-5.59941,5.6345954,-8.114802,5.645384,-10.78655,-2.4161382,-6.942407,-2.508999,-5.207821,-3.4113264,-3.2499495,-2.684024,98.494095,23.372309,40.330906,15.483191,15.718419,10.391337,10.530781,11.236854,8.41476,8.7335005,8.746944,8.932865,7.8802805,7.0807576,7.5825663,8.88977,7.139774,8.026929,9.000806,9.615158,0.37277693,0.25515264,0.31611952,0.42459518,0.41967475,0.43884438,0.34123325,0.43841833,0.31623185,0.33158168,0.44399732,0.34432253,0.3328929,0.19330631,0.27377158,0.29963285,0.3021038,0.31636196,0.23919079,0.3365626,0.26407978,0.27751976,0.31707838,0.24016029,1538.9317922233738,474.55032508109394,0.07479924535603716,0.04088683757691164,0.10503796,0.07313375,blues,blues.00099.wav,c:\Users\darsh\Documents\Codex\2026-04-27\i-am-a-first-year-computer\Data\genres_original\blues\blues.00099.wav
-268.18002,135.68788,-34.07107,25.634863,-12.970324,17.894695,-9.997608,5.6292233,-14.146461,7.497625,-3.9705248,8.258684,-1.3527371,-0.3773992,1.0275253,3.8083541,-0.30203092,1.7795614,0.89097947,-0.8330716,42.32606,13.746674,15.208078,13.003159,8.441545,8.631766,10.719671,8.116223,8.686781,13.317962,10.330751,8.953238,12.42567,13.71326,13.105936,9.275091,10.027412,9.773081,9.857257,11.000344,0.124386355,0.29783055,0.4111552,0.20605502,0.34023392,0.15989876,0.33706328,0.19655736,0.17474876,0.32154098,0.14644842,0.312635,0.12213957,0.29915863,0.3505152,0.20503028,0.3648259,0.13270171,0.36089325,0.24061802,0.20909265,0.33272517,0.118871026,0.367563,1505.3776997189866,210.79378588180998,0.09824505974264706,0.02075780454020311,0.03624397,0.014866893,classical,classical.00000.wav,c:\Users\darsh\Documents\Codex\2026-04-27\i-am-a-first-year-computer\Data\genres_original\classical\classical.00000.wav
-324.09195,133.59413,-25.021385,24.567686,-11.939837,17.660225,-5.5225825,1.7202383,-10.571335,-0.85086733,-7.797244,3.5256078,5.0467987,1.3635532,3.0031667,-3.120319,-4.289063,0.58901495,2.868589,0.36918068,31.297018,18.275763,13.666778,12.311088,11.40803,11.808229,11.080173,9.070556,8.759956,9.067232,9.916815,10.849771,13.891959,12.507735,12.787487,12.598086,8.702875,11.606508,12.394649,11.127332,0.163991,0.24028559,0.38843623,0.15338172,0.14760648,0.11815948,0.25492683,0.16151163,0.09075031,0.17607561,0.21703638,0.46840447,0.1814025,0.29806867,0.37784162,0.19348468,0.25326988,0.18152894,0.3325897,0.2231044,0.12139279,0.27396306,0.22702862,0.4274139,1360.5964481029573,248.57274460968426,0.0877715781008127,0.025097354349719755,0.030614555,0.012694834,classical,classical.00001.wav,c:\Users\darsh\Documents\Codex\2026-04-27\i-am-a-first-year-computer\Data\genres_original\classical\classical.00001.wav
-235.30643,141.13675,-34.679047,30.99717,-16.400242,23.120686,-11.043703,7.6586432,-19.017239,4.236546,-11.835344,8.918064,-1.4424689,4.288449,1.4757489,3.19387,-1.3142381,2.9318151,-1.6683867,-2.8998587,29.23925,14.06095,12.3126545,11.630317,7.1312904,9.044733,8.903122,7.696315,7.127017,8.816368,7.750392,8.216316,9.979613,9.018677,9.752506,9.2107525,8.779044,8.603824,7.6969576,7.283003,0.1973449,0.4233053,0.36183718,0.23213956,0.3929856,0.14596352,0.23273097,0.14154266,0.28125015,0.28668743,0.17813197,0.46025547,0.13700287,0.35151917,0.3266985,0.20188384,0.3675758,0.112005375,0.2897354,0.14588904,0.27625015,0.29621986,0.12919398,0.3874358,1490.0147947114058,197.4005302966415,0.09004972003192724,0.019882246955559853,0.043840673,0.013845316,classical,classical.00002.wav,c:\Users\darsh\Documents\Codex\2026-04-27\i-am-a-first-year-computer\Data\genres_original\classical\classical.00002.wav
-326.89987,127.39418,-30.584469,37.475746,-5.291166,20.806992,-1.7857137,-4.6031647,-4.048745,5.2380347,-0.6428717,2.8008628,7.245895,3.9837852,-2.390974,1.4819996,0.5834609,-0.60632175,2.334065,2.65221,56.566963,17.605835,21.50808,11.289448,11.450201,10.804709,8.526098,10.011735,9.644608,8.591245,11.20762,13.159927,12.289751,10.630917,12.45216,11.189374,10.5568075,12.3124275,11.572804,14.502328,0.33424395,0.13990048,0.34851432,0.25364515,0.26025316,0.26674956,0.20027815,0.3216395,0.1144302,0.2006612,0.16787544,0.20261218,0.37474775,0.12024085,0.38781372,0.29439133,0.2996084,0.3478428,0.24069528,0.3330638,0.096455954,0.25923374,0.19997941,0.22281395,1526.560670734666,302.35521198744584,0.10895172213622291,0.034075797115662526,0.029436052,0.018885167,classical,classical.00003.wav,c:\Users\darsh\Documents\Codex\2026-04-27\i-am-a-first-year-computer\Data\genres_original\classical\classical.00003.wav
-259.96228,118.93238,-35.606533,31.990017,-16.535492,10.620698,-15.655911,7.4423375,-5.8104653,8.268948,-18.018595,-1.1994923,-6.346673,2.766038,-2.5898237,4.387975,-4.136651,-4.7818193,-4.776668,-4.610076,23.69776,14.849672,11.943907,7.9807286,8.70619,7.651446,7.5126925,10.422863,9.819068,9.840425,13.549739,12.694869,10.213758,11.993427,9.1385975,9.107234,8.329099,11.480453,10.746089,14.739504,0.32688832,0.14018609,0.24916662,0.12604591,0.34185758,0.2410169,0.12278504,0.13005394,0.18343644,0.31037262,0.18286432,0.30428326,0.3399279,0.15581112,0.34359157,0.11618857,0.36903474,0.32488975,0.1872559,0.20313182,0.26514158,0.352905,0.23590632,0.31882367,1705.7324266471087,261.06667781777855,0.1128666644494969,0.028899650496700978,0.04228822,0.014470085,classical,classical.00004.wav,c:\Users\darsh\Documents\Codex\2026-04-27\i-am-a-first-year-computer\Data\genres_original\classical\classical.00004.wav
-264.2774,138.15092,-30.101551,37.82423,-7.180178,6.7829356,-11.8189,4.712041,-9.843633,5.8637476,-9.573777,2.6703956,-4.796442,-1.403382,-2.0961945,2.9775224,3.3557787,4.811315,1.7625698,-1.8270732,85.86743,17.89575,12.157341,13.346636,9.769983,10.405701,8.587263,9.036574,7.922775,9.674313,7.437378,9.264122,8.497778,8.973614,9.32382,8.815162,9.29143,8.867852,8.54714,9.47355,0.31514436,0.15606017,0.2553986,0.38896018,0.18442394,0.27638194,0.16469242,0.36229536,0.4298488,0.25400147,0.25852308,0.17690516,0.35570377,0.15821247,0.26095614,0.3528272,0.15857483,0.3244991,0.13193803,0.33062404,0.34735185,0.24811,0.28954962,0.17919198,1431.542306293269,271.7511838947148,0.07523877406636997,0.024844285684220285,0.04325064,0.024179827,classical,classical.00005.wav,c:\Users\darsh\Documents\Codex\2026-04-27\i-am-a-first-year-computer\Data\genres_original\classical\classical.00005.wav
-295.74353,134.53831,-22.449306,40.759247,-5.8759804,9.276347,-11.875942,6.2949286,-8.866929,4.406289,-9.378154,4.06138,1.625683,5.1374664,5.440424,2.281029,-1.8154349,-2.9235117,0.13862054,3.1956718,63.199932,17.551805,12.662533,9.252505,10.863663,8.346094,9.250023,9.253326,7.555659,8.75728,10.260676,9.103245,9.695209,8.951651,10.032771,9.198746,9.913672,10.01936,9.371196,10.129871,0.5870932,0.22400935,0.19463162,0.23414156,0.1738512,0.2765952,0.19085838,0.29742336,0.31598887,0.15656538,0.18860598,0.29764733,0.38168696,0.22146188,0.22728637,0.27639237,0.18316206,0.31278932,0.19858229,0.29230633,0.3458657,0.17717178,0.27122176,0.26528737,1372.8214993768145,265.288146082964,0.07292321739551083,0.02705190660333267,0.03322204,0.018671239,classical,classical.00006.wav,c:\Users\darsh\Documents\Codex\2026-04-27\i-am-a-first-year-computer\Data\genres_original\classical\classical.00006.wav
-286.86823,135.91835,-24.436617,36.66117,-6.2452145,6.9629354,-8.168272,3.8440666,-4.3983455,6.4327855,-4.130577,1.549041,-4.3528376,-3.0135415,-0.005728329,5.6492386,3.4296584,2.8336728,1.0971847,-0.2909148,88.58755,23.04264,22.897333,11.946354,12.452684,8.431545,10.286655,12.468167,9.340667,10.229388,9.077362,9.648564,8.300475,8.203027,8.015822,12.641094,11.03213,8.330041,7.9937844,9.553669,0.18926115,0.14117497,0.34174463,0.39531985,0.20488274,0.3902492,0.17468992,0.2759983,0.306214,0.25841585,0.46888638,0.17212023,0.2900503,0.17640327,0.318508,0.36499807,0.15284355,0.3580911,0.15663175,0.28775984,0.32427508,0.19824377,0.3836929,0.16716114,1358.926260249797,360.8738840922913,0.07314694998065016,0.03391140494662343,0.040846772,0.027783822,classical,classical.00007.wav,c:\Users\darsh\Documents\Codex\2026-04-27\i-am-a-first-year-computer\Data\genres_original\classical\classical.00007.wav
-292.15292,127.763664,-29.909023,37.442085,-9.556902,5.1130486,-13.823927,7.0317283,-7.0326324,6.4920025,-9.904401,4.713663,0.37483177,1.467897,3.3925846,6.0727816,0.96153086,-0.7544363,-2.097945,0.75958496,69.757904,15.905086,14.216492,9.265356,10.604202,8.800892,9.19275,7.8425407,9.681705,9.856847,10.938635,11.077511,12.841082,12.188528,12.345661,11.96987,11.925502,9.6984215,11.047343,10.21124,0.47993398,0.20538831,0.22570886,0.1687805,0.17346178,0.3258971,0.17479628,0.24695022,0.19402732,0.31362778,0.3422688,0.20627627,0.392643,0.15461236,0.29180548,0.23679076,0.20990296,0.3647631,0.1877468,0.2959952,0.24210124,0.30132687,0.34513655,0.16224018,1516.6480402419818,283.62841905057803,0.07878788336880804,0.02557607948866742,0.034031406,0.021452498,classical,classical.00008.wav,c:\Users\darsh\Documents\Codex\2026-04-27\i-am-a-first-year-computer\Data\genres_original\classical\classical.00008.wav
-356.14395,139.79286,-6.286765,43.188293,-8.879337,11.050314,-8.39305,4.41852,-8.283711,8.682832,-8.135776,3.427108,-1.4406312,-0.4118331,-1.7198923,-0.29489484,-0.6548903,1.1565771,-0.6220705,-0.25813478,71.711136,24.396463,14.906138,8.685847,10.9989195,7.990544,8.40058,7.45131,9.167977,7.6862206,7.696804,7.932157,8.996913,8.706376,9.051719,8.912925,8.98789,10.252834,9.6222315,9.385662,0.33016554,0.22437374,0.42635623,0.4164789,0.18139304,0.17932326,0.23200299,0.32183537,0.21312858,0.25441623,0.28166786,0.18491611,0.3503185,0.16904238,0.37161076,0.34394184,0.17142676,0.23963907,0.24673273,0.31578377,0.24037564,0.2678863,0.3056332,0.16459632,1216.426225125279,348.01560233746665,0.05627025686919505,0.027762706946011736,0.023789303,0.01414114,classical,classical.00009.wav,c:\Users\darsh\Documents\Codex\2026-04-27\i-am-a-first-year-computer\Data\genres_original\classical\classical.00009.wav
-315.04453,128.73926,-28.93491,30.839514,-8.996638,7.9901075,-9.846989,1.4414121,-8.973623,6.049842,-3.320935,7.609508,3.7989612,2.9383376,1.8396777,5.2037983,1.0788435,0.14129534,-4.532043,-2.3126304,78.82073,16.097044,22.695784,10.947214,12.096294,11.710891,9.603297,11.591944,10.938058,9.718458,12.785851,12.583312,12.0118065,9.817677,10.502581,10.638598,9.975476,7.943691,9.9276495,9.979762,0.2863065,0.14705963,0.32778803,0.31758833,0.21730126,0.4148789,0.1493091,0.17877264,0.10868825,0.24739902,0.3812578,0.16367668,0.35773826,0.13516283,0.33966538,0.32986557,0.19239898,0.38706118,0.11915612,0.29742035,0.1431553,0.28209543,0.35859033,0.14770618,1497.076295694056,285.8733750039139,0.08621640987809598,0.029107090512313603,0.029503612,0.020237366,classical,classical.00010.wav,c:\Users\darsh\Documents\Codex\2026-04-27\i-am-a-first-year-computer\Data\genres_original\classical\classical.00010.wav
-385.26587,177.27786,-9.337663,24.373219,5.8054414,-4.5630627,-6.356949,-6.9578943,-4.127428,3.8580673,-0.3582021,-0.94612193,-3.67056,-2.0986042,3.6447048,0.7326292,-1.2266604,-0.74592495,2.7860496,1.5408988,39.172485,25.786625,13.589924,11.953421,8.020296,8.73219,7.164454,7.1385264,7.490602,9.853988,10.492356,7.1594186,9.661243,8.804105,7.9815793,6.675395,7.6396008,7.566153,10.548493,8.328132,0.5396535,0.25267842,0.30663714,0.17036451,0.12699978,0.2747445,0.16171515,0.30076092,0.2427183,0.14842886,0.14593175,0.2683963,0.40019643,0.20698531,0.35532343,0.19503109,0.14721014,0.31956446,0.15604757,0.35098517,0.2314433,0.22992489,0.2220207,0.2724831,949.3765619854879,282.03179641613417,0.06072601223877709,0.019843547732726317,0.02149812,0.008829223,classical,classical.00011.wav,c:\Users\darsh\Documents\Codex\2026-04-27\i-am-a-first-year-computer\Data\genres_original\classical\classical.00011.wav
-362.71387,143.93861,-18.981813,30.657846,1.0281466,0.2848454,-7.9897437,-3.8509774,-8.94467,3.2497702,-4.4546375,3.649625,4.933547,3.2838123,6.3606005,6.0672398,3.850726,-0.24739733,1.1675682,1.7840005,88.12209,36.039448,22.635033,10.200481,10.773711,8.611799,9.424715,7.456153,10.812669,9.823795,14.177531,16.002214,14.886146,15.565333,14.19789,11.433332,10.461077,8.808793,10.344932,11.284903,0.5431309,0.18975422,0.19267824,0.10470744,0.25117472,0.39679486,0.1383147,0.20689274,0.121837795,0.25909534,0.19384569,0.23001535,0.38189414,0.14791954,0.31676307,0.14515507,0.27302366,0.38392,0.12256982,0.3026403,0.13319077,0.33822596,0.26636377,0.2343151,1179.9891396444557,351.40865389390973,0.06593875471652477,0.027186188756531535,0.03140695,0.02480204,classical,classical.00012.wav,c:\Users\darsh\Documents\Codex\2026-04-27\i-am-a-first-year-computer\Data\genres_original\classical\classical.00012.wav
-343.13556,140.08688,-20.911034,32.33219,-3.6868107,2.9435575,-10.66953,0.31910294,-5.784346,7.688079,-3.6771073,2.553818,-3.4980676,-2.2409534,-0.8364203,0.8789196,0.4735559,0.9455657,1.8694177,-0.6390268,99.450195,40.621456,20.275578,11.329877,12.380883,10.628594,9.321343,10.300848,12.295125,13.070617,13.349732,10.936505,10.391635,9.404392,10.548059,9.931254,8.207642,9.307608,13.429788,12.498613,0.31140783,0.20166127,0.40755925,0.14311837,0.19530454,0.1815578,0.18618925,0.43192434,0.17802249,0.22759143,0.1153825,0.20483297,0.38212395,0.16983534,0.39100763,0.13260432,0.28368628,0.27630484,0.15660211,0.40602815,0.1560938,0.30539605,0.15897006,0.2372067,1388.2456582676334,466.537619089863,0.08088953354779412,0.031747940722815046,0.031721637,0.026149638,classical,classical.00013.wav,c:\Users\darsh\Documents\Codex\2026-04-27\i-am-a-first-year-computer\Data\genres_original\classical\classical.00013.wav
-324.6391,147.82701,-31.937817,27.408855,-4.508828,-4.165105,-12.588299,-5.118296,-7.741826,0.8432944,-8.195583,-0.822447,1.0045002,3.6744754,6.201359,4.7141476,-0.04455283,-2.3374503,2.2290113,-0.55090606,74.36832,26.296225,16.722748,8.532541,12.11224,9.524631,9.479639,8.35868,8.170491,8.812716,8.0753355,9.972503,12.254137,10.634088,9.712461,9.418412,9.32735,10.00969,10.045938,11.116914,0.37519476,0.2517466,0.44982305,0.15492345,0.13290577,0.06842393,0.17341553,0.28818372,0.14769748,0.25497252,0.1314143,0.3802832,0.3476627,0.20310874,0.42077497,0.14761887,0.22960438,0.09682406,0.20842332,0.34217283,0.1614486,0.31896782,0.10983453,0.35080045,1279.5500532331514,313.7587308611754,0.0684731309258901,0.0223558617453509,0.03160188,0.024393825,classical,classical.00014.wav,c:\Users\darsh\Documents\Codex\2026-04-27\i-am-a-first-year-computer\Data\genres_original\classical\classical.00014.wav
-449.51437,124.97361,-19.919233,27.45221,-5.775594,2.2272975,-6.5527916,10.601105,3.3547378,14.393793,1.9887378,5.250284,4.4267945,5.0727916,7.1730843,6.192042,7.1587806,3.852237,2.6193507,4.9503307,69.12054,33.4662,13.818919,14.403325,9.883561,5.8114524,8.8964405,11.754777,16.405455,14.76377,17.827215,14.197623,11.98062,13.681955,11.382503,12.779043,11.789356,14.959131,17.073908,16.398628,0.2080674,0.111227706,0.15198782,0.17790513,0.3895685,0.13980076,0.28656545,0.23641092,0.15842013,0.2496977,0.15762194,0.33191705,0.29753506,0.13622305,0.2838973,0.17745298,0.40645853,0.13628612,0.35362938,0.26483297,0.21915264,0.32689974,0.192168,0.3742498,1371.6170328582264,333.8912855213226,0.07575237640286378,0.025247409742965982,0.011429043,0.009404383,classical,classical.00015.wav,c:\Users\darsh\Documents\Codex\2026-04-27\i-am-a-first-year-computer\Data\genres_original\classical\classical.00015.wav
-482.67636,154.86115,-5.0259824,29.73767,-1.8687441,8.223097,-4.7659545,9.646515,-3.3353899,4.5322237,-10.103474,-0.6667129,-2.4448435,-0.16459122,1.8707218,3.4802008,3.3868613,1.1131744,1.2773035,-0.6721354,69.16208,15.831605,15.611145,6.940352,12.503119,6.2641883,8.782182,7.783006,10.779234,8.903475,11.398709,8.55982,8.532631,8.834545,7.1815553,7.808087,7.560368,8.510932,11.590928,10.555641,0.2190599,0.2390205,0.64981025,0.2618748,0.08797824,0.050590646,0.14219287,0.27119508,0.13931075,0.25697657,0.126129,0.18677546,0.30564818,0.15431866,0.41651204,0.17353223,0.20015354,0.08934699,0.22687249,0.34035856,0.13990171,0.32827222,0.13232945,0.28102815,1054.4585145386827,296.69483037621933,0.04766448880127709,0.02051896438803482,0.008008791,0.0042155506,classical,classical.00016.wav,c:\Users\darsh\Documents\Codex\2026-04-27\i-am-a-first-year-computer\Data\genres_original\classical\classical.00016.wav
-311.51123,148.66138,-33.509113,10.361734,-12.907805,1.2325779,-12.908661,0.8045732,-9.738699,2.0689795,-5.106063,6.7442927,4.615778,3.765486,1.271204,1.2486948,-0.08448579,1.4975204,0.37977085,-2.9951377,103.454216,28.46176,15.00983,21.193954,11.600202,11.270031,9.983523,7.327366,8.951146,10.57519,12.095537,11.589386,13.83097,10.821809,8.373706,9.444888,10.023236,8.795129,10.809465,11.785655,0.2553236,0.29451653,0.26337108,0.21962917,0.5005324,0.21890412,0.16877423,0.15753752,0.17605859,0.39867938,0.17194323,0.25167304,0.2577303,0.32094285,0.31925344,0.18910418,0.37562415,0.22542734,0.23739257,0.25084212,0.17531654,0.40673992,0.16530979,0.27593994,1358.9070916597766,284.8635515532871,0.08111553369291796,0.01683376921716943,0.03737135,0.03211843,classical,classical.00017.wav,c:\Users\darsh\Documents\Codex\2026-04-27\i-am-a-first-year-computer\Data\genres_original\classical\classical.00017.wav
-405.6831,145.69487,-0.8267259,23.067648,9.225309,-2.6439388,-5.750473,-2.0919254,-0.6470632,6.759229,2.8076077,2.446449,5.0846725,2.38149,1.8640759,2.5028794,1.527922,-2.2602878,-1.4472849,2.6102083,69.43645,43.211502,21.309504,14.2501335,9.44812,8.458722,8.398377,12.754157,10.33122,9.7436495,11.338134,12.085509,10.421929,11.042989,11.423838,8.746275,8.338742,9.305634,10.296937,12.794395,0.2727672,0.22677556,0.14785752,0.112964705,0.28168127,0.3678798,0.15742315,0.26766682,0.30054843,0.16199438,0.32985285,0.2418939,0.32489336,0.31060752,0.21985862,0.15362227,0.3280941,0.35386258,0.13917825,0.32076898,0.33219063,0.13027711,0.36102876,0.24419354,1158.0012026973075,433.41540416572366,0.07066888484423374,0.028722749285277,0.018668028,0.017893154,classical,classical.00018.wav,c:\Users\darsh\Documents\Codex\2026-04-27\i-am-a-first-year-computer\Data\genres_original\classical\classical.00018.wav
-475.86765,141.53087,-8.475216,33.992065,0.5255779,6.034853,0.027931238,9.537156,2.162517,7.0820994,-8.048426,-0.10827334,0.7882739,3.8774939,5.3098736,4.664308,6.8744106,5.3992834,1.0468253,-6.4937115,76.265884,35.076363,21.723934,8.135858,12.311651,6.1698256,9.520922,14.577666,11.5817,11.328317,12.625851,10.901156,13.100597,12.199304,8.918694,9.666103,9.127538,11.003712,10.158297,11.096276,0.34971058,0.23413542,0.2839943,0.45938617,0.18989122,0.18594609,0.16362266,0.35560977,0.3719392,0.22249731,0.38593262,0.20590153,0.37734982,0.28054142,0.25711423,0.37921253,0.17808779,0.2667129,0.17378622,0.32062957,0.3432658,0.18604738,0.36837405,0.17545314,1184.5272815945475,427.01187874035253,0.057591488486842105,0.03283759873780107,0.007990337,0.0054650214,classical,classical.00019.wav,c:\Users\darsh\Documents\Codex\2026-04-27\i-am-a-first-year-computer\Data\genres_original\classical\classical.00019.wav
-300.9405,161.08626,-24.240719,27.966188,-2.8622556,2.3875616,-11.273426,0.22528133,-6.841877,6.0946074,-8.138311,-1.8053259,-4.1101503,-2.0455983,-1.6021351,0.6482639,1.4507606,-0.22119509,-1.2912163,-7.101759,73.23441,30.167477,17.789515,12.66273,11.390758,8.519021,9.19811,9.271484,8.389879,8.755847,10.722332,11.296333,11.159518,10.0901575,9.896037,9.533806,7.629927,7.4992394,9.83953,9.631452,0.21486042,0.12451959,0.35901678,0.34742376,0.16145898,0.33324063,0.15373845,0.26446402,0.2862964,0.28247127,0.517131,0.18305008,0.31083718,0.1014405,0.31145284,0.36079308,0.11166115,0.33381322,0.13075732,0.29508856,0.31037724,0.2029635,0.39710277,0.14609264,1218.4372978528554,325.77606034719287,0.0698128809500774,0.022786719160019932,0.0384091,0.0227037,classical,classical.00020.wav,c:\Users\darsh\Documents\Codex\2026-04-27\i-am-a-first-year-computer\Data\genres_original\classical\classical.00020.wav
-278.22952,147.87563,-31.567955,20.35228,-9.5826435,-6.244679,-13.601204,-0.66615546,-7.274475,1.0198699,-11.758481,-0.9619851,-2.2164092,-0.57252854,1.8691946,5.1443834,2.624588,0.82450217,-1.6428111,-0.10273464,97.17176,26.145609,13.866909,11.468008,10.4084,12.933868,10.5762825,10.892788,8.767231,10.433296,9.209607,8.602915,11.893469,9.000611,9.953556,7.9870887,7.4039474,7.629715,9.013955,10.848216,0.30251727,0.25205457,0.2299916,0.19869018,0.20985162,0.39833802,0.26289874,0.18366696,0.17211801,0.29146594,0.40952128,0.29071882,0.30916524,0.2772845,0.25694233,0.25564462,0.21764271,0.35312858,0.25662097,0.23547126,0.2165449,0.29158115,0.36525285,0.27465948,1371.3696318927568,328.8508256381223,0.07956679022349071,0.02358068311481835,0.045445524,0.03885161,classical,classical.00021.wav,c:\Users\darsh\Documents\Codex\2026-04-27\i-am-a-first-year-computer\Data\genres_original\classical\classical.00021.wav
-278.78244,160.01924,-28.398981,23.062634,-2.6952755,3.0099838,-11.293977,-0.5086696,-11.364047,3.1734755,-5.107195,4.339189,-4.0708914,-0.15333009,-1.6684713,1.6420279,1.0030912,-0.7636376,-3.8361163,-3.5538938,98.63415,21.534771,20.817709,11.795049,13.961429,7.6984954,9.379416,7.254438,9.3423395,6.769912,9.789357,8.47487,8.018082,8.509559,7.9885798,7.5011897,6.270982,6.289355,7.8252106,10.818839,0.3431512,0.228359,0.26773235,0.29321375,0.3406966,0.5195006,0.21404703,0.26460776,0.13242139,0.23025364,0.30119395,0.1802033,0.34013906,0.24330701,0.31096274,0.3225988,0.27390802,0.3777498,0.13533373,0.33679813,0.12618212,0.24766646,0.3180211,0.16169581,1211.2151185706325,237.6698223994307,0.06844629813273993,0.019861194716400292,0.047890313,0.029766062,classical,classical.00022.wav,c:\Users\darsh\Documents\Codex\2026-04-27\i-am-a-first-year-computer\Data\genres_original\classical\classical.00022.wav
-406.96542,163.13947,-2.413815,32.456657,7.907838,9.677142,-5.4890423,9.523497,-3.1028214,10.209687,-10.385391,-5.3867087,-8.080066,-2.0578997,0.3721493,3.4111562,3.4882953,7.39557,6.4349704,0.18093653,57.571083,14.830393,20.335701,9.261006,9.788002,7.7431636,8.692644,6.0805573,6.098314,7.1324797,9.625157,9.294524,9.3328285,9.542597,8.093852,8.459861,9.833461,9.396476,10.486754,10.645932,0.129495,0.094241425,0.30335686,0.625884,0.27909842,0.24142128,0.1569933,0.21508314,0.3064199,0.25565058,0.39795953,0.20054825,0.22544572,0.13692914,0.21410576,0.398203,0.16112062,0.31024125,0.19269428,0.23403412,0.33411863,0.2658711,0.34084466,0.23939785,983.7618406456091,216.91170786306432,0.044227245791408666,0.01860499920108992,0.017124044,0.006708359,classical,classical.00023.wav,c:\Users\darsh\Documents\Codex\2026-04-27\i-am-a-first-year-computer\Data\genres_original\classical\classical.00023.wav
-223.17725,163.24625,-34.416225,24.187868,-10.304307,3.2287347,-12.884593,0.8050692,-14.284255,1.6726216,-10.143485,0.24415682,-4.545105,0.10906298,-2.8684523,1.3458036,-0.344043,-1.0627357,-1.094488,-8.057165,44.226414,17.957018,7.7688885,7.9823146,9.194963,8.435914,7.6105056,8.649628,7.994832,9.227998,7.932739,8.944719,8.256413,8.045992,7.445091,6.341695,6.5480924,8.364614,9.196903,10.09653,0.23656605,0.2523408,0.45243692,0.26899326,0.13567856,0.1584244,0.18693045,0.30873945,0.20621277,0.31052673,0.34399152,0.17923875,0.31553146,0.2502266,0.36813176,0.29103652,0.18518743,0.22131637,0.19801997,0.3459569,0.21538784,0.29465556,0.34816206,0.20400196,1253.1322234388265,240.80885651875533,0.07164771490421827,0.01783729838692586,0.0666634,0.023640914,classical,classical.00024.wav,c:\Users\darsh\Documents\Codex\2026-04-27\i-am-a-first-year-computer\Data\genres_original\classical\classical.00024.wav
-221.28345,173.33664,-37.456543,24.362452,-8.687614,3.3857913,-12.841176,1.0815359,-15.328135,0.42323723,-9.623609,2.2928092,-4.4855638,0.3625777,-1.4866271,1.8132918,0.22892374,-0.9652815,-0.48393935,-6.2636604,29.682915,19.587769,8.998148,6.044646,6.8227177,7.179189,6.198568,6.6495347,7.486023,8.160199,8.153928,8.81217,7.9899054,7.223196,6.4282274,6.4754133,5.956399,6.9389815,7.0450983,8.34244,0.3409093,0.19695792,0.39420897,0.27632493,0.19342245,0.30051655,0.2600322,0.41850433,0.22972426,0.3844926,0.34364262,0.22966261,0.35115057,0.14617643,0.35260567,0.261545,0.1910188,0.3210738,0.2080448,0.3710178,0.1649918,0.35167,0.29811352,0.21225935,1184.0658218421831,232.7815987294623,0.068293993687113,0.01962350056743968,0.06411321,0.022784222,classical,classical.00025.wav,c:\Users\darsh\Documents\Codex\2026-04-27\i-am-a-first-year-computer\Data\genres_original\classical\classical.00025.wav
-319.33237,143.66473,-31.164366,10.908863,-5.55389,-4.265031,-8.95256,-5.58349,-8.020538,2.3426132,-4.477271,-0.319787,0.97486144,1.1464474,-0.48819202,-1.3061253,0.13897365,1.4960648,3.7090793,3.0729027,97.26002,26.083138,22.293245,19.361105,12.309082,11.208623,7.4969645,10.867023,9.44969,9.986215,11.186441,9.353505,8.886359,9.177758,8.996755,9.04059,10.744475,11.738937,11.921463,12.573569,0.31284004,0.17135872,0.3846449,0.14286038,0.20876575,0.19251803,0.17999862,0.49195933,0.20521514,0.22396673,0.16185713,0.2721487,0.36627108,0.15496026,0.36517483,0.11347175,0.27429214,0.27280977,0.156588,0.39261287,0.19264619,0.3016769,0.23048344,0.2760152,1278.574558748878,259.36629765563447,0.08174818292859908,0.020760958224874865,0.038869526,0.03529014,classical,classical.00026.wav,c:\Users\darsh\Documents\Codex\2026-04-27\i-am-a-first-year-computer\Data\genres_original\classical\classical.00026.wav
-366.25018,181.5994,-5.5262704,27.008371,-4.8321323,4.610715,-10.542602,0.1676211,-11.139511,3.584806,-10.332784,-1.0784338,-4.597308,-0.47885737,0.83569145,0.25169602,2.1313152,0.69891185,1.0251924,-3.0680041,63.746784,12.10414,17.974041,9.4283905,11.003345,9.588156,7.1154313,6.919239,9.728758,7.0973587,7.953589,9.426803,9.791808,8.729923,8.439706,7.0681257,8.717124,7.322203,7.8823643,9.950162,0.41827077,0.22012055,0.16716906,0.07946447,0.14575414,0.3348092,0.14140618,0.27820536,0.17903662,0.4403755,0.31955707,0.16464065,0.38445354,0.18345341,0.2618864,0.112777025,0.15551816,0.37789285,0.12705696,0.3559528,0.15766446,0.40559614,0.27066782,0.14078489,901.7856877463795,165.5821813848802,0.05344941224845201,0.016686287337482238,0.028412972,0.014405327,classical,classical.00027.wav,c:\Users\darsh\Documents\Codex\2026-04-27\i-am-a-first-year-computer\Data\genres_original\classical\classical.00027.wav
-228.95734,153.97128,-30.685278,20.8126,-6.08023,1.1724142,-10.7886915,-3.8824687,-11.589583,0.88214755,-8.279238,-0.72677463,-3.1044507,-3.4343467,-2.6240342,0.7225611,-1.9660418,-2.5158808,1.5716059,-1.4897673,56.021267,30.00583,17.450266,11.434199,12.162864,8.842664,10.451924,10.12351,7.8796344,8.919885,9.892704,7.9563465,10.223056,9.527333,7.4876084,8.059283,7.6493616,7.83967,8.741585,9.140835,0.3316296,0.23058373,0.42773092,0.1658448,0.19227247,0.17101143,0.29514295,0.4496235,0.19933179,0.28147644,0.14883101,0.26160622,0.37725002,0.19937998,0.37823802,0.14999086,0.2587252,0.21913122,0.26344472,0.38153583,0.16849943,0.3044262,0.16012132,0.27591786,1313.7853629984959,377.3277156305676,0.08109777113970588,0.026372057899122735,0.06258049,0.025580762,classical,classical.00028.wav,c:\Users\darsh\Documents\Codex\2026-04-27\i-am-a-first-year-computer\Data\genres_original\classical\classical.00028.wav
-297.24658,130.27441,-30.589977,27.486969,-7.0549912,1.9900564,-11.125771,4.752086,-8.771535,5.4152317,-5.3753324,4.4642715,1.7346498,1.8842247,-1.3122162,1.0872451,-0.9889347,-1.4661268,0.63026524,1.1544709,113.736565,39.47013,18.207556,9.135747,13.620755,11.285406,10.38892,8.385349,12.09682,10.3444195,15.568,12.727703,13.581858,12.668106,12.061175,10.128721,10.61041,8.091937,9.40724,13.537545,0.3604804,0.22205946,0.4771273,0.17473981,0.24922946,0.21840878,0.17295784,0.2706849,0.14503004,0.28257295,0.1231613,0.2671438,0.36551127,0.17296349,0.41831833,0.12636927,0.2874854,0.2976104,0.17116834,0.31412897,0.11518194,0.32719687,0.12488173,0.30883965,1558.898531652357,428.58577668850035,0.09221523981714397,0.03377849208937967,0.041575287,0.034915194,classical,classical.00029.wav,c:\Users\darsh\Documents\Codex\2026-04-27\i-am-a-first-year-computer\Data\genres_original\classical\classical.00029.wav
-315.67807,149.66841,-30.59499,23.221498,-8.699831,-10.104396,-15.733574,-4.047281,-7.652163,0.04623177,-11.143897,-7.67045,-5.870634,-4.864973,-5.1484585,-5.414719,-3.1673822,1.4542388,0.13058132,-4.1758366,62.750637,22.512964,20.661764,7.515123,15.194667,7.3722568,9.323767,8.529319,9.849489,8.562348,7.3055964,8.47827,7.9596467,7.6782455,7.41506,8.060917,7.7548428,7.452981,7.9949737,8.54755,0.25746617,0.1906922,0.39334613,0.3091068,0.17859894,0.28056335,0.22978064,0.36819237,0.3332647,0.2960045,0.31540352,0.1875142,0.29357535,0.20936309,0.3533152,0.31069106,0.19976197,0.29738674,0.25218767,0.33883733,0.31603014,0.26088226,0.34308836,0.19780806,1243.720620928661,359.31982183057045,0.06372448239164087,0.029303900200503653,0.029729722,0.016558243,classical,classical.00030.wav,c:\Users\darsh\Documents\Codex\2026-04-27\i-am-a-first-year-computer\Data\genres_original\classical\classical.00030.wav
-374.0075,172.44232,6.4029856,20.150894,5.8518014,1.5909549,-6.710565,-1.1913427,-0.29050222,0.33312544,-6.55182,-7.3002505,-7.3283706,-10.215596,-6.145134,-2.4330475,-2.6743848,-2.281908,-1.1540517,-3.8159146,76.01885,23.219366,25.447523,12.064784,16.452578,9.813663,8.617877,8.731194,9.518671,8.863995,8.39722,7.8348093,8.536196,8.361055,6.969139,6.1386876,6.4228683,6.730735,8.352569,9.417898,0.29840374,0.21784246,0.34086958,0.19885787,0.25878105,0.35866165,0.37417266,0.4549417,0.42487934,0.23461191,0.18181063,0.29432514,0.30151802,0.1978255,0.3485347,0.20166035,0.27543095,0.30568513,0.31812924,0.3410348,0.32704908,0.21720527,0.23906395,0.3121609,822.4267361319853,261.0264942817495,0.03945743336397059,0.01674844738108833,0.026797185,0.018498948,classical,classical.00031.wav,c:\Users\darsh\Documents\Codex\2026-04-27\i-am-a-first-year-computer\Data\genres_original\classical\classical.00031.wav
-498.60873,177.52312,11.209716,27.63433,-2.8418257,5.090956,-6.604384,-1.0570544,-4.144494,-3.0533736,-9.90994,-8.573808,-9.189356,-11.935739,-9.192497,-10.894249,-8.854792,-3.9375076,-2.3939705,-2.2963572,42.52042,11.801266,10.0412855,6.9660954,8.16881,6.353527,8.108809,6.113101,7.317398,6.2376385,6.577809,5.66601,5.672811,5.7819333,5.444967,5.71097,6.34842,6.6370416,6.4500103,6.9245024,0.28821853,0.6999816,0.3239619,0.21525796,0.24533175,0.36395612,0.35009736,0.15744922,0.27247226,0.18707308,0.1584104,0.13618377,0.15928046,0.34183547,0.16971979,0.28427863,0.31474516,0.29364634,0.3306346,0.16830787,0.25901338,0.23119338,0.22148879,0.1543754,792.835553815877,122.45874764722852,0.03658178937693499,0.00790711298731181,0.008043457,0.0045761047,classical,classical.00032.wav,c:\Users\darsh\Documents\Codex\2026-04-27\i-am-a-first-year-computer\Data\genres_original\classical\classical.00032.wav
-429.10315,120.74545,-1.6823534,17.948559,7.7335906,-2.0437236,-3.941744,-2.5360472,-0.5834436,-0.7965369,-9.051198,-3.6899388,-0.9829523,-5.0013146,-3.8112943,-2.411517,-1.8980626,-0.31377116,3.4164844,3.1428828,85.57513,38.13243,26.294857,8.515739,12.704639,8.286893,10.767313,9.085038,7.6427546,7.4823523,9.067345,10.34782,13.519078,16.074467,12.864265,9.496921,9.445847,7.972147,8.391876,9.204472,0.41253826,0.28442627,0.19094175,0.26480165,0.34093207,0.38690022,0.19571039,0.30517274,0.4563148,0.26622322,0.21261787,0.33111122,0.3367961,0.27811623,0.21024318,0.27134028,0.32935685,0.3410439,0.20525602,0.25160873,0.3669088,0.20945787,0.2643792,0.3231975,1128.3232351038566,353.4159121050584,0.05439309512867647,0.026061950193007825,0.012357474,0.013662231,classical,classical.00033.wav,c:\Users\darsh\Documents\Codex\2026-04-27\i-am-a-first-year-computer\Data\genres_original\classical\classical.00033.wav
-309.24283,138.64113,-29.713259,33.618786,-0.37825716,5.2437387,-6.3323126,3.280733,-6.714091,-0.6922032,-13.243885,-8.528504,-9.668246,-4.2979574,0.25033674,1.0183245,1.9202205,3.7188306,2.5588636,-4.925927,67.83446,31.242216,17.578783,9.515198,12.4014845,8.1209545,8.758801,9.035629,13.190251,10.695897,9.5619545,11.850835,11.074916,14.354497,15.733671,11.850969,12.097913,11.5701275,12.8341255,15.8984165,0.3743,0.18011996,0.19281213,0.13403536,0.20450002,0.4596191,0.24102287,0.2511685,0.25997248,0.35858423,0.3737366,0.25931558,0.34966293,0.17129128,0.29776868,0.16929527,0.22749785,0.3801905,0.21871631,0.31590694,0.28973845,0.32127768,0.3525313,0.2518913,1369.6932279666041,417.0255351034384,0.07356796028444272,0.03843068134215851,0.038916074,0.025942003,classical,classical.00034.wav,c:\Users\darsh\Documents\Codex\2026-04-27\i-am-a-first-year-computer\Data\genres_original\classical\classical.00034.wav
-319.78223,165.98755,-11.918571,27.240343,7.8435597,1.7273006,-7.849843,-2.4120855,-2.908876,-2.5311303,-11.365741,-4.613611,-4.487359,-7.4551673,-5.5800185,-1.8725945,-1.2823327,-1.4261755,-0.4884672,-4.1007814,75.21494,31.605146,33.44397,13.255021,14.696088,8.755286,10.277401,7.69646,9.182564,8.312676,7.2906837,10.358948,9.024872,7.638787,7.9366064,7.3940916,8.182817,7.100389,8.291557,8.023758,0.33530128,0.38980007,0.25528255,0.24274755,0.3339834,0.26550004,0.27472717,0.28473,0.468644,0.38462,0.2584473,0.3372303,0.29205012,0.36477908,0.2664766,0.23336856,0.3312159,0.25421357,0.2560151,0.27189493,0.3300082,0.31548157,0.2543605,0.31629273,1016.4245653368089,514.3906805345878,0.06115495900251548,0.04509209441692387,0.040571712,0.025305733,classical,classical.00035.wav,c:\Users\darsh\Documents\Codex\2026-04-27\i-am-a-first-year-computer\Data\genres_original\classical\classical.00035.wav
-419.26315,127.44508,-3.7823563,23.200216,-4.3346996,4.030428,-8.209103,-7.6188607,-7.0756884,-2.9239516,-7.409898,-5.437336,-9.099495,-10.619321,-5.7393737,-0.39309856,7.029701,5.593248,-3.4755454,-5.1741657,62.921738,38.12816,17.608492,12.667865,15.820027,11.094921,12.717284,6.744512,8.374414,6.5244575,7.6844435,6.9967856,7.1695333,8.031628,8.28142,9.463402,11.6833515,11.988866,13.0384445,9.221097,0.15404035,0.30050647,0.29994616,0.4052225,0.28206903,0.11986766,0.15475768,0.26481724,0.20749298,0.2930413,0.20924841,0.18056992,0.18638323,0.3586594,0.28159878,0.38519415,0.29217806,0.15196829,0.21497369,0.34273562,0.25110468,0.37440532,0.25753024,0.24795862,1281.8143785370296,549.7314682383555,0.059410449521091334,0.03403219520639835,0.016008371,0.013771899,classical,classical.00036.wav,c:\Users\darsh\Documents\Codex\2026-04-27\i-am-a-first-year-computer\Data\genres_original\classical\classical.00036.wav
-275.37598,125.30793,-41.051292,24.607311,-4.7889285,-4.253849,-15.021034,-5.045092,-5.0018377,2.47306,-10.894701,-8.017638,-5.1663785,-4.6154666,0.7097463,6.5204744,5.9003935,2.6877105,-2.0309052,-8.056194,75.782776,31.913338,22.574434,11.12109,15.463168,9.648924,12.600726,9.095215,10.508978,10.025825,7.282058,8.803116,10.476265,8.452489,10.166377,11.638502,10.1504755,9.2602,8.106004,10.304899,0.22602594,0.24934508,0.2347127,0.21480116,0.3834691,0.2087921,0.1859422,0.29462028,0.33974436,0.53999656,0.29996452,0.23306847,0.27461413,0.22475892,0.2835407,0.24267112,0.334276,0.22391811,0.25868577,0.32396895,0.2675504,0.3739077,0.26038572,0.24998704,1534.2936138496057,432.9136369364544,0.09395219076528638,0.041684950558959065,0.04150091,0.030249873,classical,classical.00037.wav,c:\Users\darsh\Documents\Codex\2026-04-27\i-am-a-first-year-computer\Data\genres_original\classical\classical.00037.wav
-276.03903,146.35081,-36.59162,24.200796,-2.5551608,-2.1697466,-13.303985,-6.504971,-9.398983,-3.1274784,-11.537067,-4.1871166,-1.6895956,-1.5234597,-3.192893,-1.764735,-2.24864,-3.538693,-2.989189,-3.294925,81.12984,22.071636,19.410446,16.058777,12.85519,9.428294,9.734208,8.914925,8.494043,7.779224,8.175744,7.932522,10.408103,8.35039,8.487214,7.1396055,7.6864824,7.1689405,9.451466,9.880593,0.24362761,0.31889674,0.4678138,0.26825133,0.31498605,0.16608927,0.22209054,0.31618974,0.26401392,0.3873501,0.27854863,0.2866757,0.25749752,0.2646058,0.36345482,0.23035486,0.34753385,0.18428434,0.26670426,0.34670165,0.23610148,0.33797967,0.28839776,0.2647632,1279.1711367505459,303.7388831371497,0.07583589819562693,0.027410949495412788,0.04430227,0.033056352,classical,classical.00038.wav,c:\Users\darsh\Documents\Codex\2026-04-27\i-am-a-first-year-computer\Data\genres_original\classical\classical.00038.wav
-409.53445,116.80004,-16.164232,11.717685,0.7060145,6.006949,-4.274456,0.49547678,0.43389043,12.597707,-1.1140983,-1.1403234,4.957852,1.7595057,-3.908855,3.5054753,2.7971115,3.1026049,0.6603807,-0.23965223,83.79935,25.370047,18.903772,11.2343855,16.457909,10.689992,13.270807,9.488323,12.619711,13.211488,10.048703,11.841402,12.600515,11.7859,7.3242106,7.456614,7.10449,10.250872,15.630131,13.144528,0.29606512,0.19633892,0.23524068,0.32676303,0.27857694,0.2160886,0.21346025,0.15635155,0.28030857,0.3140185,0.3733957,0.36404186,0.34348127,0.2406512,0.26828,0.34512872,0.3129963,0.26315752,0.26417917,0.18941022,0.3316817,0.3172599,0.3477795,0.34651822,1633.409673177342,419.6947498130137,0.10895928066950464,0.04868762034542661,0.012813881,0.014808692,classical,classical.00039.wav,c:\Users\darsh\Documents\Codex\2026-04-27\i-am-a-first-year-computer\Data\genres_original\classical\classical.00039.wav
-358.65674,129.08748,-30.39764,19.88953,-10.38638,-0.65204483,-10.611145,1.5420539,-3.9753864,1.8689039,-8.833539,-7.1676545,-8.212757,-5.9410625,-0.115840144,4.27639,8.967239,12.802729,14.691521,11.507997,75.19103,26.66257,25.43529,11.000074,14.371385,9.9547,11.260002,8.145609,11.131297,8.565056,8.706563,7.808079,8.140322,8.668709,9.075514,9.60534,10.88214,13.320405,15.209447,15.960641,0.1727746,0.1635851,0.2012683,0.17624824,0.20020835,0.29448012,0.5209585,0.32041067,0.36901832,0.24691144,0.19010025,0.15071869,0.22436826,0.23516302,0.27966246,0.24150656,0.28292492,0.27278966,0.39930028,0.23383288,0.36060503,0.2740105,0.25167686,0.2486201,1396.6924270627298,295.2573149663004,0.0726431737374226,0.024683341343449048,0.01974107,0.012951961,classical,classical.00040.wav,c:\Users\darsh\Documents\Codex\2026-04-27\i-am-a-first-year-computer\Data\genres_original\classical\classical.00040.wav
-368.46594,124.26599,-31.582449,17.601763,2.3229303,-5.9495974,-11.807772,-5.547481,-5.407887,-1.3051713,-8.427182,-3.613824,2.2061696,-0.0454351,0.23757197,2.5061414,3.0928502,4.8385477,6.225342,8.735003,72.152916,21.629175,20.652514,13.373007,13.160086,9.190217,14.900534,11.172136,11.906999,6.199677,7.7118316,11.4587145,14.411744,10.511129,8.521306,7.910123,9.8696575,8.895772,8.561586,10.010532,0.335251,0.24715585,0.36127645,0.27032065,0.46498245,0.3180143,0.20744222,0.23465328,0.15818122,0.2152689,0.21427469,0.1916434,0.367188,0.2329633,0.30741397,0.24981965,0.3607374,0.29117128,0.27152067,0.27455118,0.19484901,0.25402284,0.2722972,0.18113126,1329.2649559947513,331.4873352767407,0.07881698372194272,0.03388347577314894,0.021296714,0.02427693,classical,classical.00041.wav,c:\Users\darsh\Documents\Codex\2026-04-27\i-am-a-first-year-computer\Data\genres_original\classical\classical.00041.wav
-160.33943,164.12074,-48.87504,1.5913547,-7.591044,-2.631471,-11.077548,-7.0276327,-8.120849,1.2311883,-5.4963484,-4.222176,-5.458137,-1.7106261,-3.087998,-1.289857,-6.0987673,-0.9284124,-4.041814,-1.5555356,49.43499,22.041996,13.550401,10.599276,9.999975,5.7848854,5.6896553,6.088018,6.327909,6.593556,7.132787,6.780363,7.7320414,8.797705,9.308073,7.0870337,7.3224072,8.481441,7.247212,10.193995,0.28026357,0.15560095,0.18829612,0.17225601,0.5843467,0.21115124,0.157605,0.29806343,0.24182911,0.4342718,0.1358253,0.28117484,0.2890293,0.17067386,0.29373145,0.10291661,0.37547022,0.19496208,0.19245367,0.34536755,0.18884425,0.39200604,0.09135548,0.27495185,1327.3486451321814,190.00540445900003,0.09385279605263158,0.01677223465770365,0.13462317,0.052068528,classical,classical.00042.wav,c:\Users\darsh\Documents\Codex\2026-04-27\i-am-a-first-year-computer\Data\genres_original\classical\classical.00042.wav
-249.54944,161.56836,10.129535,-3.0705645,-0.59651774,-2.0836587,-12.191772,-8.60149,-14.638914,-12.049384,-12.30034,-7.1745567,-7.891679,-2.082466,-2.9097533,-0.86809945,-3.9725292,-0.8842938,-3.9836185,-3.8915737,60.3247,23.97186,26.695522,12.868137,8.815238,7.2399545,7.8038325,7.6255097,6.826169,7.3297048,6.743352,7.681368,6.5910172,7.3865027,8.379652,9.913062,10.588171,10.93129,9.796058,8.810436,0.10367677,0.058246773,0.21122709,0.36521494,0.13899253,0.17465508,0.10680414,0.24985741,0.13253571,0.14542711,0.46698466,0.13772336,0.27183652,0.0805529,0.27311698,0.40518168,0.14476573,0.28777078,0.13055182,0.3617745,0.22612041,0.14839257,0.41359913,0.11687992,1063.472218094083,346.25638226495386,0.051040885618227554,0.015022984776564684,0.11537952,0.054005258,classical,classical.00043.wav,c:\Users\darsh\Documents\Codex\2026-04-27\i-am-a-first-year-computer\Data\genres_original\classical\classical.00043.wav
-402.22232,154.00491,-15.211341,15.294042,-3.0777786,-3.1944385,-9.778082,-17.310207,-12.3065605,-7.914643,-7.0827575,-0.28117207,1.5458188,-1.4655559,-1.7400693,1.8587352,5.0292315,-0.7410974,-0.13983287,-2.8593116,53.869617,35.924164,17.923578,14.164408,11.807538,11.682124,12.952622,12.160234,11.65765,13.17939,11.217359,11.540146,11.036702,10.277271,11.582966,7.869672,10.531125,10.401541,11.741975,15.050095,0.35328406,0.20863949,0.18041079,0.3756131,0.22110632,0.2737876,0.20261754,0.2655364,0.211687,0.15660411,0.39293802,0.18230835,0.36929047,0.25814798,0.17503276,0.3545948,0.22476816,0.3514103,0.26902968,0.30354407,0.26066625,0.16791444,0.38166165,0.14006524,1181.5125561645536,338.8891921092046,0.07170553768382353,0.023317832895559783,0.017927846,0.0066885287,classical,classical.00044.wav,c:\Users\darsh\Documents\Codex\2026-04-27\i-am-a-first-year-computer\Data\genres_original\classical\classical.00044.wav
-170.8866,157.03914,-21.966076,5.2446537,-4.092412,-3.6912692,-8.810494,-4.8575964,-7.874582,-5.4110103,-9.373978,-6.623613,-7.811286,-1.4611747,-3.591133,-2.8573444,-3.9215786,0.20077221,-3.4326358,-0.83090174,40.539143,15.830956,12.566793,13.70055,10.543254,8.863888,9.324373,9.313517,10.2026205,9.784803,11.0337925,9.379203,9.541013,8.962337,8.766485,6.802095,7.1567874,9.61198,11.133843,10.099056,0.24062291,0.13201365,0.20688783,0.2055566,0.3354988,0.2925815,0.24306387,0.25380298,0.17499541,0.28618887,0.18794484,0.27602312,0.30905467,0.16122544,0.28530777,0.24511726,0.34391522,0.33727843,0.29302683,0.32697392,0.17466295,0.3201778,0.22928368,0.31417033,1175.9242233254756,158.62869142800406,0.0622955416747291,0.01595353380720437,0.13858975,0.041810084,classical,classical.00045.wav,c:\Users\darsh\Documents\Codex\2026-04-27\i-am-a-first-year-computer\Data\genres_original\classical\classical.00045.wav
-85.26499,118.42306,-31.47277,20.282015,-4.4177094,6.9225984,-10.950942,-1.6200851,-7.367901,-3.0172997,-4.4372015,-1.4064466,-4.246369,-4.164333,-3.9796493,0.2765607,-3.3924837,1.6937985,-3.6853893,-3.4415329,23.495533,19.34032,8.538051,6.206903,7.177977,6.532242,5.5638857,5.138701,5.215247,6.808186,5.303768,6.6465507,6.0110726,4.9974065,5.3453865,5.4728093,5.9718337,4.9493446,8.185294,7.7419996,0.187272,0.3901508,0.58033633,0.32467294,0.33424023,0.27569467,0.2591051,0.34735274,0.4214623,0.4296594,0.36029962,0.25124338,0.14401715,0.27806523,0.33227617,0.20725653,0.3195473,0.23193626,0.21511589,0.2838994,0.3014443,0.28501824,0.2725425,0.21434118,1878.7740300458224,292.8625081241966,0.11161308170472137,0.024523604342587654,0.115102775,0.018945396,classical,classical.00046.wav,c:\Users\darsh\Documents\Codex\2026-04-27\i-am-a-first-year-computer\Data\genres_original\classical\classical.00046.wav
-436.84235,154.1132,-19.859339,20.183603,3.1647434,0.44639242,-6.5306387,-4.6033382,-10.0562525,-6.1532865,-4.529443,-2.7835944,-5.23532,-7.384834,-6.99331,-3.1899664,-0.3512986,2.2267847,2.5725396,4.4761767,61.471226,12.862139,13.250343,12.203994,9.853064,8.43541,6.7319202,5.977683,7.657986,8.13878,8.22969,7.5650287,7.655507,7.906946,7.436447,7.4017916,7.8465705,7.4378467,10.636593,12.74131,0.2588711,0.24988553,0.23601803,0.19757071,0.4731334,0.23259711,0.37142158,0.19668153,0.12585188,0.19593962,0.13453819,0.42907092,0.25569144,0.28038678,0.30258545,0.1684284,0.39019412,0.16880587,0.36941794,0.2207057,0.14632775,0.22532384,0.094810516,0.37747216,1173.9310654516082,154.1681107547047,0.06632537369388544,0.02050126321870578,0.009494158,0.0052696806,classical,classical.00047.wav,c:\Users\darsh\Documents\Codex\2026-04-27\i-am-a-first-year-computer\Data\genres_original\classical\classical.00047.wav
-123.763306,148.43001,-21.551394,17.444746,-1.4088038,4.1782947,-6.9904447,-5.1033363,-5.795701,5.0631213,-6.247765,-1.9818286,-0.9684411,-2.4530773,-4.3262076,-0.87545645,-4.7048717,-2.2297258,-5.140934,-3.2070837,93.70573,50.097794,20.534021,14.926016,10.79007,10.603057,6.6404123,7.828107,8.725032,7.464037,6.257083,7.119671,7.3372664,7.676605,7.1706743,7.6207004,6.7643137,7.321764,7.4356756,9.188444,0.22305569,0.26512784,0.3150231,0.433116,0.32439485,0.2243444,0.30517545,0.20011595,0.30551162,0.29310206,0.33070642,0.34269375,0.20514002,0.2779949,0.2804406,0.35837743,0.31031114,0.19997594,0.30832922,0.18474989,0.28897777,0.28040364,0.28178617,0.32531542,1516.0858565701667,741.4495359555699,0.087271581124226,0.04285851887226305,0.16088608,0.05636726,classical,classical.00048.wav,c:\Users\darsh\Documents\Codex\2026-04-27\i-am-a-first-year-computer\Data\genres_original\classical\classical.00048.wav
-98.35358,98.3555,-20.49053,18.820034,-2.095781,2.6650372,-7.3115172,-3.5901136,-7.989525,-1.9183743,-4.731997,0.6237759,-2.5930848,-1.4701574,-3.1693437,0.6580322,-4.818465,-2.2215443,-3.8104959,0.23409162,58.762775,23.708696,11.123618,11.126568,7.019293,5.511251,6.1560507,5.338572,5.8322864,6.700018,7.7740803,6.0509777,6.2952805,7.579985,6.2234554,5.8667755,6.26753,5.69959,6.6505384,7.2523866,0.5672502,0.2212918,0.27872914,0.20264933,0.34090868,0.31959802,0.2697981,0.50400215,0.23177876,0.24236757,0.19719645,0.36381242,0.39050034,0.14822975,0.2726034,0.15671958,0.32067916,0.31489626,0.17775501,0.35478765,0.17943089,0.23732738,0.19212966,0.25513622,2224.8938399288413,581.4579951465357,0.10944642813951239,0.034268275734998674,0.12373418,0.063526124,classical,classical.00049.wav,c:\Users\darsh\Documents\Codex\2026-04-27\i-am-a-first-year-computer\Data\genres_original\classical\classical.00049.wav
-449.6218,151.50313,-12.74668,44.27039,6.244759,4.053898,-1.4805393,-1.624076,-2.4867768,-4.282386,-9.653202,-1.3421049,0.14638375,3.728251,5.2857785,1.2080821,-2.3039155,-4.1256194,-1.8161486,1.2358326,67.88206,21.333652,11.529978,6.742249,6.193837,4.5628858,5.538679,6.1283317,5.4074154,4.3871837,4.6761565,5.030031,6.9201226,10.347007,9.978527,6.2331142,6.876552,6.5723357,5.551088,6.48221,0.5367996,0.61359423,0.22317372,0.15468685,0.12139615,0.22342642,0.25310853,0.25966042,0.2827275,0.19466351,0.37551668,0.19446546,0.35110536,0.3342085,0.1625542,0.22837862,0.10985785,0.24223655,0.2692246,0.2068866,0.29650444,0.1814433,0.3609081,0.1093594,1170.1422672261847,220.5842733661566,0.049492898002128485,0.014757405439662058,0.007965068,0.004078957,classical,classical.00050.wav,c:\Users\darsh\Documents\Codex\2026-04-27\i-am-a-first-year-computer\Data\genres_original\classical\classical.00050.wav
-230.27237,119.15338,-1.0512242,28.384487,10.00878,16.125822,4.793946,6.1923785,0.9515957,5.915187,-1.1755236,3.5739167,-2.0996544,-0.90729165,-1.8530504,-0.006134033,-2.7977016,2.3327787,-1.4417099,2.738794,168.08978,33.985756,32.913143,9.796866,11.764702,8.610858,8.146455,6.0049453,5.8338685,6.395125,7.44102,6.3330317,6.271151,5.8398533,5.386042,6.264855,5.974557,6.4131846,8.147443,7.802769,0.37507308,0.39823943,0.4917449,0.4107604,0.45233428,0.32307506,0.40875915,0.4037614,0.28654388,0.33962068,0.31262532,0.37494943,0.290435,0.26655233,0.35857788,0.257089,0.3277147,0.19812761,0.32836995,0.32836342,0.2273208,0.29331768,0.22856516,0.29716572,1527.645526264714,482.0758212352385,0.06010507872968266,0.04002613091891299,0.08052824,0.05630094,classical,classical.00051.wav,c:\Users\darsh\Documents\Codex\2026-04-27\i-am-a-first-year-computer\Data\genres_original\classical\classical.00051.wav
-186.42809,86.65457,-15.711973,14.741793,-2.2158978,6.271489,-0.8879223,0.66504693,-6.0883217,-5.213674,-7.8659334,-1.7187315,-4.7045016,-2.0543664,1.4163773,2.7643516,3.301296,3.110024,-4.4082932,-5.0353703,97.67837,30.494736,24.35168,10.513693,9.936602,10.112263,6.2925115,7.085171,10.959652,13.525153,12.478253,9.298866,10.111993,9.914572,7.5184517,8.00795,7.7988806,11.550343,8.842999,8.011611,0.4453079,0.34236494,0.38347146,0.35206875,0.39714238,0.39354953,0.337966,0.33132714,0.3098642,0.46075958,0.5092944,0.3932405,0.32256022,0.24876624,0.29698724,0.2708187,0.31331444,0.29391915,0.25526214,0.28399423,0.24036917,0.29806817,0.34075344,0.26831922,2411.9327529379098,649.0895646716789,0.12697013169988391,0.04829672070558114,0.05548111,0.035853125,classical,classical.00052.wav,c:\Users\darsh\Documents\Codex\2026-04-27\i-am-a-first-year-computer\Data\genres_original\classical\classical.00052.wav
-119.304375,149.57779,-43.31768,24.636248,-5.609388,10.784379,-2.8926942,0.7833024,-6.5456386,4.3880386,-1.2940493,1.3600911,-1.0813607,-2.439028,-1.9371483,1.2953314,-1.3851025,1.040794,-5.6063004,-1.9899353,69.17158,30.34484,15.380595,11.208684,10.697909,7.9766407,8.324081,6.416741,6.798346,5.9120917,6.2541656,6.5415225,5.5145016,6.0947547,6.32125,6.0950193,6.022693,5.960891,5.995364,5.149835,0.1814247,0.25115803,0.65437055,0.24085368,0.2276286,0.28136867,0.31636217,0.5384486,0.22165935,0.32336244,0.22502165,0.19489382,0.23448962,0.1531336,0.33735925,0.18234196,0.23437679,0.29795197,0.17424351,0.39749235,0.1321899,0.2526701,0.2236067,0.17123051,1465.595382672086,341.42284973894107,0.0879189694998065,0.023161765649490348,0.13980983,0.054742787,classical,classical.00053.wav,c:\Users\darsh\Documents\Codex\2026-04-27\i-am-a-first-year-computer\Data\genres_original\classical\classical.00053.wav
-106.22088,127.37078,-45.286133,31.277216,4.30544,-5.068433,-16.129375,14.690696,-7.9120975,-1.2216625,2.9819393,17.464767,-4.0720086,1.7858331,0.5945659,4.6090927,-9.991413,-3.341979,-3.1053746,1.9085141,60.306877,27.178297,16.46365,12.553715,20.884369,10.766384,15.84761,17.37644,11.69471,16.753424,18.008574,17.253351,16.215317,11.168532,14.096418,11.1383,8.99639,8.197715,8.020921,8.155529,0.5081605,0.50838554,0.48933086,0.36999938,0.28508854,0.27867785,0.2104731,0.25046682,0.21144475,0.21122593,0.23835233,0.27233222,0.37967324,0.32281542,0.34633082,0.30788612,0.26723573,0.28249642,0.2064668,0.2623857,0.21824877,0.24174082,0.2838597,0.20829368,1712.466255822982,331.59479339003,0.11627820844620743,0.037706937818910005,0.17533353,0.04645984,classical,classical.00054.wav,c:\Users\darsh\Documents\Codex\2026-04-27\i-am-a-first-year-computer\Data\genres_original\classical\classical.00054.wav
-484.0267,144.12991,1.3964741,8.075529,4.933926,-2.3170042,-2.7469437,-6.8448114,-10.147136,-8.056599,-7.1516705,-10.563925,-7.787432,-2.953303,-0.26718092,4.28538,5.3024387,0.19885689,-4.530799,-1.8802834,67.17221,40.28454,21.88759,11.581208,10.759542,7.502872,6.861934,6.5629973,7.6495905,8.592766,7.7455544,8.140018,10.73989,11.102303,8.575427,12.3183565,14.194555,13.012353,13.049363,16.678589,0.09572725,0.240594,0.11918495,0.29182756,0.2749842,0.10078281,0.17061427,0.09200788,0.259332,0.29171917,0.124691054,0.17628136,0.107983895,0.36472058,0.10993491,0.35284978,0.34454802,0.15015677,0.31404036,0.110367,0.35471776,0.37347952,0.12692733,0.31731647,1079.9035739320498,382.2602507167906,0.059341288941563465,0.022818711278692897,0.0130498,0.010620829,classical,classical.00055.wav,c:\Users\darsh\Documents\Codex\2026-04-27\i-am-a-first-year-computer\Data\genres_original\classical\classical.00055.wav
-81.13433,129.09853,-42.53483,33.17631,5.6636167,-6.4022493,-2.2610989,7.3734436,-18.71801,2.4979706,3.7862806,1.9323549,-10.066779,0.94372183,-3.5698192,-6.166297,-8.030749,3.77427,-5.0294724,-0.854152,52.11852,19.35082,11.768621,10.785626,10.065049,9.877772,9.739526,9.345614,8.042648,6.6832776,8.568946,6.912072,7.6793203,6.078082,6.171329,6.246417,5.980529,6.256695,5.915444,6.8878436,0.16565232,0.20651048,0.69080853,0.3029929,0.27772588,0.18376522,0.32615405,0.62049264,0.27906567,0.28397828,0.15213935,0.26522288,0.1830578,0.10608534,0.35112223,0.15347593,0.32059115,0.12406914,0.19867806,0.3306145,0.14360732,0.29286808,0.10745476,0.2198342,1680.101088819283,306.6915082171124,0.09672579455301858,0.02628483352505931,0.1898476,0.060378224,classical,classical.00056.wav,c:\Users\darsh\Documents\Codex\2026-04-27\i-am-a-first-year-computer\Data\genres_original\classical\classical.00056.wav
-367.15607,112.80698,-18.74737,10.16273,-1.6047248,3.802954,0.9223539,5.067149,-5.3725705,-9.522553,-8.495645,-1.7838283,1.299132,-3.8675704,-2.6413093,-1.0574461,-1.2753583,-2.5051804,-2.5693927,-4.0697618,94.207306,37.93874,19.766813,15.1399765,9.945834,8.345478,8.432386,9.078248,13.131615,12.845862,9.46493,10.102591,13.360964,10.862709,11.699647,10.092693,7.4858847,9.858107,14.455173,12.332267,0.39473048,0.2122016,0.36833236,0.20344858,0.21090093,0.23700246,0.14323519,0.30492637,0.20854433,0.24797483,0.30798566,0.20691395,0.41278133,0.17518203,0.37142727,0.25713667,0.2504111,0.312584,0.13920555,0.3643987,0.23960276,0.2782469,0.33397773,0.19892326,1751.7302668488421,623.2305550134545,0.09525792738970588,0.04080153757116091,0.016770324,0.009566412,classical,classical.00057.wav,c:\Users\darsh\Documents\Codex\2026-04-27\i-am-a-first-year-computer\Data\genres_original\classical\classical.00057.wav
-349.95245,161.85112,-3.3711889,14.167044,5.7339716,3.5160558,2.9774911,-7.090642,-7.917532,-0.36460108,2.8495579,-2.4810455,-6.7919493,-8.835341,-6.662253,-4.9016824,0.09311981,4.2603326,5.0968914,2.6105819,41.935406,18.338339,16.414099,8.709032,7.504628,7.559432,7.5453176,8.539815,9.786611,12.830284,10.136751,9.863011,11.94397,9.134253,9.656652,9.185065,9.685603,11.947491,8.975263,11.714966,0.25889388,0.15513971,0.40333506,0.14622828,0.35984617,0.41566476,0.22014871,0.37764296,0.17055759,0.3742364,0.11168457,0.19519146,0.29115877,0.14722915,0.38257295,0.124090485,0.3374239,0.35229608,0.15665701,0.40090227,0.11074738,0.3624597,0.112848744,0.25382277,1137.9529528789749,183.55103393997462,0.08186836360777863,0.02628212605128485,0.029987613,0.011119149,classical,classical.00058.wav,c:\Users\darsh\Documents\Codex\2026-04-27\i-am-a-first-year-computer\Data\genres_original\classical\classical.00058.wav
-197.15273,137.3531,-34.188927,25.362162,-5.2665977,-2.777788,-9.506929,-7.6099863,-7.644685,-5.66784,-4.3867764,-5.4302173,-3.5417912,-5.667922,-1.8943717,-2.8863933,-3.475987,-4.0221157,-7.300359,-4.2040553,75.00913,24.626093,20.408998,9.278475,6.7835107,6.565134,6.0232406,6.28513,6.96698,6.499182,7.2361584,7.1180854,6.918944,5.8832264,6.106297,5.8383403,5.9065404,6.956294,7.5719233,10.402735,0.33309987,0.19689222,0.3095982,0.18925622,0.3075407,0.3359872,0.24827415,0.32611772,0.2459393,0.3759906,0.21811669,0.3041884,0.31782573,0.15964216,0.34712085,0.16373278,0.3056298,0.33595264,0.23160736,0.3361215,0.23075318,0.34066427,0.21171886,0.3020712,1551.8652270368914,350.7138232804614,0.09329951141640867,0.03014453469291171,0.069151305,0.035854626,classical,classical.00059.wav,c:\Users\darsh\Documents\Codex\2026-04-27\i-am-a-first-year-computer\Data\genres_original\classical\classical.00059.wav
-166.43155,122.135544,-32.106792,16.685278,-5.4006796,-2.4871233,-9.832806,-4.9005094,-6.974422,-4.571057,-6.6684146,-5.4972816,-5.372569,-4.9623013,-2.7911627,-3.1922195,-4.085201,-3.5495975,-4.6303477,-1.165406,57.2064,26.36772,14.952005,7.714169,6.5668616,6.609678,5.5066304,5.58682,6.2397885,6.6427884,7.4014115,6.049907,6.478449,6.4496336,7.3192186,6.069889,6.1659527,7.3617277,7.0876446,7.8920197,0.40976623,0.2298857,0.28202835,0.21535839,0.31852317,0.33988664,0.26599,0.38274002,0.24949662,0.3407519,0.23353374,0.39522934,0.3387464,0.19604652,0.29050428,0.19693202,0.29896688,0.3406976,0.20398664,0.34352595,0.20911682,0.3226676,0.21358624,0.32178244,1803.525958968436,418.47961876831687,0.10401637782991487,0.03171899577332348,0.0687404,0.026964271,classical,classical.00060.wav,c:\Users\darsh\Documents\Codex\2026-04-27\i-am-a-first-year-computer\Data\genres_original\classical\classical.00060.wav
-274.38638,148.3534,-20.334354,21.812437,7.930837,3.775937,-2.2328162,-6.1013494,-5.629294,-6.689498,-5.9066043,-4.595,-1.5465237,-3.0266495,-4.695847,-7.7213106,-7.2142706,-5.4065905,-5.2479424,-5.273998,85.82857,26.263615,24.899845,9.672348,13.786191,10.110924,7.241384,8.354999,7.0149813,7.3774633,8.618488,9.376488,9.193401,10.591995,11.221551,9.218585,10.1605215,9.08233,9.609446,9.355764,0.47097528,0.21900257,0.31081384,0.19041497,0.31671742,0.20581326,0.20139426,0.39423668,0.23731616,0.37750953,0.17266715,0.28416416,0.3718258,0.16335154,0.34191573,0.18136849,0.332492,0.23452705,0.2013933,0.3497973,0.18077199,0.37773693,0.1548963,0.24512453,1322.6998486991345,458.9607680657917,0.07612614587364551,0.027809245768006655,0.048178677,0.030193407,classical,classical.00061.wav,c:\Users\darsh\Documents\Codex\2026-04-27\i-am-a-first-year-computer\Data\genres_original\classical\classical.00061.wav
-305.4226,135.9234,-11.752712,18.215021,10.38905,3.012959,-5.5959153,0.14172544,-1.3495618,-1.8677533,-3.2052636,-6.742522,-2.6944177,-5.5971813,-4.5236397,-4.7845087,-5.3687053,-2.6217136,-5.8361917,-6.929955,139.76178,32.486618,21.471775,10.405195,12.172965,7.847431,9.335309,6.6077433,7.308969,5.795377,7.071764,6.7243137,7.745543,5.440296,5.565355,6.088061,7.485321,6.591617,6.5713406,6.90261,0.43406484,0.26032627,0.3332644,0.2179192,0.24301006,0.45379874,0.33212322,0.30205795,0.21611899,0.3676689,0.3846939,0.29847306,0.36670932,0.19104995,0.32591695,0.24365701,0.19866648,0.35673606,0.28657302,0.3243024,0.1933677,0.3176431,0.3424476,0.2257562,1474.8137600109778,668.0644773330388,0.07404603751451239,0.03514638407929262,0.0389268,0.03617834,classical,classical.00062.wav,c:\Users\darsh\Documents\Codex\2026-04-27\i-am-a-first-year-computer\Data\genres_original\classical\classical.00062.wav
-465.86432,180.2054,56.636234,11.025559,5.8447804,0.7319183,-3.974208,-5.888048,-8.464273,-9.792967,-7.6927004,-3.2534184,-1.8652483,-4.0191536,-4.1090255,-2.4697332,-2.3577726,-2.9964194,-3.223165,-1.7109013,38.549152,20.848518,17.96019,11.725822,6.995511,6.9536595,6.6311407,6.5821767,6.5451927,6.4450116,7.0473595,6.7252936,7.1396065,7.930917,8.619422,9.142865,8.08487,7.485408,7.724098,6.032907,0.25638014,0.1772225,0.25013644,0.16080016,0.17695175,0.45994487,0.19207598,0.1311967,0.12041734,0.18346283,0.37709394,0.23527595,0.3254516,0.22151871,0.33913964,0.2560582,0.14039049,0.40121967,0.16370396,0.22389656,0.20141953,0.23682572,0.40865245,0.25098234,690.354003458877,89.2063502868016,0.036054203753869966,0.0066329535752611924,0.020152481,0.013462424,classical,classical.00063.wav,c:\Users\darsh\Documents\Codex\2026-04-27\i-am-a-first-year-computer\Data\genres_original\classical\classical.00063.wav
-498.68024,145.66777,46.47074,15.253132,3.067774,-0.8257451,-5.210668,-6.1987047,-3.8057752,0.08864204,2.7183185,2.2182074,0.24392757,-0.45965174,-0.87284726,0.5873403,3.2759447,2.2999613,-2.5685794,-4.8113203,67.73988,30.076118,28.604969,15.244345,9.662045,9.284138,9.019142,7.9132247,8.626589,10.265799,9.32981,7.650922,8.678638,7.719748,6.6636634,6.2841673,7.389377,6.789772,6.1672397,7.0342555,0.132288,0.21326411,0.11767267,0.3151551,0.1968544,0.056659833,0.10438923,0.19398183,0.6018275,0.26636127,0.07038457,0.11831054,0.12973133,0.3625194,0.11817401,0.35270044,0.26160273,0.08256992,0.22997499,0.13627586,0.4233949,0.2069057,0.10085163,0.2751127,1118.5116673005261,308.13886508439464,0.04229906395123839,0.012412360354917716,0.012561125,0.013867905,classical,classical.00064.wav,c:\Users\darsh\Documents\Codex\2026-04-27\i-am-a-first-year-computer\Data\genres_original\classical\classical.00064.wav
-421.71585,172.79298,28.108301,-2.576975,-3.565678,-4.865175,-8.889884,-10.696762,-7.6852007,-7.9576297,-7.334867,-2.7171752,-0.9175328,-4.206839,-8.415388,-8.393858,-4.128091,-0.41836637,0.08662469,-0.2605472,69.63502,25.069345,32.159943,13.275838,10.817613,9.681495,10.35953,10.928993,10.234219,10.010066,11.270849,13.523867,12.840618,9.178051,7.705129,7.655211,8.049355,7.395969,8.906949,11.601201,0.16359411,0.35692453,0.49000946,0.28249216,0.13819848,0.17700396,0.18760456,0.11599457,0.09088236,0.15327975,0.18015473,0.15018739,0.20741764,0.35511568,0.37005746,0.33398443,0.19355537,0.2502099,0.3034864,0.2015064,0.16350661,0.25958914,0.2667448,0.24454592,828.825494001674,121.64715859045253,0.047511806428986066,0.014663807634009174,0.029191138,0.02243356,classical,classical.00065.wav,c:\Users\darsh\Documents\Codex\2026-04-27\i-am-a-first-year-computer\Data\genres_original\classical\classical.00065.wav
-429.35043,175.13577,31.91132,4.2821155,1.0457517,-5.766878,-9.477815,-11.283073,-10.581982,-8.664747,-6.3338895,-1.6819394,0.81892645,-0.18230265,0.03587053,0.20540465,-1.8460841,-4.415224,-4.967982,-4.6011143,64.98822,29.929533,27.663727,12.217208,9.727638,8.198855,8.138007,8.841019,7.9849615,8.534219,10.334399,11.005221,11.698725,10.000553,11.003347,11.247523,8.893315,8.415873,8.576895,9.433471,0.27219144,0.16109677,0.20583239,0.18325251,0.0699535,0.09970107,0.105998635,0.2832789,0.1879678,0.12434545,0.32101044,0.23043065,0.36646232,0.22375374,0.29988214,0.29871577,0.101319455,0.21903123,0.13606183,0.38441673,0.2807059,0.15906462,0.38405478,0.26560077,795.1394730921776,186.36987820328966,0.04503222958591331,0.009674421185234575,0.03171597,0.023293355,classical,classical.00066.wav,c:\Users\darsh\Documents\Codex\2026-04-27\i-am-a-first-year-computer\Data\genres_original\classical\classical.00066.wav
-413.57153,143.4208,31.354317,14.031841,1.5281578,-2.2939954,-6.4803367,-8.104998,-5.9279113,-4.468454,-2.7899308,-0.814875,-1.2128332,-2.38627,-3.8151693,-3.519501,-2.7149518,-2.386343,0.621123,2.663334,107.40965,47.8512,37.34424,13.529726,12.927327,9.753758,10.406727,10.825286,8.587626,8.608446,7.932025,7.2119813,8.468843,10.030412,9.037895,6.6750126,5.6349545,6.759647,7.731711,8.081572,0.42254052,0.231947,0.2970721,0.21177359,0.3842247,0.31580493,0.17658605,0.3243559,0.1634273,0.124909095,0.16929395,0.38813496,0.35778287,0.19171055,0.34763485,0.20965411,0.36692643,0.3249372,0.17417166,0.3445679,0.20830938,0.22334208,0.22771361,0.32385296,1117.9494607534948,675.7249815154298,0.046355350836880804,0.01652557912855383,0.031677265,0.03648887,classical,classical.00067.wav,c:\Users\darsh\Documents\Codex\2026-04-27\i-am-a-first-year-computer\Data\genres_original\classical\classical.00067.wav
-234.41783,130.25517,-39.531147,19.335638,-6.793275,-5.1301126,-3.707368,-4.0360165,-5.071877,-1.3683323,-7.73577,-4.382001,0.46520543,0.7849735,5.4507375,8.774231,7.0391765,2.4159997,-2.308834,-0.24570014,63.37788,16.013742,11.08876,7.8274374,8.212188,6.2829037,7.026742,8.48681,10.536061,6.5005894,8.486792,9.135136,9.6909485,9.860207,9.956787,10.061877,8.135521,9.788584,9.8713255,10.490412,0.41676953,0.12567209,0.15850107,0.08215894,0.29507533,0.5276158,0.15229538,0.2886566,0.1442847,0.39837226,0.33066872,0.16738765,0.3514445,0.094092436,0.24031499,0.098273605,0.25255495,0.39153954,0.10133666,0.34494415,0.1157377,0.34859776,0.3316382,0.11563513,1559.8986812117996,234.31515895873875,0.09520237217008513,0.01843989100138561,0.057378534,0.029722208,classical,classical.00068.wav,c:\Users\darsh\Documents\Codex\2026-04-27\i-am-a-first-year-computer\Data\genres_original\classical\classical.00068.wav
-321.1795,136.29668,-28.299364,31.01146,0.5664157,0.23202671,0.65548563,-1.3426684,-0.057696976,-0.4247515,-6.1809053,-0.14451793,-0.45611703,-0.7306297,7.474551,10.973123,7.8342543,4.3253202,2.9853895,5.849007,41.99681,16.868378,14.048756,10.074852,7.3672333,8.384081,7.3493686,6.84033,6.9206066,7.8381524,8.201573,8.476526,9.671109,7.9701715,9.94528,12.619298,13.620118,10.448072,10.342774,10.222704,0.39428604,0.124584414,0.1789647,0.074943356,0.23662882,0.43130136,0.15175028,0.29236796,0.119670205,0.34636113,0.3286858,0.1607232,0.38714477,0.09854443,0.26312637,0.08425861,0.25640193,0.38796088,0.11544486,0.36445805,0.07986747,0.35542977,0.3449075,0.13574286,1349.5963387962488,203.77122345460705,0.079280321812113,0.020982316154346026,0.029149206,0.012187736,classical,classical.00069.wav,c:\Users\darsh\Documents\Codex\2026-04-27\i-am-a-first-year-computer\Data\genres_original\classical\classical.00069.wav
-321.19263,134.53426,-18.23528,22.17988,0.4295409,-3.805615,0.49535307,-1.1447424,-1.9025488,-0.105402045,-2.7555182,0.5932068,2.4970195,0.30708158,1.6812915,2.888143,2.0844862,1.1636723,-2.393689,-3.407903,84.754776,23.95472,18.508823,9.200348,9.115321,7.3437247,7.006907,7.3808823,8.687014,9.053721,8.149285,10.283618,8.888767,7.819336,7.951372,7.8619742,8.480181,7.072475,6.842188,9.919305,0.24016498,0.18247908,0.25182095,0.16887768,0.2125251,0.2716943,0.14158559,0.21744509,0.22609726,0.5400896,0.31467712,0.16349137,0.31186503,0.2044214,0.3139528,0.24850199,0.24787453,0.33446538,0.16615501,0.3020792,0.212317,0.40969384,0.30202737,0.1935501,1355.999780696475,298.01405109594117,0.07085595854295666,0.023769307352814645,0.031904,0.02620659,classical,classical.00070.wav,c:\Users\darsh\Documents\Codex\2026-04-27\i-am-a-first-year-computer\Data\genres_original\classical\classical.00070.wav
-269.69882,136.47507,-25.00176,26.395002,0.6870049,-5.381706,-1.1201948,-1.5102577,-0.16106214,-3.78516,-9.28722,-3.1484404,1.6416061,0.67547303,1.8981233,2.231688,-2.122755,-3.6631796,-1.0772648,3.5317945,70.4567,20.19409,14.961593,8.970952,8.381132,5.4802904,7.180627,10.072043,9.603159,8.028975,9.03471,9.7180395,9.790772,10.926349,10.814892,9.784349,9.30574,7.7527957,9.401556,12.849669,0.46530312,0.19248612,0.17307098,0.10423218,0.18461293,0.29413235,0.12555902,0.19328164,0.094733745,0.20329995,0.22883752,0.2382978,0.4297481,0.20252573,0.29629958,0.14150067,0.2607616,0.3537586,0.13592675,0.29740983,0.10375474,0.2909795,0.3111166,0.24143739,1396.7861186062223,270.31471985197777,0.07585706208881579,0.023570522487004263,0.05169907,0.039893553,classical,classical.00071.wav,c:\Users\darsh\Documents\Codex\2026-04-27\i-am-a-first-year-computer\Data\genres_original\classical\classical.00071.wav
-360.83704,138.98073,-12.931411,33.80207,7.5938,-1.7090735,1.0358474,4.07697,3.9310114,0.9335502,0.5041116,4.6821156,3.340199,-2.254389,-1.8542651,2.2155046,1.7880185,-1.5159181,-3.251121,3.9964302,82.25546,28.993984,14.175501,9.102297,7.5640693,5.9451456,6.1315837,5.780923,7.3833046,9.922815,13.258036,12.894903,8.769201,7.9488163,8.631607,7.1460276,7.9938216,7.440508,8.758908,10.087966,0.31457385,0.19967651,0.32023475,0.2661829,0.2499116,0.47222045,0.21978188,0.175759,0.15546343,0.33544046,0.40430957,0.23974945,0.3010387,0.2008537,0.31519404,0.28523898,0.23110102,0.3906426,0.19322209,0.25481278,0.18437047,0.30618927,0.35873407,0.23151708,1285.1523138296154,358.7152698774204,0.06374980347813468,0.028602283440733588,0.020721398,0.01419566,classical,classical.00072.wav,c:\Users\darsh\Documents\Codex\2026-04-27\i-am-a-first-year-computer\Data\genres_original\classical\classical.00072.wav
-306.78555,152.90353,-27.586826,16.319193,-3.155099,-8.931759,-5.4318347,-9.781289,-7.1121745,0.29346597,0.8718292,5.4160614,8.195814,4.202757,2.0560663,3.0276265,-0.39087495,-2.8138077,-2.9029148,1.3315637,75.52226,25.932365,18.663317,15.20308,13.280631,10.224153,8.64158,9.31545,8.618426,7.973286,11.993125,14.103358,13.199363,11.427992,9.170062,9.114084,8.259222,8.151732,10.109883,12.375188,0.4294951,0.152489,0.28614494,0.15260021,0.19393383,0.46074593,0.14132883,0.1185946,0.061452016,0.1899469,0.24284725,0.16634926,0.40518433,0.110377185,0.376458,0.22184655,0.19987279,0.40958986,0.14401758,0.2234975,0.08625392,0.2595772,0.3357641,0.13656107,1211.352791907563,323.9495737065201,0.07093910240905572,0.022189483476095694,0.043812327,0.023809152,classical,classical.00073.wav,c:\Users\darsh\Documents\Codex\2026-04-27\i-am-a-first-year-computer\Data\genres_original\classical\classical.00073.wav
-289.8248,143.90315,-26.996418,24.06762,-1.1449989,-6.298981,-2.7494168,-3.5280802,-3.0203989,-3.1464949,-7.2563243,-1.6778028,3.078598,2.6800532,2.5299106,4.6131744,2.3748035,-1.2788944,-3.5456932,-2.8067148,84.771545,21.011961,11.494019,8.367143,8.050723,8.293493,6.3201427,6.1720457,8.153153,7.5811677,6.8418164,7.3964934,8.472772,8.599718,7.7527266,7.961812,7.395577,6.712752,8.649578,10.352289,0.27739778,0.13734092,0.3027205,0.14736451,0.21253084,0.44993493,0.14753526,0.1391173,0.10037896,0.3158212,0.4394516,0.17932779,0.34731677,0.11547772,0.34566313,0.16648616,0.21684466,0.41033456,0.12311393,0.23386417,0.116270244,0.28730732,0.4009256,0.13630742,1360.0001055902917,296.75287431380366,0.07211672189434984,0.022112688936024073,0.037271157,0.026768878,classical,classical.00074.wav,c:\Users\darsh\Documents\Codex\2026-04-27\i-am-a-first-year-computer\Data\genres_original\classical\classical.00074.wav
-412.95926,138.51984,-19.262383,34.14668,8.975063,-4.2944713,4.1525836,0.8819504,3.0793786,0.122496426,-4.0571847,3.7797232,5.917003,3.4958465,6.631978,6.7447453,2.4679754,-1.8811084,-0.058645833,2.7300158,61.39418,28.279606,16.351915,8.580563,9.024975,6.002459,7.503428,7.6052313,7.0720043,8.500025,11.207878,11.098069,12.635535,14.220447,13.505219,10.674485,12.591404,14.164075,11.143839,11.373656,0.53589416,0.2608436,0.068756886,0.09138043,0.17037943,0.26330128,0.12949198,0.24329142,0.2203678,0.11388122,0.23377596,0.27747294,0.37123585,0.29664835,0.08927045,0.18141226,0.24922055,0.35293868,0.1420071,0.3080122,0.3001821,0.1255267,0.3363771,0.27167213,1171.8444805151357,284.7026601446971,0.0608847414376935,0.025786267477004098,0.016478458,0.009989277,classical,classical.00075.wav,c:\Users\darsh\Documents\Codex\2026-04-27\i-am-a-first-year-computer\Data\genres_original\classical\classical.00075.wav
-238.59631,149.78308,-28.872143,28.239666,-0.8014045,-3.9247715,-2.135668,-4.334019,-4.1872807,-3.438998,-5.7715425,-0.12075097,2.519979,0.68883616,0.07483931,1.7069905,0.6496945,1.465943,-1.8280256,-6.239791,73.950676,23.749903,13.249538,8.886808,8.031624,5.4540524,5.738,5.411198,5.7326746,5.875284,7.3474827,9.174289,9.930978,8.428025,8.46986,6.553,6.3329654,7.8294888,8.466527,9.112043,0.30526033,0.23003536,0.20068732,0.4150306,0.16568714,0.18385346,0.11607296,0.34255096,0.3928635,0.20949708,0.36707014,0.19690041,0.32956418,0.29078838,0.18864802,0.37735018,0.14994894,0.30727273,0.09958926,0.31568667,0.35351482,0.15684085,0.35054648,0.17381307,1340.368610909044,267.5069757604034,0.07171347414376934,0.022655462261553693,0.05884206,0.03754213,classical,classical.00076.wav,c:\Users\darsh\Documents\Codex\2026-04-27\i-am-a-first-year-computer\Data\genres_original\classical\classical.00076.wav
-477.97784,155.31071,12.760653,5.525207,2.3770728,-10.652258,-16.648241,-12.547406,-11.190112,-9.378248,-3.21803,-2.767349,-6.4684463,-8.300396,-7.093545,-7.4725733,-5.324364,1.2635611,1.8797901,-1.6579893,92.71363,38.828705,28.30201,15.163919,9.798439,10.863765,9.100839,10.276102,13.140335,11.487208,8.131529,10.945721,9.505673,8.226942,8.347967,7.8983126,9.927375,11.296059,8.443593,9.126318,0.17473452,0.09401336,0.28303477,0.40267986,0.19130108,0.3291451,0.19867525,0.19244288,0.27531815,0.16436927,0.15880819,0.16388083,0.2549265,0.10286395,0.34552112,0.37849456,0.20476526,0.38895044,0.22885092,0.26119882,0.34626186,0.17309357,0.2628154,0.2478673,811.9966754623425,224.49742408834263,0.04834475679663313,0.015943550691569632,0.016752148,0.017732562,classical,classical.00077.wav,c:\Users\darsh\Documents\Codex\2026-04-27\i-am-a-first-year-computer\Data\genres_original\classical\classical.00077.wav
-552.1063,173.36296,26.35445,14.122476,7.259276,-7.08497,-5.859201,-10.342716,-11.022791,-9.200838,-8.827268,-4.9302998,-3.6547005,-4.282815,-3.4607012,-4.82143,-5.679628,-6.546866,-8.206827,-6.4508395,40.58254,25.859638,14.174655,8.451181,6.8003206,7.44061,7.5164866,5.9911366,7.7435236,7.3392897,8.623216,10.006457,7.9136477,8.2452965,7.445104,6.7630024,8.221512,7.189089,6.901511,7.6505527,0.25686595,0.2331199,0.18223093,0.40229335,0.15897274,0.13768396,0.10124713,0.29532978,0.4032751,0.19807784,0.21308972,0.119620934,0.32793176,0.2872805,0.162562,0.40806577,0.18895295,0.27609783,0.12932302,0.3021214,0.36868784,0.20753324,0.32069397,0.11213172,715.4772961169846,209.58523667028138,0.04129340109810371,0.010510062190732826,0.006631079,0.004403584,classical,classical.00078.wav,c:\Users\darsh\Documents\Codex\2026-04-27\i-am-a-first-year-computer\Data\genres_original\classical\classical.00078.wav
-437.52524,170.9714,7.386171,-3.1087053,0.77730143,-11.135056,-12.523806,-6.900928,-5.850053,-8.45572,-8.472509,-8.329373,-7.3738,-6.733424,-6.0883675,-7.0600677,-6.6525064,-4.291024,-4.3992434,-4.915998,63.85527,28.69524,25.683376,11.245579,11.724911,11.463842,11.065164,10.545816,13.924882,11.248718,12.618786,14.729175,11.227196,9.659445,8.296541,9.169065,10.069938,8.550523,7.736818,10.143131,0.12176555,0.10357945,0.30335575,0.3556789,0.12747458,0.19534323,0.14056398,0.18211544,0.28738642,0.22788408,0.4085107,0.1590745,0.22975358,0.15025988,0.34180304,0.36166468,0.13095856,0.29360414,0.23048896,0.2511763,0.36128667,0.22227837,0.39564168,0.18622798,790.4782247441923,180.00795431633944,0.05211230771091331,0.019085273800894753,0.01884352,0.012051326,classical,classical.00079.wav,c:\Users\darsh\Documents\Codex\2026-04-27\i-am-a-first-year-computer\Data\genres_original\classical\classical.00079.wav
-549.6238,156.95288,6.6107097,34.415283,13.258632,5.755012,5.0514054,-3.0009751,2.0665762,3.0773385,2.016796,3.2401438,5.666261,5.7039456,3.6319153,4.0980306,4.334258,3.3654845,2.628941,1.6571872,87.917244,39.011806,23.346876,8.6579485,8.037953,8.443401,9.024746,8.612784,7.3138657,5.532987,6.5534306,5.5300045,4.157429,4.1418066,3.925693,3.7916064,3.721153,3.9357123,4.5370483,4.8701625,0.36730337,0.33428285,0.39524272,0.4815476,0.49326125,0.3855173,0.55626905,0.525199,0.29237357,0.27279282,0.57346135,0.57930756,0.26697978,0.27020207,0.26465988,0.29965088,0.34305134,0.3221157,0.29638302,0.3015761,0.24134766,0.23921332,0.31454757,0.27752995,973.5547961720958,307.0071678528797,0.031537602191369966,0.01124487629262521,0.0052696657,0.0054506175,classical,classical.00080.wav,c:\Users\darsh\Documents\Codex\2026-04-27\i-am-a-first-year-computer\Data\genres_original\classical\classical.00080.wav
-374.73544,153.82092,-21.55533,20.830206,7.003569,-3.9481635,-2.5215898,-2.8035054,-4.2827654,-4.4998736,-5.7614007,-4.259625,-3.8435433,-4.5857606,-3.6389863,-2.2903485,-3.1275449,-0.21475929,2.6295168,1.817537,55.63728,24.244442,15.040617,9.685559,8.237532,8.295179,10.105411,7.8264117,8.202738,7.6913214,7.016578,5.9648013,6.9822807,7.057519,6.6480193,6.8419123,7.395206,8.185386,8.7059145,10.137964,0.16070998,0.35965496,0.41993695,0.22230482,0.34362242,0.218636,0.36222523,0.22203761,0.20798528,0.24850771,0.15748787,0.2789872,0.14311697,0.32523668,0.3599575,0.18826504,0.35995552,0.18101756,0.36346474,0.2679601,0.23531143,0.29757077,0.16845599,0.31686905,1214.3345474841144,288.5132907355163,0.06055896865325077,0.020827313620755298,0.016512703,0.0070088822,classical,classical.00081.wav,c:\Users\darsh\Documents\Codex\2026-04-27\i-am-a-first-year-computer\Data\genres_original\classical\classical.00081.wav
-264.05682,142.12021,-51.35426,5.0189214,-20.266205,-17.137808,-16.06992,-20.311367,-15.042228,-9.738146,-8.402028,-11.775308,-6.8804574,-4.6050215,-2.0530014,-2.3747227,0.9640729,3.017726,1.3792968,5.554171,54.07283,33.107914,18.642967,10.889716,11.308122,9.643684,9.636476,9.018207,10.283143,8.267569,8.286581,10.985541,8.92446,8.701521,8.16306,9.955838,7.696279,9.596641,11.333521,9.663466,0.22400059,0.17009884,0.27082688,0.22453599,0.28992233,0.3168627,0.33061302,0.38744316,0.2888444,0.32383564,0.31515336,0.25046438,0.2674443,0.1898896,0.29000524,0.23353337,0.28695416,0.30399534,0.28393817,0.34480813,0.2656317,0.31195718,0.31464195,0.26861426,1415.311188046843,344.8888845649872,0.08737929022349071,0.03117456608626121,0.04296314,0.0147623,classical,classical.00082.wav,c:\Users\darsh\Documents\Codex\2026-04-27\i-am-a-first-year-computer\Data\genres_original\classical\classical.00082.wav
-338.7873,190.10437,-16.304815,3.704449,-0.44790414,-8.884474,-10.400301,-16.36604,-13.285849,-10.799826,-8.649679,-8.285074,-4.6188025,-3.792578,-4.5501957,-3.6639328,-0.9426806,0.5389654,-0.26442826,-1.5641769,61.9525,21.263168,26.060709,11.949527,9.711229,7.0426297,6.159959,7.3413644,6.036081,7.401782,6.8019056,7.4849386,6.4352717,6.160493,8.366582,11.319819,11.424025,8.536366,6.5176454,7.8721094,0.50768745,0.1788881,0.19513717,0.088169515,0.2235369,0.4096912,0.14107189,0.21645837,0.15860377,0.4756841,0.2028046,0.13797513,0.38513166,0.13420872,0.29917625,0.102895975,0.23519921,0.36483285,0.10333053,0.28748733,0.1035343,0.39257795,0.22470279,0.1064114,853.4404819807542,146.23212975721793,0.05079296572658669,0.01080585346299701,0.041872445,0.021725154,classical,classical.00083.wav,c:\Users\darsh\Documents\Codex\2026-04-27\i-am-a-first-year-computer\Data\genres_original\classical\classical.00083.wav
-369.13687,171.89467,-27.26967,6.0176663,-0.14046438,-10.669235,-11.915658,-10.193318,-11.368732,-10.511279,-8.377621,-9.789241,-5.0547614,-5.081166,-3.0338259,-1.7272465,-1.8499658,-2.2594447,-1.2759857,-0.43458486,76.08087,15.063887,24.041046,13.190881,16.66759,10.71125,8.756397,6.8626175,7.803773,6.6364946,6.0398254,6.413923,6.7362595,8.531062,7.3178835,7.066574,7.7124977,7.0946236,8.142731,7.197154,0.23021162,0.14386706,0.20854332,0.15709439,0.11341259,0.2116206,0.18951312,0.59012413,0.290796,0.19030255,0.43354627,0.18646318,0.2995865,0.16852628,0.23218465,0.1675525,0.14214681,0.25862283,0.121615134,0.40408424,0.26155013,0.16623846,0.4105707,0.16603334,1002.3644432557223,158.78139731884477,0.05794825125773994,0.013362718269365801,0.021968717,0.013925985,classical,classical.00084.wav,c:\Users\darsh\Documents\Codex\2026-04-27\i-am-a-first-year-computer\Data\genres_original\classical\classical.00084.wav
-246.21837,149.44388,-41.973816,11.606412,-10.287585,-4.0184045,-7.1389456,-10.137027,-9.425965,-7.1766233,-3.1531367,-5.6295013,-2.5816011,-4.5165157,-6.1636,-4.9719005,-3.3493166,-3.344111,-0.67309546,0.21787964,76.470375,38.45965,15.513177,9.869555,7.8205347,7.5594945,6.770273,8.250062,7.9705067,7.8564405,8.821147,7.830307,9.699262,6.6316514,5.850609,5.5107393,6.224218,6.703482,7.1474195,8.896231,0.3370545,0.22709906,0.4994972,0.29690698,0.36282337,0.34920207,0.20812114,0.3918666,0.21881817,0.32088864,0.2974929,0.20590961,0.3169296,0.16591038,0.37731743,0.2386219,0.30393612,0.29023677,0.1748048,0.338614,0.16459307,0.28195345,0.26036945,0.18310507,1525.6012665401886,459.9420139320247,0.09158788155476007,0.029153492452047302,0.038878046,0.020150715,classical,classical.00085.wav,c:\Users\darsh\Documents\Codex\2026-04-27\i-am-a-first-year-computer\Data\genres_original\classical\classical.00085.wav
-283.4352,159.55325,-29.518972,18.540627,-9.879668,-3.4205968,-10.990983,-9.78434,-8.296976,-4.2428293,-2.8664072,-5.9698157,-4.0209274,-3.3497474,-3.3910906,-1.8592801,-0.4466216,1.8976356,-0.11035156,-2.822332,73.45309,35.882317,12.832715,10.0502405,10.603727,7.196112,6.643123,6.5829744,5.9657397,6.578065,7.3474803,7.873333,7.90617,7.4037547,7.3278093,7.529267,8.279358,7.507345,7.6830087,7.0775127,0.1915859,0.1663486,0.3482064,0.46222633,0.23383796,0.4005394,0.20452017,0.42834908,0.4553816,0.26147205,0.4231486,0.16996482,0.21352229,0.18416813,0.28314537,0.34730533,0.16301666,0.3474992,0.14050955,0.31896907,0.3412167,0.16137509,0.34188455,0.123417325,1356.517262209537,469.8985898212608,0.07686121323529412,0.0317573257761655,0.031511255,0.018902013,classical,classical.00086.wav,c:\Users\darsh\Documents\Codex\2026-04-27\i-am-a-first-year-computer\Data\genres_original\classical\classical.00086.wav
-393.0342,190.77562,-13.312166,8.263633,1.5518675,-11.080791,-11.24487,-13.998271,-10.620688,-9.390383,-4.6135573,-10.067735,-4.8152575,-1.7492368,-4.67867,-2.1273618,1.0223783,1.3087287,-0.15664078,-1.4133812,71.15457,19.565535,24.27389,8.786366,8.160263,7.3461485,6.626475,5.8552575,6.97606,6.4832296,7.214956,7.6401734,7.2256002,7.2914,6.9212337,7.0786753,7.036057,7.9127502,8.177368,8.806859,0.22896484,0.2148632,0.40248883,0.16071226,0.21933028,0.12500188,0.2908188,0.45112738,0.23991337,0.43308738,0.18514155,0.34192783,0.23247331,0.1941494,0.38198343,0.13295217,0.2840588,0.16385488,0.27531996,0.37169403,0.1686491,0.38139167,0.12342578,0.3233397,876.9626952356676,180.58755942797632,0.051046554518188854,0.012577643145683451,0.021436756,0.011239038,classical,classical.00087.wav,c:\Users\darsh\Documents\Codex\2026-04-27\i-am-a-first-year-computer\Data\genres_original\classical\classical.00087.wav
-299.7918,157.32382,-37.35202,15.766813,-5.7569356,-4.454066,-6.8151817,-10.736592,-9.884846,-8.157444,-5.422234,-7.8400235,-2.730619,-1.1097305,1.6480838,3.6400812,3.083553,0.1086999,-0.79648507,-2.7367735,70.340126,18.214058,13.975196,9.245681,9.204129,7.4848847,6.2557235,6.402839,6.9148664,7.566148,6.5054426,7.18944,6.5664124,7.401105,8.035735,7.676942,8.561616,8.375349,7.0034246,6.903972,0.34129423,0.25292143,0.21154617,0.31092006,0.14867634,0.21900977,0.14118482,0.39683026,0.5555497,0.2745469,0.46130672,0.21650027,0.31637886,0.27211848,0.20093606,0.29623562,0.13618909,0.25961557,0.13198489,0.3229996,0.37468827,0.16828366,0.37607455,0.1471256,1302.9045959121115,253.7397279795054,0.07053623258513932,0.019884481962873287,0.028229875,0.01521646,classical,classical.00088.wav,c:\Users\darsh\Documents\Codex\2026-04-27\i-am-a-first-year-computer\Data\genres_original\classical\classical.00088.wav
-301.92847,57.542442,-59.13327,33.542343,-20.91211,17.741283,-0.64305013,49.023758,19.13011,27.098505,-17.633902,-0.2625496,-3.7518337,18.160437,9.950029,11.609913,11.278923,15.386705,-7.4021535,-5.847584,51.179836,28.63182,15.927583,9.061071,8.502184,9.223946,13.949977,19.628746,15.403301,18.811926,24.301636,15.812771,17.01666,18.16576,11.143163,7.2303166,7.0418463,12.654897,11.378993,15.481513,0.18490352,0.09342169,0.061236314,0.18328846,0.27507266,0.089418314,0.12427932,0.07527596,0.36874184,0.3404348,0.15641594,0.65541774,0.13986789,0.21090451,0.122379415,0.22058372,0.33728635,0.1270181,0.19088642,0.09833946,0.3537965,0.33800957,0.12439731,0.41450927,2423.3992282999484,344.9004033719593,0.16668644482875386,0.033537387128836645,0.03511974,0.014913139,classical,classical.00089.wav,c:\Users\darsh\Documents\Codex\2026-04-27\i-am-a-first-year-computer\Data\genres_original\classical\classical.00089.wav
-326.31674,85.90871,-42.98692,31.837812,-19.576056,9.992609,-16.461275,10.000379,-8.599359,25.513212,6.5387473,16.400175,3.502858,9.5951805,5.9227586,9.285647,9.963877,9.19915,2.789936,-5.384016,35.382767,18.38186,13.055636,8.184839,9.003849,7.241083,7.5129185,7.408611,9.026342,12.877058,11.315484,13.15395,13.920413,11.439767,12.7552395,10.996062,9.59946,10.2922125,11.211783,14.516922,0.1677255,0.28699318,0.1296535,0.26353773,0.15776211,0.07338659,0.17544758,0.22691494,0.48707,0.27387613,0.241922,0.14773375,0.22189513,0.36597273,0.13494302,0.2973697,0.23467389,0.09658103,0.29957226,0.2618762,0.39774227,0.3045277,0.31430095,0.21958941,2172.514738800756,364.63691918121316,0.151986231375774,0.044230951995267456,0.023853911,0.010360611,classical,classical.00090.wav,c:\Users\darsh\Documents\Codex\2026-04-27\i-am-a-first-year-computer\Data\genres_original\classical\classical.00090.wav
-251.3183,88.73774,-41.7524,37.908646,-12.024274,21.6241,-5.8539314,25.719711,-5.185972,14.301182,-7.5509515,10.46478,-4.928893,5.2614264,0.29795024,3.31159,1.2643409,4.76849,-2.0682452,1.1370711,56.754288,15.145415,12.024441,8.119432,10.604412,8.932205,11.35456,11.523947,14.603808,14.415403,15.601094,14.756512,15.33052,12.755252,9.498926,7.4942474,8.285298,10.468053,11.007751,13.716539,0.14311522,0.29279023,0.131413,0.24408002,0.42175397,0.17629766,0.20674334,0.14152168,0.3382435,0.23952928,0.09838598,0.27573583,0.17104182,0.36821422,0.17992088,0.27478373,0.3930748,0.17402028,0.30837288,0.1832502,0.3633712,0.2755821,0.12774433,0.34940252,2192.7057790195913,359.15704985405466,0.1524378537393576,0.04550773734364496,0.04471866,0.019870678,classical,classical.00091.wav,c:\Users\darsh\Documents\Codex\2026-04-27\i-am-a-first-year-computer\Data\genres_original\classical\classical.00091.wav
-299.7126,103.67623,-27.657272,51.028336,12.27966,16.508783,-10.941353,-0.89493376,3.8351676,12.960477,-12.398089,2.4647222,5.1784368,-0.73861456,-0.61419874,-1.1869743,5.9202952,9.8128,-2.6650848,-3.0841172,72.4447,25.634615,16.983942,10.468747,12.13802,8.342586,9.778186,11.27478,17.85274,14.653674,18.614838,16.311134,15.228695,13.322174,8.871493,9.635388,10.820259,13.078053,16.236622,21.384283,0.28995737,0.09248042,0.04283281,0.12819572,0.28126407,0.12580231,0.12646419,0.06840237,0.102033645,0.40023547,0.17951292,0.33637047,0.35752362,0.16460428,0.115688525,0.18954085,0.4006285,0.1819847,0.25947386,0.12598176,0.20280895,0.45091838,0.17644617,0.39553568,1807.4309138096596,471.12925996331154,0.13095801385932662,0.058120977988983774,0.08413399,0.037969958,classical,classical.00092.wav,c:\Users\darsh\Documents\Codex\2026-04-27\i-am-a-first-year-computer\Data\genres_original\classical\classical.00092.wav
-207.37747,117.60778,-41.404255,13.253087,-1.6882399,15.532319,-10.36277,-1.8636898,-12.762173,7.0103326,-0.78136903,2.0718129,-8.264468,-1.4701028,-7.088128,0.9346851,-5.5392184,-8.502519,-1.487559,5.380053,40.867878,14.586976,23.38093,12.473793,8.3205595,10.327651,12.659771,11.902777,9.8021555,11.319538,14.48799,12.6531725,13.632598,14.2684555,11.037071,7.3113155,9.266033,10.350166,11.459517,12.987468,0.25621524,0.10053326,0.21928854,0.16476284,0.4267955,0.43200055,0.25512332,0.4145817,0.117269754,0.11135347,0.06125912,0.16442156,0.33354428,0.10940343,0.30516627,0.17696518,0.37836075,0.36464489,0.2424562,0.40411207,0.12646243,0.22609948,0.08980441,0.2195452,1623.8299978978253,218.37615870272157,0.10825822670762383,0.02937307446938279,0.08248694,0.042354744,classical,classical.00093.wav,c:\Users\darsh\Documents\Codex\2026-04-27\i-am-a-first-year-computer\Data\genres_original\classical\classical.00093.wav
-385.7943,128.62302,-26.731682,39.48326,-2.1734622,16.760435,-5.7341957,14.724416,-3.0906632,12.311255,-5.892707,2.792582,3.6800177,10.925794,10.535347,9.91729,6.1087956,3.5327852,-3.3188179,-3.675154,96.80145,20.199263,21.295471,10.791902,13.165159,7.7921977,11.290149,8.477178,11.14741,9.033858,10.035681,9.646062,10.757582,8.516174,8.196314,8.549902,6.774213,6.646257,8.1503525,9.201348,0.42616117,0.33499068,0.5315263,0.3251379,0.20121357,0.21861775,0.35243005,0.4469279,0.29529127,0.48474535,0.548915,0.26122883,0.37796777,0.23358798,0.3447288,0.25910163,0.18319331,0.1975761,0.28998202,0.3249132,0.23372501,0.2998828,0.32308045,0.1945602,1424.1018503760445,326.6031912827411,0.07015490458107586,0.035126466239741146,0.013991359,0.009005173,classical,classical.00094.wav,c:\Users\darsh\Documents\Codex\2026-04-27\i-am-a-first-year-computer\Data\genres_original\classical\classical.00094.wav
-422.60803,89.84974,-18.716208,37.78641,6.01675,4.1617346,-1.9914649,12.111292,4.1678967,13.7912655,2.8296854,5.8862886,6.122228,8.141636,12.356574,7.095123,2.4118736,0.78016406,-3.4258897,-0.7502805,82.797035,31.83944,20.931747,10.435776,11.800338,8.914114,10.302101,11.105371,11.379174,12.198589,9.190002,10.297292,15.750526,13.534348,11.3451605,11.686292,11.22769,8.266946,12.751873,12.64842,0.29374483,0.15837926,0.35647908,0.16857424,0.124939874,0.33645564,0.13233186,0.22108497,0.1783144,0.22481477,0.38083115,0.15476163,0.35033378,0.15554674,0.376278,0.23381926,0.14573367,0.3915092,0.15458895,0.33539096,0.28104407,0.22438772,0.40071526,0.15104106,1800.6383191622836,534.1424824512771,0.12435714674438854,0.06209782256970734,0.0135638025,0.015148959,classical,classical.00095.wav,c:\Users\darsh\Documents\Codex\2026-04-27\i-am-a-first-year-computer\Data\genres_original\classical\classical.00095.wav
-203.61938,111.205956,-51.536655,39.485825,-10.562026,11.9137125,-13.181607,15.123319,-7.2917004,13.3770485,-7.313064,3.840409,-3.7820065,5.304,4.108333,6.6450543,2.9929214,3.5416892,-3.3619325,-3.6787825,61.347404,30.79597,13.178932,8.060453,11.414155,8.005152,9.853264,10.38269,8.51011,10.749891,8.19844,10.467495,9.371239,8.712542,8.478895,7.0136013,6.3242073,7.276075,9.328786,10.403017,0.21410686,0.36736655,0.5991418,0.2510624,0.22123545,0.17684296,0.21991359,0.2953638,0.21187401,0.46882054,0.29102156,0.19967134,0.24781986,0.2762562,0.35799935,0.18471079,0.22232398,0.17772543,0.22791176,0.34375897,0.16186734,0.34851718,0.27195826,0.20948423,1932.8371720042157,437.58337921322476,0.11752045339106038,0.04879891813490199,0.05697671,0.028042825,classical,classical.00096.wav,c:\Users\darsh\Documents\Codex\2026-04-27\i-am-a-first-year-computer\Data\genres_original\classical\classical.00096.wav
-280.7256,122.72235,-14.398866,26.855799,1.351974,5.9942274,-13.104071,3.3753622,-11.5543375,5.1937947,-1.0517685,2.7634668,0.06284391,1.3419088,1.5190895,-2.21326,0.77303547,-3.9691277,-9.1357155,-6.9251537,33.620712,15.166013,13.02153,6.1278815,7.9298058,7.0945044,8.200231,10.409613,8.949658,8.494152,12.099447,11.401223,11.082133,11.729623,10.949917,9.836359,8.624781,7.2420006,10.85829,10.229563,0.3505909,0.23697688,0.2439518,0.11162045,0.37925112,0.19719933,0.08268535,0.1791826,0.17020506,0.3315594,0.13529648,0.24935348,0.34785882,0.25513437,0.35249397,0.09948069,0.3848418,0.25852096,0.12743863,0.28579262,0.16995254,0.3696587,0.13958962,0.28657624,1494.1405636701372,303.75550301848455,0.08592124915344428,0.03027926301088661,0.036704183,0.021552127,classical,classical.00097.wav,c:\Users\darsh\Documents\Codex\2026-04-27\i-am-a-first-year-computer\Data\genres_original\classical\classical.00097.wav
-287.521,101.73793,-35.369,41.282764,-12.745122,17.284992,-13.978298,16.311884,-5.599028,13.664283,-8.790592,-0.0571059,-13.769377,6.4802904,6.7078853,6.9852624,7.031875,8.390631,-5.610771,1.3771219,70.555984,17.463997,14.586216,7.4870615,11.320734,7.3131185,10.023315,7.8915577,8.674407,9.155723,12.266198,8.445248,11.328566,8.303594,11.399454,7.738648,9.146446,8.438583,7.8350973,11.139463,0.39803562,0.1438681,0.112386,0.102712214,0.38788804,0.58346933,0.27812976,0.2832412,0.1927616,0.51809615,0.31035975,0.16872722,0.3529338,0.13327663,0.16855863,0.10381362,0.27330115,0.3484913,0.20528024,0.31412038,0.13466297,0.35122955,0.33027068,0.15552,1953.0123992184488,407.49527070568314,0.1234924505369582,0.04701987067673277,0.029099641,0.01821975,classical,classical.00098.wav,c:\Users\darsh\Documents\Codex\2026-04-27\i-am-a-first-year-computer\Data\genres_original\classical\classical.00098.wav
-378.73932,126.49873,-18.81513,42.87581,-14.305189,25.34269,-14.64103,18.704288,-10.188719,21.10809,4.437038,18.225647,-10.274281,8.953815,1.2109159,6.2801147,2.5284433,4.3861523,1.7054088,9.987649,22.141857,12.522015,5.964447,5.8602114,7.5475736,6.116112,5.605243,6.2793036,8.81363,7.9594483,6.0335684,8.121745,7.3091187,8.35242,9.803592,9.457725,9.530039,7.546821,8.653355,10.39385,0.3058466,0.35233596,0.3315962,0.35232368,0.39388472,0.22775611,0.42456844,0.3653213,0.2526898,0.32067546,0.29921988,0.38044915,0.25098148,0.28938022,0.27034274,0.2833341,0.28276092,0.18811274,0.3403983,0.30635446,0.23172984,0.27738762,0.25184426,0.29889002,1524.8987119782064,216.20703563987377,0.08068318558920279,0.020146421718844017,0.010497971,0.0020694968,classical,classical.00099.wav,c:\Users\darsh\Documents\Codex\2026-04-27\i-am-a-first-year-computer\Data\genres_original\classical\classical.00099.wav
-23.184357,70.25887,3.818911,28.329025,13.76447,5.725915,3.9781454,7.4515557,2.6495175,8.495177,-2.2885163,2.0798767,-3.3781197,5.1236925,-0.1764189,0.35927144,0.5841995,4.0280023,0.92438954,4.08801,31.897467,18.445406,15.3741045,11.645461,10.547838,10.374818,9.273742,7.9569926,7.815953,8.507211,8.552544,6.4754357,7.9202743,7.107989,7.208727,8.292105,7.360942,8.608336,8.2868805,8.591435,0.28052217,0.42588824,0.33568323,0.3655459,0.37006104,0.3917619,0.5886548,0.39377788,0.46288225,0.32935202,0.31432053,0.3441009,0.20374995,0.29208994,0.26271847,0.24435464,0.29760355,0.23536815,0.34510025,0.26690286,0.32656902,0.251087,0.24900536,0.28273717,2797.969870734425,596.4098432711196,0.10713729622194272,0.0418871334059627,0.24838431,0.026706675,country,country.00000.wav,c:\Users\darsh\Documents\Codex\2026-04-27\i-am-a-first-year-computer\Data\genres_original\country\country.00000.wav
-8.001198,62.728,-1.4580804,28.115849,9.9723625,9.353735,5.420156,9.825023,3.0283053,8.426978,0.31103766,6.545156,0.7390594,-1.7741019,0.8506022,2.9827795,-2.7668254,2.8226829,-1.7435719,0.9709402,18.987034,9.65289,12.179396,7.7927465,8.579517,10.320398,7.0390935,7.302872,7.797085,7.404032,6.9522257,6.1718,5.572092,6.9540763,6.901388,6.1001782,6.7909856,6.9851995,6.6630964,6.934674,0.3154601,0.41503832,0.31889662,0.44661796,0.4165378,0.45446497,0.6390807,0.42107573,0.3797357,0.26125193,0.3885722,0.509773,0.19024916,0.26128915,0.19594513,0.3047734,0.30502614,0.23668888,0.31072843,0.24652688,0.29219943,0.18920438,0.2585639,0.33905503,2937.8328051469803,319.0632742689593,0.12698751632643188,0.02962192975991973,0.23043084,0.021256268,country,country.00001.wav,c:\Users\darsh\Documents\Codex\2026-04-27\i-am-a-first-year-computer\Data\genres_original\country\country.00001.wav
-120.72672,79.31613,5.453445,34.812138,16.550335,13.152538,6.2395873,9.984545,-1.9874377,6.7651973,-6.290685,0.27700415,-6.7018785,1.6440433,-1.7412106,-0.66638964,-4.842762,-0.28317082,-5.389651,-1.9393582,41.06487,21.180708,18.737738,13.703669,10.002055,9.182986,8.110979,7.417721,9.606072,7.854756,7.0829096,7.263345,7.9779,7.1043143,6.543182,6.1178784,5.981148,6.375044,6.6234765,7.836282,0.2634401,0.3248739,0.25171086,0.25228128,0.36251307,0.26189265,0.22917199,0.2225632,0.36990932,0.46798563,0.29578552,0.2648358,0.29809865,0.33974674,0.27298486,0.2668272,0.36706054,0.2843599,0.27966124,0.23262803,0.31369445,0.39614192,0.25853667,0.3001468,2307.5397576425735,742.386669830266,0.0741337165005805,0.06309381282543829,0.14610802,0.039308127,country,country.00002.wav,c:\Users\darsh\Documents\Codex\2026-04-27\i-am-a-first-year-computer\Data\genres_original\country\country.00002.wav
-57.75979,95.76648,-10.109319,40.979637,13.979035,-0.98985845,-0.18847127,7.4250784,-3.6333375,9.545139,-2.9410641,2.4362512,1.9947803,-1.2870497,1.3565394,4.4236846,-6.5204806,-0.03459857,-1.4115794,-3.0789082,36.567272,28.702124,20.353632,13.900382,11.559926,13.093038,10.344227,10.045149,10.178609,8.977859,8.63831,8.950903,7.2998796,9.24512,7.1887293,7.814033,7.9831386,6.8827386,6.41203,7.194155,0.30632702,0.3565917,0.6214756,0.34400606,0.33014697,0.23276818,0.36993122,0.5071028,0.3788372,0.47026667,0.27344304,0.33295572,0.24607418,0.24044769,0.36531547,0.20375639,0.26448607,0.19715554,0.27522123,0.3370791,0.23897131,0.32485256,0.20595832,0.28509337,2174.1604935047117,755.2893257198713,0.1025643835864938,0.04864669971210088,0.2042707,0.043812517,country,country.00003.wav,c:\Users\darsh\Documents\Codex\2026-04-27\i-am-a-first-year-computer\Data\genres_original\country\country.00003.wav
-20.78135,62.950428,2.3044403,30.773718,6.973462,6.5058117,6.3236365,9.873086,3.4352968,9.372202,-0.404158,7.5194154,-0.98427397,4.0191503,-0.66244864,-0.06125193,-0.16676468,0.24374017,-5.4381933,1.8272818,19.53648,12.512724,12.706579,9.653581,7.8836384,10.732003,8.308581,8.500849,7.224204,7.436928,7.239142,6.4609427,6.592605,6.057441,5.808681,6.268181,6.5683346,6.940892,5.810756,6.6422815,0.31379938,0.23277384,0.21850555,0.36114874,0.5383796,0.35542595,0.37827787,0.32234073,0.44787928,0.37981826,0.4103556,0.6344666,0.20444219,0.19792442,0.19027425,0.23700199,0.34816784,0.2270361,0.2767968,0.2227574,0.3126349,0.28839767,0.25189447,0.3369521,2966.1571589936843,439.23134025151757,0.12416100280572756,0.03553262765514058,0.2093933,0.028376399,country,country.00004.wav,c:\Users\darsh\Documents\Codex\2026-04-27\i-am-a-first-year-computer\Data\genres_original\country\country.00004.wav
-24.692423,62.388386,-7.7689857,28.530289,10.947266,5.6092887,0.03292079,13.834209,3.0137305,9.866081,0.81874436,5.8707213,-1.2669299,2.994797,0.9407644,2.0843098,3.0438795,3.0530632,-0.13393754,3.6150692,27.4967,15.932811,15.28056,11.504247,8.988818,9.28905,8.180736,8.241592,8.084328,9.747343,8.3209305,7.5702667,7.8293276,7.7714686,6.7554727,7.701113,6.7945733,7.07827,7.7082605,8.255715,0.44179153,0.4134043,0.4967867,0.36539784,0.4402922,0.35305074,0.40590525,0.5253201,0.372184,0.413809,0.3345316,0.44575018,0.2966105,0.26648605,0.32261017,0.24675134,0.3068462,0.2525993,0.2764084,0.33110228,0.24512486,0.31453264,0.22541869,0.2824153,2926.865766278933,526.894726488335,0.13645079999516255,0.04738494265308824,0.20384075,0.038177334,country,country.00005.wav,c:\Users\darsh\Documents\Codex\2026-04-27\i-am-a-first-year-computer\Data\genres_original\country\country.00005.wav
-23.146042,71.35541,1.3973157,24.47451,16.34997,4.5169725,-3.9798617,18.038275,-3.358467,2.474037,2.9799597,0.83682466,-1.1464859,0.16857766,-3.3017209,0.18618391,-1.2149608,-1.5663674,-2.7524984,-2.1101043,24.340397,20.720371,16.531153,11.695391,12.482796,11.33077,8.87747,8.158137,8.411009,7.6308346,6.959296,6.689743,7.664667,7.639356,6.5053306,5.9084496,6.5761924,6.039038,6.3874054,6.4091597,0.38879672,0.3234069,0.47648507,0.40385816,0.45310125,0.6433824,0.42294133,0.43792772,0.29672188,0.38407022,0.48447037,0.33484098,0.28107515,0.21648543,0.29729593,0.27983972,0.22886479,0.29983333,0.21214883,0.30982852,0.19861929,0.26754755,0.35663396,0.22030124,2800.214423030315,648.9641936880028,0.12843724300986842,0.05298633131529305,0.21448013,0.03988313,country,country.00006.wav,c:\Users\darsh\Documents\Codex\2026-04-27\i-am-a-first-year-computer\Data\genres_original\country\country.00006.wav
-20.81746,64.90752,6.7671013,26.357126,11.665423,13.185629,-1.9791069,8.582197,0.4728951,7.441096,-0.41490942,6.945586,3.6606066,2.0337164,0.65020806,4.3827734,-2.802764,2.975754,-1.8402817,-2.3632526,28.347754,18.35739,13.926512,10.722819,9.762289,8.153298,9.339266,7.56776,7.3199515,7.692902,7.4301248,6.774068,6.4287868,7.019476,6.1945405,6.701733,6.7383666,6.796078,7.848491,7.9076395,0.4749507,0.42914683,0.38608164,0.520297,0.36138862,0.38551617,0.3128998,0.42753583,0.5793956,0.3989007,0.43052408,0.35075384,0.27814585,0.3137993,0.28237972,0.30473328,0.26406527,0.2893219,0.21821015,0.25833198,0.3394229,0.23580904,0.28998694,0.2347073,2898.787368032488,614.2762438829901,0.11293582502902477,0.04223924747191198,0.24406008,0.025491852,country,country.00007.wav,c:\Users\darsh\Documents\Codex\2026-04-27\i-am-a-first-year-computer\Data\genres_original\country\country.00007.wav
-19.72382,76.66849,-4.8497195,32.24758,7.6701546,17.224527,-1.4669178,9.143321,2.7177043,9.111842,-2.6976073,7.5035048,0.33303133,4.9300003,2.801467,1.8928756,2.4545383,6.401708,-3.3361027,6.3192244,22.902485,19.219282,12.581663,12.392753,10.96452,11.20421,7.7818136,7.434595,9.717079,9.046762,7.9113894,9.230531,7.6085134,8.71327,8.902631,8.715133,8.775944,10.641642,8.533651,8.582121,0.3554324,0.36295074,0.2674348,0.3224343,0.48363823,0.38000187,0.3895171,0.28072658,0.39218432,0.2995439,0.2664112,0.46393046,0.24722657,0.31729424,0.21030131,0.2510563,0.36602125,0.28172955,0.3007297,0.19704767,0.32275024,0.26918626,0.21846688,0.32144108,2506.169376457896,532.0813035531886,0.10473972946497678,0.03445165462744043,0.27419725,0.032056443,country,country.00008.wav,c:\Users\darsh\Documents\Codex\2026-04-27\i-am-a-first-year-computer\Data\genres_original\country\country.00008.wav
12.1632,58.97738,0.91886264,26.749126,9.254704,3.5763056,1.5831509,8.648173,0.97104156,11.62741,-2.1597266,1.1948514,0.47236946,4.408359,-0.17110036,3.0999486,-1.1844647,4.545524,0.8650014,1.2720963,13.818475,12.007321,13.5184965,10.885605,8.696587,9.2900915,8.285003,7.1514277,7.8359423,6.720541,6.647069,6.3178124,6.264102,6.25641,6.8810925,6.538483,5.8605905,5.294235,6.0109777,5.9621625,0.34383747,0.33034074,0.49316472,0.28181046,0.35551116,0.43218753,0.48134384,0.7530481,0.4648461,0.45497367,0.3934517,0.37251619,0.26066646,0.19964384,0.2714889,0.16595994,0.24554622,0.28052124,0.2351753,0.2945368,0.21990056,0.25224423,0.2690449,0.22181287,3191.4845774083215,421.99662262720153,0.15687886996904024,0.04011588050480956,0.23653284,0.036675133,country,country.00009.wav,c:\Users\darsh\Documents\Codex\2026-04-27\i-am-a-first-year-computer\Data\genres_original\country\country.00009.wav
-197.73268,106.509026,-4.4345403,37.64394,-0.86065483,-0.95550233,-3.4480147,-0.05124232,-9.299326,-5.1646576,-4.245077,-3.5471113,-1.3499807,-7.1235623,-1.6197429,-2.4868119,-5.0532327,0.3024153,1.0691494,-1.6592697,65.215195,30.608866,24.046225,17.874138,17.29681,12.700591,12.071758,9.504444,12.33597,12.418066,9.93222,9.769666,8.673932,7.1735773,7.271992,6.918596,7.8260875,5.9666014,6.4995112,6.854086,0.3551166,0.2450032,0.25045037,0.23497252,0.36671034,0.31776887,0.27023774,0.43782496,0.2798798,0.28102425,0.20964393,0.24774154,0.3550674,0.25146064,0.29374087,0.2414704,0.35616022,0.32370764,0.24700962,0.37273717,0.23282073,0.33610538,0.23194212,0.26174495,1861.184983990783,746.8405428638977,0.07651125314434984,0.049412810262778016,0.07468149,0.0334638,country,country.00010.wav,c:\Users\darsh\Documents\Codex\2026-04-27\i-am-a-first-year-computer\Data\genres_original\country\country.00010.wav
-199.0945,61.18678,9.970173,23.455229,10.266042,0.021369107,8.005175,1.1249683,-4.8876796,9.501938,-6.344292,3.8612273,1.6283535,-1.3461185,2.6031919,-3.5718608,1.9763374,2.5352302,1.0390567,-0.98147756,73.16859,37.523884,23.43952,15.4994755,15.163015,13.334575,12.736345,11.479874,10.9677515,11.25755,9.399788,10.457489,9.890136,10.798793,9.596025,10.900233,11.563343,11.380145,12.887358,12.666091,0.24805932,0.2588671,0.40756014,0.26749757,0.2686201,0.24885248,0.36668825,0.3800711,0.24949306,0.32263428,0.25848722,0.33443227,0.26261225,0.26682684,0.37227488,0.25772864,0.2974927,0.25487265,0.33440363,0.3811371,0.22400795,0.3490966,0.2576304,0.3211164,2838.2033521252542,1130.9396626543646,0.11010515431501548,0.09543314651913731,0.07848472,0.042720094,country,country.00011.wav,c:\Users\darsh\Documents\Codex\2026-04-27\i-am-a-first-year-computer\Data\genres_original\country\country.00011.wav
-141.0231,123.89308,-2.4948008,27.972536,0.012813414,1.216624,-11.020722,-1.3764036,-7.020709,-6.118951,-5.1924863,-2.168428,-4.5938888,-2.3405595,-1.1824415,-3.964283,-4.2342577,-7.813797,-1.6731255,-1.084656,44.465763,34.021397,18.325804,14.834349,14.244948,9.068672,10.9946,9.998422,8.189176,8.188305,10.044391,7.5665264,7.4138074,7.3858256,6.915282,6.363011,6.5386925,6.213683,5.8694816,6.3799486,0.4292236,0.2759111,0.2666501,0.21651556,0.36013263,0.3925525,0.31909382,0.45268857,0.2537988,0.1721883,0.15579972,0.2634387,0.37053344,0.23787148,0.27525425,0.22059095,0.34520718,0.355612,0.26439923,0.37877652,0.22794473,0.22202706,0.19085445,0.25191936,1667.8626239303642,685.1295711494689,0.06406763980263158,0.033248380712671756,0.12687828,0.044439998,country,country.00012.wav,c:\Users\darsh\Documents\Codex\2026-04-27\i-am-a-first-year-computer\Data\genres_original\country\country.00012.wav
-126.18547,77.63614,3.165916,19.95085,10.833183,0.72669655,5.2176957,-0.49295214,-0.9993631,5.3890133,-3.735502,-3.5004709,-5.3318467,0.28486115,-2.0108876,0.8345813,0.3288452,-1.114898,-4.387004,-2.6085505,45.64132,23.192753,18.685165,10.317441,13.153555,10.192545,9.538225,8.86715,8.832314,9.33445,7.387869,6.796575,7.0555925,6.9797015,6.6987534,7.5622053,8.324226,7.585931,7.5692134,9.5933275,0.27645844,0.36983654,0.2897611,0.26823992,0.5375144,0.3638842,0.34915975,0.3043992,0.38718328,0.54038334,0.35396236,0.37645608,0.2354161,0.3071283,0.25260115,0.2055161,0.3559812,0.25671977,0.29078406,0.24376486,0.27412197,0.34333873,0.23621482,0.3271003,2812.414612083667,723.2394312623468,0.12956497617550308,0.04883861052443066,0.080029346,0.033342574,country,country.00013.wav,c:\Users\darsh\Documents\Codex\2026-04-27\i-am-a-first-year-computer\Data\genres_original\country\country.00013.wav
-124.6331,72.52177,16.71368,18.248219,12.224788,8.088155,7.9822283,-0.5219015,2.367466,-0.5643611,-5.5733914,0.538773,-5.067154,-1.1601872,-3.5754244,-3.6894364,-0.16906013,-0.64208156,-4.1438947,-3.999883,48.315887,24.349167,17.606943,13.4246855,10.996018,8.943239,8.176419,7.8175063,8.702329,7.6294446,7.0264025,7.8135376,7.8451424,6.9899817,6.8836527,7.229454,8.260815,8.026085,7.922674,8.834044,0.24964242,0.43674996,0.42789906,0.3773772,0.47580183,0.32892698,0.32952002,0.23298095,0.35487452,0.5127306,0.33382058,0.316892,0.19789316,0.31060776,0.31602076,0.28523174,0.3436707,0.25590324,0.31979638,0.20866765,0.27212134,0.35412058,0.23304111,0.2792491,2951.9486784809105,983.31319083709,0.12474225401509288,0.08164670134290412,0.09264681,0.032391056,country,country.00014.wav,c:\Users\darsh\Documents\Codex\2026-04-27\i-am-a-first-year-computer\Data\genres_original\country\country.00014.wav
-116.17638,111.72995,-5.2455125,33.995697,-12.458564,4.2506166,-14.428153,8.494949,-8.19823,-1.3456504,-12.559845,-5.005492,-2.1499324,-1.8379672,-8.272397,-3.0211012,-5.472165,-2.9415307,-2.636676,-3.3716757,49.395573,28.803204,18.122065,9.905096,10.455737,7.3692656,8.272279,9.295258,9.737219,7.219788,6.1628895,6.441248,5.760259,6.259305,7.0078177,5.2403755,5.2545986,5.0905437,5.7862387,6.343673,0.3379775,0.3179549,0.37787014,0.76035696,0.36442593,0.30340672,0.32111832,0.30631262,0.4051767,0.32741073,0.42297897,0.31139308,0.2619779,0.26408023,0.20746529,0.28594634,0.1746256,0.28543586,0.2650194,0.22199394,0.28995407,0.21684428,0.3083982,0.24286526,1959.337324250709,596.8205171328955,0.09426624782314241,0.04685038846914127,0.104739495,0.025843909,country,country.00015.wav,c:\Users\darsh\Documents\Codex\2026-04-27\i-am-a-first-year-computer\Data\genres_original\country\country.00015.wav
-210.17332,139.61768,-16.979992,58.003025,-9.654812,-1.9645078,-18.001234,-8.207505,-11.778446,-7.882443,0.6071054,-9.965226,-6.466774,-3.8483527,-12.04527,0.3174676,-8.04239,-6.79309,-1.8463355,-5.9385214,57.79224,28.637115,28.386663,14.299012,15.269635,9.107383,9.510177,7.814722,8.732962,7.5112643,9.857679,6.59197,6.239518,7.2933583,6.4057198,5.845196,6.730173,6.6626735,5.8188853,5.832333,0.47925916,0.23979627,0.1993874,0.15246996,0.3221144,0.6176148,0.33430728,0.27868825,0.2232852,0.36870003,0.37297258,0.28233212,0.37534878,0.19825621,0.25469902,0.20520592,0.24070537,0.35948613,0.21865687,0.29371378,0.18709506,0.28067282,0.3510584,0.17937054,1425.8089845409772,481.7747112115747,0.06017386138254644,0.024269573067012565,0.07976905,0.027494837,country,country.00016.wav,c:\Users\darsh\Documents\Codex\2026-04-27\i-am-a-first-year-computer\Data\genres_original\country\country.00016.wav
-171.339,137.35457,7.9645786,28.539564,2.708197,-0.5015101,-2.9561005,-1.1593422,-6.1596603,-2.4005284,-5.853389,-2.1666093,-5.3437123,-2.7834227,-1.5698565,1.294838,-3.412445,-0.8946278,2.6330256,-0.099773,57.676807,32.472713,11.354983,9.639708,12.020756,7.7389708,5.877518,8.149682,7.466303,7.9627213,7.1831193,6.6139174,5.988578,6.1225395,6.3055735,5.137646,5.799943,6.9613905,5.739079,6.613307,0.24355505,0.3851007,0.5565014,0.3448637,0.42224035,0.28096956,0.40758663,0.3949516,0.27611253,0.4043179,0.24762432,0.32241464,0.1928078,0.26954326,0.34440157,0.20546345,0.34530368,0.20815852,0.30999893,0.2910864,0.1937572,0.32529387,0.16966322,0.3039546,1469.7849502285726,532.9652964107709,0.06385600087074303,0.028574357614648493,0.08870292,0.018607125,country,country.00017.wav,c:\Users\darsh\Documents\Codex\2026-04-27\i-am-a-first-year-computer\Data\genres_original\country\country.00017.wav
-131.14856,102.99637,-11.533306,17.73964,16.962389,4.435607,1.2965347,3.4184601,-1.4990547,1.6171722,-7.983499,-0.82497555,-8.876752,-3.842363,-4.487587,-8.93866,-6.380394,-1.5118132,-5.409956,-8.043467,44.538982,23.146727,18.259556,12.779118,12.665072,11.813603,10.893764,8.905965,8.114495,9.47262,7.533248,8.198622,7.4979324,6.849803,6.7041693,6.9658737,6.50726,6.0689206,6.7201242,6.5535836,0.5737087,0.36230305,0.31208134,0.26182094,0.3606043,0.5148097,0.32192326,0.41011435,0.31333777,0.39433274,0.29400244,0.3202324,0.33947945,0.21214798,0.3002488,0.24577989,0.24586253,0.34280363,0.2028903,0.33118227,0.22553606,0.3091542,0.24978052,0.22151127,2068.772763718777,585.3233868691007,0.09561053296729877,0.040341749614062054,0.09677969,0.031800702,country,country.00018.wav,c:\Users\darsh\Documents\Codex\2026-04-27\i-am-a-first-year-computer\Data\genres_original\country\country.00018.wav
-256.06357,163.10162,-22.872879,26.93337,15.301942,-3.50522,4.2170873,-0.79301673,-9.463186,1.7569615,-4.4230623,-3.6401737,-4.2523346,-8.109075,-2.376017,-5.1455927,-11.161296,-2.412988,-0.53969043,-4.7787414,72.564384,29.56283,26.950373,19.458563,15.626439,12.684361,12.747413,9.963127,9.29421,7.807318,7.818293,7.020565,7.151166,9.008704,7.2039714,6.9835777,8.61028,6.33393,6.6501603,8.048222,0.37916636,0.25731766,0.28715155,0.24397315,0.33201253,0.29431456,0.33226794,0.46651527,0.28687564,0.2851622,0.25737324,0.36679035,0.3584439,0.24209149,0.31281438,0.2390424,0.30868033,0.29378107,0.28658575,0.3662819,0.2377338,0.32155153,0.25243065,0.3334225,1138.6702901800775,402.26379816937805,0.050959631385448914,0.03180371014668049,0.08205686,0.056474607,country,country.00019.wav,c:\Users\darsh\Documents\Codex\2026-04-27\i-am-a-first-year-computer\Data\genres_original\country\country.00019.wav
-161.09123,74.70691,22.421598,46.011986,5.2690363,25.11239,-0.5864295,10.375498,-6.830219,5.0498123,-0.76978654,1.402242,-6.0112886,-4.0060997,-4.7936296,-2.8669364,-4.986899,-3.6081994,-7.5884213,-3.2281842,72.96217,36.94805,16.077871,19.827347,15.190921,10.579183,11.351832,8.777232,11.125392,11.52825,7.1008267,8.590903,8.24546,8.140602,9.182314,8.279505,7.168626,7.220341,9.030353,7.4801474,0.31720114,0.312279,0.46943253,0.39208946,0.32469907,0.3757795,0.29324353,0.26867625,0.26870516,0.4082477,0.5669567,0.3892246,0.2908256,0.2526935,0.32924423,0.29340565,0.277011,0.3128872,0.24051099,0.24465296,0.23029655,0.27144015,0.35151494,0.24491479,2409.267879260446,1034.338647378921,0.08685812935371517,0.07362531895374307,0.10520261,0.031466242,country,country.00020.wav,c:\Users\darsh\Documents\Codex\2026-04-27\i-am-a-first-year-computer\Data\genres_original\country\country.00020.wav
-209.38939,167.1398,-20.865452,36.817654,10.305034,3.9740636,-5.6623545,-4.6380916,-6.237971,-4.1778646,-6.688474,-3.2634768,-7.967006,-4.053322,-4.987053,-4.496616,-4.0103536,-6.3978004,-5.91674,-8.175597,52.007153,21.612637,18.4499,17.939547,17.296356,11.175047,12.434119,10.227724,10.245268,9.249284,9.344774,7.251454,7.4562616,6.5448403,6.392997,6.5706778,7.057895,6.889554,6.7934093,8.020394,0.35790864,0.22907345,0.22680144,0.17756735,0.28819132,0.3143926,0.26800874,0.29872093,0.2845668,0.42760697,0.30729192,0.2871658,0.3651778,0.24450457,0.29347098,0.20561929,0.2924453,0.31629863,0.27466726,0.32230055,0.2518136,0.37260732,0.28576392,0.27990863,1043.9737111043523,321.11900600531413,0.04559534031540248,0.019623295230523113,0.1098368,0.040925745,country,country.00021.wav,c:\Users\darsh\Documents\Codex\2026-04-27\i-am-a-first-year-computer\Data\genres_original\country\country.00021.wav
-195.12416,114.29301,0.0014298855,38.17855,11.291479,-6.075158,1.2188286,-0.0041930964,-15.420767,-3.5708997,-6.125418,-4.500051,-0.12475671,-4.386221,-9.412581,-10.716871,-6.541959,-10.051359,-7.2627316,-4.007446,55.88364,20.9444,21.105673,15.899984,16.910467,15.152563,12.702595,9.534918,12.390809,9.865537,9.5877495,9.430211,8.015009,8.382277,8.178505,7.81708,6.550457,6.8374243,6.83981,6.6676726,0.26873213,0.29428232,0.32064837,0.44052663,0.3142135,0.23102933,0.29295862,0.31777665,0.39579055,0.28841037,0.35074404,0.3418927,0.24035436,0.3055225,0.26924068,0.36624014,0.26107454,0.24877022,0.30010328,0.26395363,0.3655873,0.24852124,0.33202046,0.3096079,1719.3372066856614,419.9345204413708,0.06805325440208979,0.026146789597961014,0.07503542,0.03203377,country,country.00022.wav,c:\Users\darsh\Documents\Codex\2026-04-27\i-am-a-first-year-computer\Data\genres_original\country\country.00022.wav
-353.05423,110.632095,32.743378,24.164183,18.746185,5.9248896,-1.7401656,3.8813748,-2.9872541,-1.9034863,-2.8664544,-0.97887456,-6.4891205,-4.2524424,-3.7505188,-6.0119343,-7.199874,-2.5195584,-4.032561,-3.4128342,80.4657,28.244045,26.41409,16.591116,15.213644,11.139137,10.644133,9.328425,10.193835,7.7193246,9.22784,9.845795,8.130682,7.344785,8.045439,8.118865,8.525533,6.4336357,8.124119,7.7741933,0.30532253,0.22904584,0.25209564,0.24605855,0.33678582,0.5544652,0.4016863,0.28864744,0.23062603,0.31937242,0.28280643,0.21922182,0.32391825,0.24692006,0.32186207,0.26432726,0.26935562,0.41610542,0.3166126,0.26785916,0.21968862,0.35236678,0.3139353,0.24424984,1496.56913504939,790.3270365820623,0.03548126693111455,0.04358087747289947,0.038845718,0.021642508,country,country.00023.wav,c:\Users\darsh\Documents\Codex\2026-04-27\i-am-a-first-year-computer\Data\genres_original\country\country.00023.wav
-199.98285,109.121544,-5.5460243,48.132893,1.2039801,4.5974913,-9.152174,-1.471275,-11.66506,-5.204099,-11.550537,4.9783487,-4.9808197,-6.0473065,-0.68728906,-8.536201,-8.461553,-7.9434843,-7.613288,-0.38595316,74.722855,40.186543,17.839558,15.387896,19.599396,14.185696,12.198645,9.6672945,8.485899,10.950812,8.093988,10.340298,8.461335,7.420602,7.95962,7.3597426,6.5033884,7.579345,7.2895327,7.443538,0.51948756,0.277136,0.20154591,0.20674045,0.21518242,0.2054416,0.24915248,0.41448402,0.21733552,0.18494168,0.20176886,0.3521141,0.39235222,0.25256887,0.23704092,0.2698429,0.24460684,0.28342524,0.24510945,0.37930787,0.22454019,0.25702158,0.24344268,0.3182944,1739.321196159216,756.5200631975913,0.0824598188370743,0.04773217128956151,0.09660107,0.040946785,country,country.00024.wav,c:\Users\darsh\Documents\Codex\2026-04-27\i-am-a-first-year-computer\Data\genres_original\country\country.00024.wav
-200.55318,119.65538,-3.604682,31.952965,9.957966,15.293297,0.64860046,0.23646212,-4.4767165,-2.3108823,-5.255605,-2.4737477,-6.048022,-0.8033076,-4.706508,-11.29183,-8.867358,-8.068559,-3.1603546,0.33031368,63.489765,31.608648,17.50734,16.491926,14.281792,13.229688,9.959628,9.780496,8.5843,9.076855,8.016489,7.3124995,8.277478,8.183516,6.508599,6.8830113,7.312909,6.878636,7.647434,8.257084,0.372041,0.3254656,0.35402453,0.32730392,0.38110745,0.24874637,0.3366521,0.4323262,0.3297079,0.32752955,0.2945704,0.4382559,0.30714148,0.2772081,0.30420738,0.25568023,0.33290812,0.23131482,0.25894606,0.3536471,0.26127434,0.34189135,0.23161563,0.33766618,1565.7683179567373,642.2697185293144,0.05730313044214396,0.03975641387073696,0.07990662,0.03366538,country,country.00025.wav,c:\Users\darsh\Documents\Codex\2026-04-27\i-am-a-first-year-computer\Data\genres_original\country\country.00025.wav
-194.26962,151.78432,-3.0342522,29.480587,9.101757,5.9855814,3.784445,3.765722,-5.8694096,1.5940248,-3.7664156,0.92959195,1.9723039,-2.2319498,3.3600001,3.7546601,-1.1347992,2.2319846,3.3677235,-4.13741,55.903366,31.181978,20.132309,18.175901,17.054134,12.166467,12.21448,12.150966,10.536432,9.909704,9.80454,8.185275,8.467144,9.847084,7.3508644,7.1976447,7.3247933,6.5589533,7.1157656,7.3585467,0.34055755,0.2997056,0.47874796,0.2915536,0.24025887,0.19397667,0.34489447,0.3805794,0.26216912,0.414867,0.2832961,0.42622885,0.28708783,0.22619715,0.3538079,0.21542826,0.24187256,0.18234217,0.29974937,0.35101384,0.21770397,0.34257105,0.20448409,0.3388045,1270.4148783967134,522.1277610980595,0.05483186798568111,0.0299522917730298,0.10049913,0.03617824,country,country.00026.wav,c:\Users\darsh\Documents\Codex\2026-04-27\i-am-a-first-year-computer\Data\genres_original\country\country.00026.wav
-100.73443,106.97025,-27.180391,29.091337,5.039497,-5.4290433,3.2457464,-5.1666436,-5.1038218,-0.8067117,-3.8309824,-2.7171006,-6.651432,-4.670355,-5.6970487,-5.9915314,-10.221571,-10.535934,-5.7311044,-7.2916656,43.999214,21.148783,23.913818,15.366126,14.898799,11.339405,10.86953,6.843415,8.304021,7.6654077,6.697849,7.178063,6.527158,5.759887,6.3040075,6.166563,6.5033126,6.4030976,6.094863,6.512393,0.26732254,0.36433887,0.33177412,0.40058124,0.5929239,0.39336953,0.32999068,0.28928825,0.4510317,0.56234616,0.36070153,0.35763025,0.22805616,0.29594395,0.26525483,0.2172456,0.3277439,0.24470182,0.2641892,0.22515146,0.26907054,0.3285627,0.22569454,0.3135534,2012.1998825497253,425.35800098383925,0.0973951026751161,0.0305604394754012,0.116559245,0.03205674,country,country.00027.wav,c:\Users\darsh\Documents\Codex\2026-04-27\i-am-a-first-year-computer\Data\genres_original\country\country.00027.wav
-169.19261,132.80664,-13.484967,31.182266,6.3355885,-3.7656243,-2.0574632,-3.6175504,-4.556713,1.2857977,-6.986225,-7.255016,-1.3873172,-9.508183,-5.418511,-1.906521,-7.168161,-1.4283391,0.15933114,-4.114242,40.049644,18.360533,16.346369,12.693686,12.722161,10.191234,8.648597,8.378845,11.477137,8.452188,7.5732446,8.990089,7.601748,7.4337316,8.5067215,7.2123256,6.811233,6.8776307,6.611196,6.1818943,0.22459029,0.34409833,0.41334888,0.27139226,0.33954388,0.3243471,0.44902217,0.36526302,0.2732794,0.36614537,0.21606374,0.23328659,0.2546649,0.29559082,0.32784,0.23522311,0.3369549,0.27584404,0.32567507,0.2972757,0.24961272,0.34579307,0.21745718,0.26756313,1474.0010327537864,348.4656332654813,0.05981898824496904,0.02437201932904216,0.09411102,0.030844996,country,country.00028.wav,c:\Users\darsh\Documents\Codex\2026-04-27\i-am-a-first-year-computer\Data\genres_original\country\country.00028.wav
-171.28873,160.4967,-17.80444,30.512203,7.514744,-8.2560425,-5.670382,0.13195089,-8.836377,-2.6552682,0.7057316,-3.78496,-6.5005155,3.7841282,-5.4310317,-3.0764792,-6.2547703,-1.940013,-0.83493346,-1.433976,47.407616,24.788141,21.977182,13.298724,13.606633,11.636119,8.540815,8.522358,8.756542,7.24885,9.729801,7.6049094,7.5250273,6.503538,6.466098,6.0718746,7.1873374,6.4631405,6.0713167,5.8600297,0.2695031,0.39496985,0.31828848,0.3748994,0.32296842,0.4373231,0.3281434,0.25183645,0.39355493,0.2615895,0.20873366,0.1575435,0.2601237,0.3388116,0.2574757,0.34829843,0.25069752,0.36435738,0.29816043,0.23004088,0.34799016,0.2403274,0.27452466,0.18012229,1214.054895968694,382.9116430888421,0.054208666916602165,0.021584338173416324,0.11707953,0.045045525,country,country.00029.wav,c:\Users\darsh\Documents\Codex\2026-04-27\i-am-a-first-year-computer\Data\genres_original\country\country.00029.wav
-277.1022,128.25644,42.42859,37.69783,12.780972,9.599223,-5.9831166,-7.538272,-8.034319,-4.9423785,-6.5300474,-3.6279535,-7.2284265,-7.452904,-1.5747141,1.3907408,3.0805378,2.5106266,-1.0542908,-2.7523243,62.08481,29.732378,16.938068,9.984899,11.038721,10.21493,10.156932,8.681293,9.369419,9.4745655,10.269221,10.899304,10.753129,8.797818,9.409266,10.872622,9.788915,7.909117,8.871641,9.248447,0.047450017,0.13032484,0.3480937,0.17611013,0.22966081,0.14552511,0.26046523,0.2784643,0.22221859,0.5093594,0.2046045,0.103798896,0.072277844,0.16462061,0.3770132,0.15030846,0.37109587,0.1647017,0.31436184,0.3186849,0.18890001,0.44372725,0.17343739,0.21218565,1240.5895174256275,580.3726435049879,0.042844034200851394,0.015186132541119165,0.079619266,0.046542067,country,country.00030.wav,c:\Users\darsh\Documents\Codex\2026-04-27\i-am-a-first-year-computer\Data\genres_original\country\country.00030.wav
-130.4947,104.13707,-19.261398,34.153618,5.413921,-2.166884,-0.72687984,-2.8929856,-5.459535,4.080212,-4.4622407,3.523582,2.1470127,0.18757649,2.6818898,-3.0753498,-3.1991122,1.6599616,-0.6806539,-4.3735867,46.53218,28.996433,17.573126,12.031441,11.978993,9.473371,10.559582,9.992341,8.222665,9.120426,7.672892,8.245831,7.6960487,7.801229,7.3313713,6.477198,6.353064,6.5472293,6.90304,7.8298016,0.547418,0.25909737,0.27098814,0.16804506,0.2645198,0.35295323,0.2671829,0.49011773,0.24893472,0.31306386,0.29009128,0.28726214,0.36282232,0.2005573,0.26975542,0.18244465,0.20797269,0.3325504,0.19179475,0.3638885,0.19613771,0.2917023,0.2946135,0.21878959,2052.937539079165,719.1972723726491,0.09529609798277863,0.04942497475310151,0.10080858,0.03520171,country,country.00031.wav,c:\Users\darsh\Documents\Codex\2026-04-27\i-am-a-first-year-computer\Data\genres_original\country\country.00031.wav
-237.99352,97.70346,6.526742,45.977615,2.1547685,16.221973,8.825113,7.767009,-0.59379196,4.4802604,0.14091596,3.021077,-1.6638006,-5.4229407,-2.8296824,-3.0536504,-0.4980622,-0.11182396,-3.8595042,-2.6508048,68.26213,31.3511,18.899212,14.692184,14.438044,8.723572,9.639346,9.327171,9.47581,8.409798,7.4960976,6.900149,9.728757,12.341758,10.732553,8.191007,9.191663,7.3309255,7.280673,7.34893,0.37699628,0.28797477,0.21297629,0.2993503,0.49121952,0.3474379,0.28588638,0.21452577,0.27294928,0.31129256,0.34616995,0.5257154,0.2863186,0.28840974,0.21440929,0.25256988,0.38549373,0.2841628,0.2469275,0.1991658,0.2844923,0.31845608,0.28396738,0.35365456,1823.4330215874613,741.2430566256797,0.0676016320385062,0.045078739586647786,0.06050447,0.03489639,country,country.00032.wav,c:\Users\darsh\Documents\Codex\2026-04-27\i-am-a-first-year-computer\Data\genres_original\country\country.00032.wav
-133.3365,78.990364,-5.6506476,35.522865,-7.5477085,7.9280396,2.7298074,0.39645404,-1.13313,-1.1071386,-7.8454437,-1.1711785,-4.814018,-3.1399326,-5.0448146,-1.0937082,-0.96363306,-2.4559503,1.1548452,-1.8392487,64.49481,27.269648,21.789461,19.324232,12.804251,11.447989,10.936654,10.454959,9.419958,8.542961,9.420887,8.476112,7.992836,7.9457245,9.22648,9.551753,8.420366,9.391428,9.948778,8.907585,0.23706648,0.2540511,0.20560402,0.36450964,0.35440764,0.2921982,0.46427923,0.280668,0.35669652,0.24372952,0.29416654,0.45374236,0.20911318,0.27060848,0.21193902,0.32567403,0.3296034,0.24156305,0.37897345,0.2391391,0.3273372,0.24338065,0.24807876,0.37470695,2456.555660328369,675.8869036478014,0.12361565462945047,0.05666182057738311,0.10454683,0.048030794,country,country.00033.wav,c:\Users\darsh\Documents\Codex\2026-04-27\i-am-a-first-year-computer\Data\genres_original\country\country.00033.wav
-153.86736,83.68425,-8.418767,13.969093,13.55185,3.773254,3.0063746,6.347874,2.0667963,2.0754557,3.1952746,-0.47532374,-3.0259306,-4.5377707,-5.0488076,-4.9258924,-6.1356635,-1.6660153,0.46549764,-1.551539,53.414658,28.966492,25.073853,12.952206,12.166001,14.579323,10.359444,8.750514,9.398386,9.319226,9.835833,8.666664,8.93906,8.980645,8.141037,8.361842,7.3882065,7.9695907,8.614923,10.620586,0.2777953,0.3537065,0.45354715,0.35180065,0.39577338,0.35125548,0.38202137,0.32685176,0.30381212,0.49577922,0.3241341,0.29461682,0.27372685,0.2757874,0.3482605,0.2714354,0.32099846,0.28917083,0.30371183,0.29533544,0.2359549,0.36036503,0.25763506,0.29081732,2614.1281512828127,890.0026040549079,0.11928688261900154,0.058079505230610576,0.07824791,0.039893165,country,country.00034.wav,c:\Users\darsh\Documents\Codex\2026-04-27\i-am-a-first-year-computer\Data\genres_original\country\country.00034.wav
-120.383224,95.348915,-6.0082717,25.16893,20.961815,-7.1399155,8.552629,2.4400122,-14.6636305,9.296396,-2.3618505,-3.1564727,0.6094835,-4.4258304,-7.452153,-0.44424576,-3.587983,-5.0256357,-2.523358,-4.751411,40.893337,26.776459,17.820215,17.27522,15.034281,13.704597,8.984154,9.887623,9.459401,11.85874,9.3847475,8.324264,7.163752,8.137651,7.634524,7.1965055,7.1484447,6.8561196,5.990372,5.769521,0.4256309,0.29907864,0.29338685,0.2779424,0.46236926,0.54946834,0.33848172,0.38365793,0.33377063,0.42972818,0.39534628,0.32239506,0.33543405,0.2184297,0.2620625,0.23574458,0.30575928,0.34326237,0.19996095,0.30828318,0.22141019,0.30331135,0.29366302,0.22146662,2322.0772479079756,737.3790875344037,0.10437125096749227,0.050576452736404445,0.0999719,0.033862937,country,country.00035.wav,c:\Users\darsh\Documents\Codex\2026-04-27\i-am-a-first-year-computer\Data\genres_original\country\country.00035.wav
-339.7991,97.781006,-9.695911,50.986897,7.8249445,11.747369,0.6847604,2.493835,-4.7754116,0.19351886,-5.9746647,-2.8948967,-6.157009,-1.8445805,-5.355182,-8.306348,-10.728059,-7.740845,-3.443732,-6.962086,83.28801,33.654575,26.242313,17.166346,17.460958,17.059647,11.533471,10.077179,9.204387,8.786081,8.62692,9.097016,7.4150057,7.6764026,8.346521,8.036379,7.4729304,7.7730513,8.390113,10.478988,0.36944073,0.5970854,0.36576474,0.31238383,0.21822378,0.3011943,0.19624045,0.31385696,0.6199471,0.36537644,0.24511334,0.23114732,0.23442067,0.35108298,0.23282017,0.25854275,0.20191659,0.30585572,0.19294845,0.2335317,0.3706206,0.25464043,0.24729507,0.20349208,1827.093958381686,757.6809305587022,0.0848248839009288,0.06113420406689215,0.022713259,0.015918665,country,country.00036.wav,c:\Users\darsh\Documents\Codex\2026-04-27\i-am-a-first-year-computer\Data\genres_original\country\country.00036.wav
-173.4441,105.05278,1.155317,24.114841,22.12515,2.5424929,-1.5812403,0.17491448,-5.3230443,3.8141825,-4.5238996,-4.5872827,-1.5664961,-2.2571902,-3.857909,-6.458283,-7.4685717,-5.533387,-2.1898673,-2.4518628,50.904316,32.128685,21.197199,14.592375,16.42026,14.039001,9.831755,8.280411,9.722705,8.618273,8.711503,7.844397,6.8947444,6.859956,6.221841,6.976184,7.051098,6.577009,7.368634,6.2622075,0.33413705,0.39890406,0.33645973,0.43385258,0.35419568,0.39327222,0.33944222,0.30347505,0.41551846,0.39727196,0.45708916,0.3240568,0.2766603,0.29647908,0.22837143,0.35244137,0.2502991,0.30265883,0.26693588,0.23798637,0.32938832,0.27326626,0.3483455,0.23993689,2069.180155621707,824.0269554409707,0.08500288735971362,0.050835078679474364,0.07204185,0.028474186,country,country.00037.wav,c:\Users\darsh\Documents\Codex\2026-04-27\i-am-a-first-year-computer\Data\genres_original\country\country.00037.wav
-118.02856,74.16701,8.2881365,15.462522,6.1549687,8.443999,4.118831,5.738997,-1.9503189,3.163911,5.040857,-1.1298937,2.4367032,-1.4256319,-4.7408276,-6.3695383,-5.7475576,-6.266189,-4.5168686,-1.009379,43.03272,24.015911,17.433277,14.432157,9.800206,10.433829,9.542185,8.809208,8.90585,9.166735,8.067548,7.547807,7.4634113,8.399453,7.0392113,8.513733,7.32135,7.0062227,6.489669,8.010696,0.49625555,0.37077007,0.4321499,0.34079987,0.4199334,0.32684064,0.36240578,0.39406592,0.24631399,0.28548285,0.28860486,0.44224018,0.33692434,0.2754536,0.3228796,0.25100365,0.32976392,0.2638304,0.27572727,0.30243495,0.20201525,0.27690476,0.23641737,0.30645117,2860.3399496357706,721.1782078206312,0.12115799753289473,0.04498343411047732,0.09092475,0.030441727,country,country.00038.wav,c:\Users\darsh\Documents\Codex\2026-04-27\i-am-a-first-year-computer\Data\genres_original\country\country.00038.wav
-89.73638,36.286205,11.469535,37.495586,9.199137,3.7405186,2.8403578,6.81154,1.4674554,0.09733825,1.0258602,1.1755474,-3.5642974,-2.0911775,1.7115148,-1.3672682,-4.3769636,-2.6016088,-3.5284464,-4.2272496,44.358604,21.371325,17.997496,14.299728,14.058708,8.127074,10.6649475,9.290164,7.7382603,7.570974,7.431993,7.102167,7.3215613,7.243078,6.8866763,6.765488,6.491591,8.040689,7.726579,8.347663,0.43066946,0.6492538,0.45910627,0.4509706,0.6284641,0.3802964,0.3939798,0.34646967,0.3953801,0.48070008,0.29243627,0.3461074,0.23876806,0.30187076,0.2608012,0.24890707,0.29986534,0.21397273,0.28509212,0.23253624,0.22782686,0.30557758,0.17213444,0.2220512,3760.4244872923673,766.019343374314,0.21237475510352166,0.06243236010648071,0.0963117,0.027604178,country,country.00039.wav,c:\Users\darsh\Documents\Codex\2026-04-27\i-am-a-first-year-computer\Data\genres_original\country\country.00039.wav
-102.8967,85.32916,-4.324985,30.583778,3.010156,-1.9592187,4.4452953,3.4205205,-4.253563,-1.7713997,-3.970628,-1.3591872,-3.7630885,-5.1772523,-2.8950467,-0.26965043,-7.421149,-4.0963774,-3.450185,-10.1142845,57.491467,20.535727,18.65119,14.383293,14.475697,11.498467,10.331524,8.113706,8.997546,8.014457,7.739812,7.5502276,7.6842666,7.62919,6.569258,6.2713137,6.446055,6.254486,6.402358,9.462377,0.349259,0.41959304,0.5624348,0.34464517,0.3353954,0.24101144,0.34133303,0.42856967,0.35516158,0.43271917,0.29318836,0.377395,0.2771157,0.27716422,0.35497928,0.21558954,0.2865096,0.2108832,0.2935569,0.34086254,0.2525203,0.31879467,0.21103364,0.30878103,2449.9415972837987,546.7750601165043,0.10633306828076626,0.03583823007695159,0.10899377,0.038945425,country,country.00040.wav,c:\Users\darsh\Documents\Codex\2026-04-27\i-am-a-first-year-computer\Data\genres_original\country\country.00040.wav
-111.69471,82.26009,13.068496,31.930077,23.68303,-0.53237927,12.029794,3.6602066,-5.7385216,3.3330355,1.4207492,0.7725829,0.5596443,-1.1348552,-1.7467116,0.55844426,-2.3236961,-4.612612,-0.620067,-4.944747,51.31688,28.403303,19.766037,13.180761,11.883147,11.64462,9.098426,9.664632,12.441444,7.6012826,7.668001,7.0233917,7.2303085,5.662993,5.5028725,6.560197,6.458547,6.4216304,5.4036026,5.458469,0.36825576,0.34311816,0.3845055,0.41365424,0.49612838,0.3219536,0.26089537,0.31989807,0.43107846,0.62358516,0.43152848,0.37858093,0.3144522,0.265525,0.29284644,0.23584223,0.30562016,0.23779224,0.22144894,0.26829046,0.24332845,0.34051675,0.22873725,0.2837204,2634.0466588107224,906.2020119651899,0.09585618529895511,0.05358683770124777,0.11318445,0.024162082,country,country.00041.wav,c:\Users\darsh\Documents\Codex\2026-04-27\i-am-a-first-year-computer\Data\genres_original\country\country.00041.wav
-101.288086,84.139015,7.751808,30.383913,13.85436,11.632601,-0.111759365,-4.9390707,-2.3706596,-1.9748868,-8.18772,2.8250737,0.5467093,-6.795643,-4.3111024,-4.577833,-9.847294,-5.6903605,-10.405995,-7.5132923,39.209324,18.709253,14.499027,12.003306,10.686361,9.1233635,7.3654714,8.876925,7.3543797,7.5045686,7.1539397,7.7583246,7.812064,6.5206494,6.3652096,5.56428,5.6066356,6.1170583,5.3672037,6.0838375,0.45241767,0.43210265,0.41756016,0.32560664,0.41292793,0.30966905,0.24329469,0.31314257,0.37755316,0.5492919,0.45572406,0.40995237,0.3275327,0.29818973,0.31415278,0.22745909,0.30159056,0.2393895,0.2160575,0.27722538,0.2627329,0.32832348,0.2725314,0.28197014,2386.8223453587584,586.8765117056336,0.08702592879256967,0.035707052236351504,0.117697,0.02226733,country,country.00042.wav,c:\Users\darsh\Documents\Codex\2026-04-27\i-am-a-first-year-computer\Data\genres_original\country\country.00042.wav
-101.19903,85.43055,-19.69571,20.584856,9.973624,7.594193,0.104056105,3.405438,0.046411604,1.5777521,-1.450095,-1.2814347,2.1464107,-4.794343,-0.3170538,-0.42996442,-4.8876414,-3.0000093,1.0770749,-1.4569033,51.719418,24.6284,17.739923,12.738755,13.019937,9.036007,11.407133,7.907929,8.509091,8.573582,6.9781427,6.653734,7.379147,6.8655066,5.7999487,5.660625,5.8056846,5.4539657,6.066284,6.0871444,0.3637918,0.37615028,0.5018665,0.34089896,0.3893485,0.2989419,0.41704416,0.42504784,0.39498556,0.65999705,0.31651026,0.3548017,0.27420592,0.24954998,0.3088574,0.23421264,0.29243633,0.23648451,0.28214768,0.32559332,0.23975152,0.31549802,0.19599502,0.27089873,2530.853994149147,626.5876728876552,0.1343000193498452,0.04713023080878741,0.09496325,0.038297474,country,country.00043.wav,c:\Users\darsh\Documents\Codex\2026-04-27\i-am-a-first-year-computer\Data\genres_original\country\country.00043.wav
-162.72116,119.81048,-2.8799524,20.506132,27.808874,5.485367,6.0409555,1.2045437,-3.6995325,0.3423854,4.411625,-0.4080612,2.4593601,2.1353858,-1.6038625,3.629129,-3.4621623,-2.5598269,5.6417904,-3.654727,71.26,33.783394,20.3637,17.760221,16.065453,19.548279,11.201417,9.259332,8.6959715,8.619552,9.55288,7.4266434,8.610448,7.8896384,9.880927,7.548937,9.170106,8.081688,8.666597,8.48689,0.29572824,0.36071602,0.26926944,0.44612378,0.3933891,0.25777772,0.40982476,0.34478655,0.45843983,0.39694744,0.33262837,0.35482714,0.23945917,0.3266624,0.21337306,0.3352831,0.29734075,0.19602075,0.3495913,0.23990169,0.31846768,0.31989294,0.24441579,0.29371342,1730.559357956436,749.092222169737,0.0665200059258901,0.03922020430981034,0.11366553,0.037615314,country,country.00044.wav,c:\Users\darsh\Documents\Codex\2026-04-27\i-am-a-first-year-computer\Data\genres_original\country\country.00044.wav
-61.2354,71.26333,-17.042137,17.118322,5.0581465,-4.2047887,-1.6676307,1.1733667,-0.854297,4.976347,-1.695669,4.845418,-0.15781678,-2.0794044,-0.27295625,-5.311601,0.23376092,-0.1008811,-3.937658,-0.92281747,48.45712,25.525887,21.641655,19.9608,13.892326,12.925356,11.857335,9.87296,11.002732,9.199661,9.381787,10.113363,7.8739796,7.627907,7.3220267,8.4433155,7.7280645,7.2891884,7.9003887,7.3200173,0.3111445,0.28946397,0.32337347,0.54394794,0.30416343,0.29191196,0.25824833,0.384653,0.45344752,0.31769803,0.38480377,0.28368977,0.30464935,0.29359263,0.262279,0.35521093,0.24064144,0.2953536,0.24513358,0.3239576,0.3578534,0.255879,0.31899583,0.23857701,2777.1145172614247,728.5211508584356,0.13296442651896284,0.05914689739302819,0.14661238,0.042221416,country,country.00045.wav,c:\Users\darsh\Documents\Codex\2026-04-27\i-am-a-first-year-computer\Data\genres_original\country\country.00045.wav
-126.891594,103.492065,-31.892567,58.719326,-1.9583547,-3.130634,-2.9370549,0.36575222,-3.0380836,-0.82976234,5.5851655,-10.142879,0.7323166,-1.6198152,-10.050463,-5.2108836,-9.042455,-4.738783,-1.0380152,-2.8514986,48.023865,25.766287,19.115952,16.662313,16.10554,12.278172,9.932971,9.4915905,11.762996,7.5861816,11.278639,10.409419,9.35383,7.5841923,7.3396072,7.6281204,6.8288183,6.581063,6.9242105,7.0373588,0.23346867,0.36712846,0.4066968,0.35905525,0.5563354,0.45474428,0.4012091,0.33276415,0.42734468,0.48417988,0.25937647,0.20708643,0.22030948,0.2632249,0.32807443,0.22770792,0.3309633,0.3008527,0.3022291,0.2749885,0.2581283,0.32360744,0.2087003,0.2232573,2109.4728877007824,547.0277963023775,0.11589196739551083,0.047611324353133665,0.10333062,0.033249024,country,country.00046.wav,c:\Users\darsh\Documents\Codex\2026-04-27\i-am-a-first-year-computer\Data\genres_original\country\country.00046.wav
-165.51901,117.87926,-33.606743,42.62332,-1.384882,3.8313904,7.169803,-7.170014,-1.6314924,0.8754549,-12.514056,2.894263,-12.372037,-1.3238245,-6.636533,-8.864955,-5.1069417,-8.079848,-4.2646637,-0.15898141,42.13116,24.998426,15.571871,16.504196,11.06242,8.783874,8.868791,7.8543963,8.141499,8.184149,8.676563,7.480657,8.595129,9.06964,8.07607,7.8245597,9.443713,9.96779,8.770853,8.3414755,0.46680582,0.2587404,0.346847,0.23269923,0.2860693,0.2681096,0.2644063,0.53057545,0.3197598,0.25676295,0.19221613,0.29982153,0.38416368,0.1981998,0.33903286,0.21646531,0.2500626,0.2750915,0.20418565,0.36129397,0.24655177,0.26245683,0.20635302,0.24639978,1784.3451875096134,446.8864199284784,0.09412943837074303,0.040130356300566314,0.09065509,0.031277463,country,country.00047.wav,c:\Users\darsh\Documents\Codex\2026-04-27\i-am-a-first-year-computer\Data\genres_original\country\country.00047.wav
-149.00017,107.24382,11.1901455,26.698795,11.405787,-3.808101,14.028653,-5.892951,-11.049588,2.8112707,-8.445196,3.1889074,-0.7737128,-12.404469,-6.286398,-3.299155,-8.16863,-6.5842876,-3.6775794,-2.967854,72.3292,26.487944,19.855032,14.601202,16.332813,14.207443,9.583583,9.485676,9.938978,9.194951,9.104526,8.180137,7.76883,9.288089,8.866539,6.972126,7.131512,7.2102795,7.0931287,6.717358,0.32462025,0.27734545,0.32920372,0.27906772,0.29632056,0.49716163,0.27541324,0.22068201,0.18921255,0.26863027,0.43793902,0.33528006,0.3209937,0.27408376,0.32314888,0.2787676,0.26109716,0.38231316,0.23284325,0.27431273,0.19021444,0.250437,0.37680355,0.26244164,1939.716518680421,649.7647919747056,0.0639731581366099,0.03404554543959908,0.116934404,0.045800347,country,country.00048.wav,c:\Users\darsh\Documents\Codex\2026-04-27\i-am-a-first-year-computer\Data\genres_original\country\country.00048.wav
-109.98737,134.74861,-24.026144,19.394617,-4.407176,-4.8148885,-7.800573,-0.3937005,-5.4159317,-2.9570003,0.78146684,-4.776981,-0.17221723,-1.690577,-2.4042227,-1.9624149,-6.938367,-4.0739026,-1.9557137,-5.792825,47.4324,28.800425,16.505793,11.895235,13.6741705,10.554315,9.994054,8.184538,8.39641,7.6278887,7.663469,7.546689,6.7015977,7.3784547,7.3622584,6.9544497,6.5474854,6.4792867,6.0969014,6.1534457,0.28977135,0.20569853,0.43993428,0.3245549,0.31463945,0.24296339,0.3030995,0.4249759,0.2689064,0.33023813,0.30516797,0.4334593,0.2606274,0.20026559,0.3510391,0.26256362,0.32297525,0.23785652,0.27143055,0.34913194,0.22969717,0.3217181,0.263704,0.35685048,1600.3408733031765,495.9192769501045,0.07581624600909442,0.028124913795809045,0.14357977,0.041051704,country,country.00049.wav,c:\Users\darsh\Documents\Codex\2026-04-27\i-am-a-first-year-computer\Data\genres_original\country\country.00049.wav
-143.12674,121.898,-13.34437,47.777847,-12.660497,23.372252,-10.994922,18.8561,-13.706635,15.950975,-11.356477,10.2887,-6.002485,2.7361474,-9.286326,4.5047164,-8.325129,4.5223846,-6.035288,-2.352378,50.489082,24.543163,19.160873,13.971703,14.0449095,10.587449,11.858423,9.935851,12.04609,11.035447,8.747171,7.9529285,9.262463,8.159766,8.374631,8.757875,9.067836,7.9704857,9.80588,7.6136465,0.47668934,0.29754975,0.38708735,0.30812407,0.398328,0.30187082,0.2689792,0.41629675,0.32813427,0.44482696,0.28258026,0.30138177,0.36147884,0.22026646,0.33423072,0.22721612,0.31835836,0.28740042,0.23270501,0.31070077,0.23046227,0.35823366,0.2351993,0.24026552,1779.496144918959,627.0142176665081,0.07890693026799536,0.04591949146356421,0.10938402,0.031495847,country,country.00050.wav,c:\Users\darsh\Documents\Codex\2026-04-27\i-am-a-first-year-computer\Data\genres_original\country\country.00050.wav
-204.71436,121.91577,-17.742798,46.3246,-1.7955848,17.031994,-14.699761,14.667406,-19.3929,10.903635,-13.47471,1.2002158,-6.2130065,-1.6907123,-8.696857,-2.5127738,-11.3285055,0.16912653,-7.287028,-7.511811,51.482815,26.55956,16.9319,12.787024,15.145983,12.0124035,11.7480755,10.325197,12.05838,13.107257,9.354183,9.570757,9.322025,8.34735,7.9581385,8.281269,9.891926,9.469256,8.806702,8.933303,0.22548667,0.12683207,0.1014524,0.22887117,0.38084823,0.27871755,0.29314503,0.24626693,0.40175277,0.3787671,0.2741333,0.35979167,0.26057485,0.19568457,0.13205704,0.23858579,0.36942297,0.26559693,0.33800325,0.24383432,0.38727677,0.36425412,0.2677463,0.36076498,1552.7721617035625,611.9710824021334,0.0592494527621904,0.043583400090552685,0.09027794,0.02876961,country,country.00051.wav,c:\Users\darsh\Documents\Codex\2026-04-27\i-am-a-first-year-computer\Data\genres_original\country\country.00051.wav
-265.27585,138.85979,6.1417327,47.49592,-2.3968022,21.038162,4.0860734,17.653969,-12.02991,15.491059,-1.1331512,7.8893595,0.49858156,-0.23055416,-3.8699815,4.062503,-3.1115553,3.0031965,-1.4015294,-1.495099,57.520153,25.237295,16.988657,16.48677,19.327951,10.488152,10.2972555,11.236947,11.760662,13.521366,9.221933,10.388188,9.475517,8.413071,7.640598,7.7625675,9.496737,8.917965,7.3250546,8.0827055,0.46265075,0.25753525,0.22311483,0.25522262,0.44374785,0.5455313,0.35513136,0.39432666,0.27725297,0.26225746,0.20403996,0.26423663,0.37172788,0.20719543,0.23601344,0.21758896,0.32327846,0.3939692,0.25498942,0.31525105,0.23212615,0.25687233,0.21425003,0.21691741,1115.7881616130558,479.4985944164119,0.03547446425116099,0.0249863436185921,0.069503844,0.019812722,country,country.00052.wav,c:\Users\darsh\Documents\Codex\2026-04-27\i-am-a-first-year-computer\Data\genres_original\country\country.00052.wav
-84.74407,100.98661,-16.020493,51.761948,-17.082294,22.577103,-20.299927,18.914927,-19.492682,15.328484,-17.741413,8.583118,-15.000552,6.4369044,-10.276651,3.2850342,-9.550154,4.0466037,-5.595068,-0.7083238,37.402824,17.756218,12.373972,13.252324,11.217091,7.487339,9.269244,7.752537,8.432075,9.18692,7.6379166,6.7391477,7.6665177,5.8993263,6.7791085,6.3118043,6.917345,6.884183,7.10405,7.6890216,0.28594008,0.32455018,0.37988487,0.36843368,0.5990751,0.34178913,0.305984,0.3565393,0.34633633,0.53828055,0.35128537,0.2821403,0.28622368,0.27826056,0.30326256,0.24723847,0.34792113,0.21093169,0.28292292,0.2865571,0.22131997,0.33369613,0.23990631,0.23301075,2271.2893251438104,490.7768486142936,0.10825444744098298,0.035117035681309756,0.13353112,0.033600483,country,country.00053.wav,c:\Users\darsh\Documents\Codex\2026-04-27\i-am-a-first-year-computer\Data\genres_original\country\country.00053.wav
-175.0163,115.70678,5.106449,58.160652,-3.3279543,29.664284,-10.028762,19.65578,-16.30351,13.737743,-8.81984,7.2240396,-8.89276,4.749918,-11.4932785,0.9123309,-8.153264,1.1864226,-7.9808745,-5.64686,39.766396,23.748957,12.819377,11.134419,10.496998,9.447733,8.974721,9.927126,10.0926075,10.469235,7.423073,9.608656,8.817567,6.735023,8.055794,6.8121324,8.487984,10.0292015,9.067376,8.998635,0.2528243,0.20953287,0.40563813,0.3982518,0.30058584,0.3220227,0.2480782,0.35157162,0.31089154,0.30116475,0.40886113,0.24380311,0.30606166,0.19109379,0.33194166,0.35763952,0.22967477,0.3322314,0.21367383,0.3353809,0.31839082,0.23422632,0.35649458,0.21254921,1654.6143319062874,555.8096451887344,0.06020787478231424,0.0249648464017551,0.104260966,0.029991493,country,country.00054.wav,c:\Users\darsh\Documents\Codex\2026-04-27\i-am-a-first-year-computer\Data\genres_original\country\country.00054.wav
-82.962616,122.53281,-16.658556,40.01591,-15.007229,21.670378,-18.256283,18.361864,-17.988773,16.991611,-16.039673,8.533731,-8.706783,10.766552,-4.624802,7.2375846,-7.6094975,5.294872,-5.5172386,-0.17936267,39.034008,19.158123,10.905445,9.647082,11.7094965,8.965666,6.8099165,6.4121447,8.092679,6.862004,6.3145394,7.702839,6.8158517,6.840113,6.758435,6.7830515,8.164291,6.670601,7.5636883,7.0109587,0.30242288,0.31239054,0.26000232,0.40560782,0.4700056,0.2763131,0.31642783,0.29553786,0.47817218,0.37022078,0.32473904,0.47308287,0.2183934,0.29454955,0.21951228,0.29538143,0.31251988,0.21868025,0.30735797,0.23560904,0.3619309,0.28267956,0.22816314,0.3328909,1881.161817758554,401.635093742474,0.08110419589299536,0.023314182961133613,0.15497614,0.038564447,country,country.00055.wav,c:\Users\darsh\Documents\Codex\2026-04-27\i-am-a-first-year-computer\Data\genres_original\country\country.00055.wav
-164.79193,123.42043,4.2346554,48.78873,-5.151332,22.84455,-7.8052983,19.294298,-11.024413,21.256271,-9.740571,5.1541314,-6.1411104,5.4141016,-9.923706,3.9135346,-7.3264365,1.3926399,-8.839242,-3.7414536,68.98765,23.69949,21.990978,11.133212,15.505233,11.909101,8.871205,8.940867,10.379803,12.31921,8.068572,10.272322,7.2664804,10.868852,7.8900647,9.840683,11.617418,8.824809,8.888688,7.103802,0.36128235,0.24773952,0.20802061,0.15535147,0.27237302,0.6051998,0.3643422,0.28828573,0.27753815,0.4327382,0.37635857,0.2407453,0.32170138,0.24313037,0.24370845,0.14035101,0.2175445,0.37294653,0.22963165,0.27950042,0.22948122,0.32117993,0.29862973,0.21989602,1468.7461596453222,538.6875627453052,0.054941088791602165,0.03178465245559216,0.13618691,0.045048676,country,country.00056.wav,c:\Users\darsh\Documents\Codex\2026-04-27\i-am-a-first-year-computer\Data\genres_original\country\country.00056.wav
-137.88376,121.523895,-13.26719,43.318726,-10.709389,17.858778,-7.9495444,9.089492,-19.792675,9.440965,-19.59838,6.907874,-12.543895,-0.7556317,-9.14944,1.4457074,-8.303117,-3.7529554,-6.868935,-0.48034742,66.26134,22.600399,16.317007,13.415072,12.712743,14.196714,10.200977,10.469064,8.051632,11.097532,10.284806,7.7518954,8.775485,9.521852,7.7890377,8.974389,7.651024,9.730868,7.0429707,8.328822,0.2879645,0.35781935,0.23246749,0.3687479,0.23047431,0.24847884,0.26393658,0.27948028,0.5628991,0.39845678,0.3339325,0.21567991,0.27135932,0.31533602,0.19720459,0.34643456,0.21607898,0.2812191,0.26595303,0.18461105,0.3812501,0.25249624,0.32965684,0.23302779,1741.8149971403934,572.8782502784381,0.07543756349167957,0.037212333998220895,0.13006444,0.04855231,country,country.00057.wav,c:\Users\darsh\Documents\Codex\2026-04-27\i-am-a-first-year-computer\Data\genres_original\country\country.00057.wav
-101.38996,120.45385,-0.4065886,49.042423,-15.863627,19.873766,-13.09437,18.574188,-15.706969,15.254118,-5.9068437,6.647349,-10.359329,7.0859585,-8.217058,6.200715,-8.389562,2.92007,-6.6528344,-1.323321,57.646255,20.067013,19.617264,12.988951,11.295658,10.452154,10.272447,9.038462,10.033095,9.664792,8.739233,7.418661,8.320374,6.7012725,7.224315,7.5062604,7.3113403,8.028935,6.290954,6.6780195,0.32209864,0.21248974,0.31843135,0.52194536,0.34609962,0.41030553,0.28638843,0.31635737,0.268813,0.2949437,0.5645828,0.3133623,0.3019485,0.18827435,0.25400564,0.37902853,0.23663852,0.32740355,0.24046141,0.28393918,0.28246027,0.20842904,0.34963825,0.2027544,1796.1137426759592,517.2376852194423,0.07327015407314241,0.03209093860536895,0.16375947,0.04991638,country,country.00058.wav,c:\Users\darsh\Documents\Codex\2026-04-27\i-am-a-first-year-computer\Data\genres_original\country\country.00058.wav
-185.1138,120.50994,29.717457,56.400288,-3.0346622,22.222614,-10.344739,20.05401,-13.685049,9.170437,-6.4285364,3.2967808,-8.737772,5.0113964,-9.227386,3.7786367,-10.20193,5.912037,-4.4247093,1.5817281,85.59922,36.409157,20.966581,20.7687,18.74473,13.2897415,17.201277,12.014932,12.1766815,10.97023,8.611755,9.437378,10.256234,8.266323,10.088202,9.393311,9.655411,12.47037,10.491358,11.232536,0.18760517,0.13434872,0.21470946,0.39462674,0.25746873,0.31993654,0.27468118,0.4492755,0.42793402,0.29038885,0.28873146,0.17288254,0.28209952,0.18789251,0.20936787,0.35553348,0.21535529,0.3566506,0.23334785,0.33596385,0.34440964,0.25707996,0.32314962,0.1861571,1535.3805435364122,751.0958554345756,0.052538986914667185,0.031119407741844074,0.14543544,0.048814792,country,country.00059.wav,c:\Users\darsh\Documents\Codex\2026-04-27\i-am-a-first-year-computer\Data\genres_original\country\country.00059.wav
-178.51938,130.13269,12.088971,47.051086,2.6224906,24.094349,-4.627712,22.772083,-10.941142,13.539126,-6.8097224,8.71216,-6.0909204,4.0794597,-5.152722,7.8594203,-5.255473,3.956895,-3.1399353,-4.3878207,61.663956,31.765577,15.6796255,11.174915,13.130127,11.078134,10.3658,10.147471,14.280278,12.012919,11.458858,9.807521,8.944059,7.4835305,7.4449944,7.9341273,9.811698,8.191865,8.767268,8.183895,0.48721957,0.27028704,0.23183689,0.21975352,0.35287237,0.49097535,0.4195202,0.4466085,0.33244273,0.33111438,0.24754289,0.27444464,0.37677702,0.19437723,0.2557018,0.17084612,0.26046243,0.37570393,0.29344457,0.33567208,0.28680912,0.30033013,0.21408926,0.22946203,1373.0379665331902,722.2163517369961,0.04291659612035604,0.03347395883037927,0.14100803,0.04144423,country,country.00060.wav,c:\Users\darsh\Documents\Codex\2026-04-27\i-am-a-first-year-computer\Data\genres_original\country\country.00060.wav
-186.39238,135.86008,5.928499,45.8605,-5.7662764,22.786793,-13.002946,17.122374,-13.756379,9.734512,-8.368887,6.659228,-9.09154,5.422999,-6.853948,1.548852,-8.558102,5.447452,-4.363458,-4.7068315,68.18073,28.998234,16.122103,11.991578,13.343567,9.68778,10.4407215,10.43457,11.4646845,10.787315,9.200876,8.634011,7.851559,8.056015,8.415665,9.37561,8.074863,9.326093,6.365012,8.547337,0.15060629,0.298957,0.43738714,0.25507593,0.29143134,0.15945995,0.23860763,0.28944406,0.392319,0.67749447,0.35185686,0.23085344,0.17315836,0.26934817,0.36353868,0.20162001,0.2934926,0.15171039,0.27279797,0.30545306,0.19589403,0.34893006,0.19150837,0.23949802,1397.840984804417,615.3106661015725,0.048586629861648606,0.026553654216702582,0.10717965,0.037722252,country,country.00061.wav,c:\Users\darsh\Documents\Codex\2026-04-27\i-am-a-first-year-computer\Data\genres_original\country\country.00061.wav
-94.09417,109.16863,-11.84995,41.56547,-19.475983,23.831955,-19.935585,20.374748,-17.28199,16.585613,-10.199127,9.392066,-10.051931,7.8054934,-15.095585,3.2743914,-10.467717,7.547813,-5.5502315,2.2327795,40.084213,19.22721,14.213268,14.368027,10.633924,10.220484,9.195781,7.8270197,8.632205,8.760348,8.846672,6.655276,8.593403,7.175214,6.7896905,6.6394043,6.8624477,7.596343,7.1874056,8.164343,0.33516166,0.3869299,0.576706,0.42654768,0.4425509,0.39907053,0.34693983,0.31459957,0.36108628,0.5269959,0.2820256,0.2858581,0.27514705,0.26512372,0.36719087,0.2672345,0.2944694,0.3065894,0.26463792,0.26318997,0.23679942,0.32446343,0.21341334,0.26041156,2167.0242315710375,532.4629365893604,0.10237579818111456,0.03931169314263441,0.1301793,0.03795233,country,country.00062.wav,c:\Users\darsh\Documents\Codex\2026-04-27\i-am-a-first-year-computer\Data\genres_original\country\country.00062.wav
-185.4226,118.46735,17.79529,48.887688,-2.1608062,21.370108,-9.001162,20.535988,-11.416627,9.282178,-5.4816723,5.754808,-2.9795716,3.4514766,-6.0777125,1.2669607,-5.9532433,7.072019,-2.168447,4.8688574,74.86177,36.159046,17.833944,17.978962,13.860936,14.558919,13.804454,10.374897,13.460763,13.396869,11.110551,10.688038,10.828185,10.202302,9.88733,8.645212,8.917591,12.332469,10.78367,14.669105,0.2939888,0.3803145,0.47583824,0.33306223,0.3784074,0.28706345,0.38561806,0.28160214,0.21900666,0.28379804,0.29961187,0.38893515,0.25909364,0.31106502,0.36676234,0.27123109,0.36907455,0.24996427,0.34397492,0.2886261,0.24209967,0.29521936,0.2740105,0.33468172,1615.0641667795348,775.7082811574722,0.058282716355456655,0.03559421272405188,0.13140647,0.04925543,country,country.00063.wav,c:\Users\darsh\Documents\Codex\2026-04-27\i-am-a-first-year-computer\Data\genres_original\country\country.00063.wav
-217.74222,128.3469,-7.513694,39.265003,-2.5556235,18.173012,-15.166711,16.770924,-15.265888,4.899212,-6.5137625,2.8973584,-11.506306,-0.10554188,-10.6238,2.2620766,-9.167437,6.8667727,6.235955,3.3692794,58.811954,25.634882,16.27704,16.106575,14.295863,12.926786,11.348372,12.151826,9.847953,11.928101,10.424687,9.391997,10.998395,8.917253,11.71213,8.222114,10.904147,12.610213,9.755338,11.486206,0.3138985,0.2153472,0.23601423,0.255782,0.33189744,0.5469389,0.278785,0.28720272,0.2099458,0.19205955,0.15337485,0.1383948,0.31957847,0.21216504,0.30100346,0.31148642,0.29575488,0.40119883,0.24478754,0.34971112,0.25876677,0.29037082,0.2110915,0.1540766,1512.285769157878,444.30160898708266,0.060115282749613,0.02583243154051234,0.082580954,0.031749062,country,country.00064.wav,c:\Users\darsh\Documents\Codex\2026-04-27\i-am-a-first-year-computer\Data\genres_original\country\country.00064.wav
-250.87863,163.09831,-3.8807108,30.153528,5.5764227,7.4960384,4.0248203,-2.1106052,-5.470411,-1.0583411,-9.981245,1.8183817,-8.760416,-7.0439935,-4.215172,-8.841513,-7.404841,-3.3014638,-5.14065,-9.97036,72.5522,26.469475,31.08348,19.674978,20.904198,12.128931,12.611129,11.333338,11.891068,9.748161,10.191552,9.050308,7.2623897,9.203414,7.8380866,6.5025744,7.1789026,7.3485055,6.987006,6.5034275,0.2449548,0.22761245,0.14058658,0.20424423,0.31665444,0.28547078,0.35715255,0.27866864,0.37647438,0.33484566,0.26721647,0.35975337,0.24906847,0.3001194,0.1965439,0.23864116,0.32744002,0.25633612,0.38706964,0.25852636,0.35847425,0.35366052,0.24646811,0.37943342,894.2258292361456,402.6097100619136,0.038680794069272446,0.02104058241262277,0.11056769,0.062339116,country,country.00065.wav,c:\Users\darsh\Documents\Codex\2026-04-27\i-am-a-first-year-computer\Data\genres_original\country\country.00065.wav
-102.51608,135.7217,-46.895443,32.746296,-11.16036,23.465744,-9.766421,16.901648,-11.685101,13.207406,-7.183144,4.735628,-8.202425,2.6096551,-2.9877625,6.8062387,-2.078867,3.292025,0.2834381,-4.21877,43.934692,19.129076,14.984765,13.958892,11.532996,13.301487,11.1164,7.9295726,9.247279,8.506919,9.971457,8.621879,7.047127,6.6645703,6.2281985,7.8650875,7.1349688,7.474961,6.558427,6.254218,0.16779299,0.2485591,0.33179528,0.23446542,0.4512852,0.25920096,0.32590023,0.35563755,0.31361485,0.6587488,0.27045992,0.23111789,0.14524606,0.21013305,0.3083886,0.15693812,0.3686381,0.20307603,0.2764877,0.32712814,0.20543431,0.3427232,0.15976313,0.2395205,1701.133231854635,329.57568879764625,0.09886750495839783,0.02650257338950249,0.13643475,0.03817725,country,country.00066.wav,c:\Users\darsh\Documents\Codex\2026-04-27\i-am-a-first-year-computer\Data\genres_original\country\country.00066.wav
-328.72546,167.05113,12.98839,28.820633,11.246061,14.426724,11.705958,7.8041215,-11.729083,2.385381,-8.347571,-3.857314,-6.7459245,-5.7640853,-8.251607,-4.5495777,-1.0538641,-4.606028,-2.8582494,-2.2324877,85.17587,30.841068,36.108856,18.272833,21.735996,16.370375,10.93177,10.904273,11.281999,14.208754,9.720458,9.365146,8.574671,7.9962134,8.4783535,6.5810947,8.010097,8.122923,6.5162373,6.776973,0.33986047,0.3718283,0.29673836,0.32533026,0.31921658,0.3791512,0.25290287,0.2769616,0.37847325,0.30864513,0.33985686,0.26661298,0.27958995,0.3399063,0.2566656,0.33841622,0.2687165,0.34010708,0.24258,0.26316598,0.34592664,0.23472102,0.34450865,0.22487184,857.9961382033647,534.1639931440142,0.03538187221845975,0.024618088347495418,0.055430457,0.035105597,country,country.00067.wav,c:\Users\darsh\Documents\Codex\2026-04-27\i-am-a-first-year-computer\Data\genres_original\country\country.00067.wav
-229.4689,157.31282,-16.762049,31.879862,-0.11036951,16.656443,1.3551719,12.223305,-3.862505,6.8392315,-4.2632265,1.337568,-5.8956633,-4.034213,-5.2549577,-4.548437,-6.8075137,-4.4060035,-4.17981,-6.349776,48.258083,29.6603,17.336306,15.253837,13.735313,12.095088,10.563785,8.649877,11.615855,10.302912,8.37183,6.873982,6.593345,6.385128,6.9420795,6.961754,6.869327,6.5697145,6.4016814,6.688016,0.24516909,0.38872632,0.461676,0.34293884,0.32926166,0.30153117,0.4491012,0.28315732,0.31443173,0.45583323,0.3389462,0.28187567,0.21883625,0.27880117,0.34735456,0.25231907,0.3191707,0.24623182,0.36073664,0.2581564,0.26448035,0.34436575,0.2652029,0.3020951,1130.9407637739448,440.0955129696016,0.050243082430340556,0.02284380251731797,0.08349272,0.040145256,country,country.00068.wav,c:\Users\darsh\Documents\Codex\2026-04-27\i-am-a-first-year-computer\Data\genres_original\country\country.00068.wav
-217.16394,136.1694,-10.362346,51.38904,2.6122367,15.1277895,-0.6809201,12.287425,-6.2264233,7.8023224,-5.4090786,3.6247036,-2.807217,-0.36028746,-0.55972105,0.36299673,-2.252891,-2.4962318,4.193677,0.35145858,51.45779,26.420107,15.128571,15.796319,14.593574,10.607968,12.801245,11.196696,9.77049,9.531268,9.907318,9.869959,9.975811,9.241766,9.560222,10.176203,7.1435337,9.987392,8.902343,8.998381,0.20630917,0.37514737,0.576019,0.3349877,0.26918828,0.22505003,0.3358238,0.33938354,0.37896308,0.58024335,0.31681874,0.28796265,0.19192952,0.26397675,0.3505835,0.22393745,0.25344408,0.21216409,0.2749886,0.31724548,0.25164452,0.3492579,0.23653467,0.27308515,1327.824096106779,418.0852983411037,0.06108731012964396,0.031818339280545,0.0871251,0.046953782,country,country.00069.wav,c:\Users\darsh\Documents\Codex\2026-04-27\i-am-a-first-year-computer\Data\genres_original\country\country.00069.wav
-99.32007,117.56864,-29.88463,40.83229,-15.263143,27.98068,-11.955397,13.331403,-11.367625,10.538834,-8.748048,8.41087,-6.8442154,0.43953532,-5.3088655,1.6441802,-7.3530955,0.51846576,-1.4642422,-5.9269967,51.827866,23.8662,15.543776,15.293461,11.36939,13.105043,11.075042,8.534715,8.80624,9.377917,8.461807,8.488718,7.164791,8.538646,7.5238976,8.011513,6.9710917,6.71047,6.022353,6.5913277,0.2969188,0.317496,0.27074197,0.44086307,0.5798166,0.3441196,0.34008947,0.28011945,0.39578944,0.38373202,0.3051292,0.42472595,0.23676008,0.27306232,0.22973786,0.29640037,0.35706475,0.24653596,0.29550412,0.24202016,0.30516517,0.3077747,0.22463144,0.3271154,1935.1584683595631,499.9920645302439,0.09476964613970588,0.03778507253215874,0.1442469,0.05290317,country,country.00070.wav,c:\Users\darsh\Documents\Codex\2026-04-27\i-am-a-first-year-computer\Data\genres_original\country\country.00070.wav
-185.85666,155.29944,-25.034077,20.532516,-3.8348439,-0.60029304,-4.568851,-5.914592,-16.53805,-0.45218396,-16.302252,-4.213608,-16.815842,-4.541953,-8.360623,-9.983513,-7.767914,-8.343301,-6.8449087,-10.199348,80.10434,33.914364,23.12147,16.758472,23.8976,13.287874,11.83067,8.407563,10.732309,12.430831,12.279803,11.69462,10.5017805,8.893256,7.2710743,9.142262,6.8077216,7.939886,7.5829153,6.9839897,0.1963887,0.23038338,0.42468908,0.2677397,0.29534587,0.18918481,0.28661248,0.28556228,0.25779605,0.36182708,0.28344488,0.42873776,0.16404958,0.21870248,0.36206222,0.21495058,0.34017065,0.20289335,0.28434744,0.27580583,0.25129357,0.35991788,0.21989416,0.3907575,1261.3177003596356,577.969939161235,0.060543095733359135,0.029844938534051905,0.11840969,0.06270744,country,country.00071.wav,c:\Users\darsh\Documents\Codex\2026-04-27\i-am-a-first-year-computer\Data\genres_original\country\country.00071.wav
-96.28298,131.92026,-26.322138,35.982155,-22.80771,14.489158,-11.834168,11.80155,-21.218061,11.527786,-12.925014,7.1762304,-13.93854,2.9490716,-5.027494,1.5300584,-4.385613,2.545406,-5.3661103,-5.97007,42.31108,21.145195,17.300581,14.021032,13.390401,12.1405325,12.899321,11.153888,10.095889,10.155131,7.4999213,9.717597,8.262536,8.096016,7.2100325,6.8811655,7.3987565,7.0417795,6.9142675,6.3588734,0.24913344,0.4854218,0.37103835,0.23580481,0.32945806,0.3031979,0.49748182,0.2991874,0.32450056,0.49713674,0.29696476,0.2523146,0.19645593,0.31537604,0.30672005,0.19191734,0.28928626,0.22427467,0.3703067,0.24394575,0.26234907,0.35227352,0.2123202,0.26152372,1711.2104216664566,409.43348977898916,0.08227350099167957,0.024406037724942355,0.1565894,0.048743367,country,country.00072.wav,c:\Users\darsh\Documents\Codex\2026-04-27\i-am-a-first-year-computer\Data\genres_original\country\country.00072.wav
-167.00983,132.44344,-17.294891,46.932304,-3.6503565,20.946672,-8.830444,8.546585,-15.151556,8.105514,-16.944103,6.6470175,-10.924017,1.1016005,-6.29374,-3.6414769,-7.382185,-2.1708148,-3.8498697,-9.6682625,51.574467,28.157711,21.951275,13.8111105,14.216881,12.78354,11.163454,9.689942,9.763395,9.203424,10.600914,9.919687,7.2308946,6.8765564,7.213006,7.2717886,7.176692,6.6396303,7.1848116,6.4488325,0.3688884,0.3025288,0.24084868,0.3452351,0.38462213,0.29486167,0.45528635,0.3405566,0.38551456,0.36532286,0.3942849,0.62132454,0.19381021,0.29812098,0.20301817,0.24691866,0.3221652,0.17330891,0.3187446,0.23267817,0.3135577,0.2989672,0.24240553,0.34778887,1549.1920056300596,508.44186230775847,0.06975279061048761,0.029433094878084164,0.09581227,0.038134295,country,country.00073.wav,c:\Users\darsh\Documents\Codex\2026-04-27\i-am-a-first-year-computer\Data\genres_original\country\country.00073.wav
-207.27617,130.94698,-18.496767,33.299126,-3.9221637,15.393467,-6.383,2.951952,-16.786156,7.0848484,-8.59407,4.7956495,-12.250599,-1.0214049,-4.5420403,-6.0667114,-5.5392537,-2.3645175,-6.528939,-5.8955736,108.60741,28.914797,22.411139,19.239944,21.131498,11.220084,15.397177,11.479512,12.448437,13.546053,11.300055,8.485658,10.941155,8.139334,8.807676,8.020655,7.607369,6.953273,8.099456,7.338544,0.35197657,0.3072066,0.4943592,0.34166175,0.2652886,0.20216766,0.36198807,0.5635552,0.34210002,0.37936783,0.28293505,0.36847404,0.31903526,0.23971203,0.3381631,0.2765979,0.26229241,0.18645664,0.23474367,0.37590313,0.22265896,0.32574624,0.23249917,0.27950945,1533.8625889630157,673.2621397779761,0.07112353062113003,0.04274126192777836,0.082314834,0.054394685,country,country.00074.wav,c:\Users\darsh\Documents\Codex\2026-04-27\i-am-a-first-year-computer\Data\genres_original\country\country.00074.wav
-60.84931,105.47066,-16.914595,40.70118,-15.038137,36.0463,-12.818773,17.483316,-16.755318,11.757576,-10.130225,13.194359,-12.209436,2.357671,-12.200347,6.448179,-1.7883275,6.329572,-1.3351495,-2.7925975,39.757454,17.295582,12.4364805,11.134196,8.032457,8.078317,8.253634,7.563728,7.638416,7.5703197,7.4116807,6.937516,7.3980455,6.871524,8.381429,7.1935773,7.536565,6.5098433,8.447796,7.9633775,0.21290168,0.294787,0.31451893,0.4008002,0.63767046,0.30889872,0.34719753,0.458468,0.38674694,0.5467198,0.3177302,0.23525533,0.21025768,0.255017,0.29457197,0.26990792,0.32971886,0.20537949,0.2754513,0.325657,0.23314022,0.31673756,0.21964699,0.19986363,2187.464108981412,389.9126822419302,0.11375403625677244,0.03871022322277994,0.17973058,0.05374876,country,country.00075.wav,c:\Users\darsh\Documents\Codex\2026-04-27\i-am-a-first-year-computer\Data\genres_original\country\country.00075.wav
-183.97171,159.81995,-23.17131,43.053974,-9.468154,8.831391,-1.6515099,4.351795,-13.370459,0.8398633,-13.976324,1.4428531,-7.390412,0.6109413,-3.3870335,-3.5861695,-9.068071,-3.1647353,-4.070173,-7.053117,79.849655,44.098537,26.517508,24.107864,19.93283,14.559623,13.518497,13.686587,11.648233,11.153205,10.198637,9.90045,9.08993,8.984193,8.242758,7.805461,7.74271,8.089087,6.468462,9.017677,0.22103833,0.29540977,0.4110537,0.29043877,0.3279269,0.23515135,0.2710256,0.20833366,0.25206637,0.48078653,0.28397477,0.29048732,0.24231768,0.27116266,0.35705924,0.23977526,0.340049,0.22997358,0.29099953,0.24254653,0.22305919,0.37464496,0.23475729,0.32891276,1321.5897450564103,637.0698588270494,0.0665252968991873,0.04089089546495187,0.12832628,0.05277878,country,country.00076.wav,c:\Users\darsh\Documents\Codex\2026-04-27\i-am-a-first-year-computer\Data\genres_original\country\country.00076.wav
-118.23319,152.94319,-46.513092,31.120495,-17.286913,6.277332,-3.6798625,13.048771,-13.126937,15.706044,-13.076928,5.701762,-10.694594,0.9979591,-6.701846,2.5876033,-9.8034315,0.16060135,-3.4548173,-7.419519,40.413006,21.52688,15.747532,11.540601,12.409549,11.014614,11.990004,9.516165,9.053462,8.925867,8.83593,7.9057207,7.2453723,8.033521,7.2870216,7.1046114,7.9493933,7.640265,6.7580037,6.8451166,0.5940152,0.2434878,0.24944551,0.20970298,0.35300103,0.51417917,0.26196864,0.40027285,0.2936918,0.39903542,0.2355727,0.2931312,0.33468673,0.19075522,0.28194928,0.20114322,0.24349397,0.33763674,0.19012041,0.34470707,0.2342315,0.30669227,0.21193981,0.21122251,1513.1966226436089,305.91739760260157,0.08784300624032508,0.022909935885453283,0.13140137,0.040512234,country,country.00077.wav,c:\Users\darsh\Documents\Codex\2026-04-27\i-am-a-first-year-computer\Data\genres_original\country\country.00077.wav
-302.58182,150.15967,-3.7027957,26.923807,-0.26331607,13.522552,7.2485633,4.217868,1.7668283,6.563311,-0.4889705,7.8965797,1.32933,0.4770671,0.07484705,-3.205135,-1.8265171,0.8744352,0.5740032,-3.1530657,87.291306,29.005163,27.763693,16.983082,17.987024,12.775309,12.346618,10.648344,10.96087,10.897256,9.04944,8.988192,8.100581,8.437765,7.850857,6.9654493,6.867849,6.936177,7.9398165,7.4169397,0.37655398,0.3962612,0.35818845,0.40115243,0.44089308,0.31365034,0.3243765,0.2581435,0.35772836,0.4134851,0.40437368,0.47072792,0.29771665,0.30631095,0.31840983,0.31970304,0.33503023,0.2529389,0.31277683,0.20449802,0.2840882,0.33105606,0.2778234,0.3266902,1143.943990289628,571.5072001125932,0.04985797515963622,0.03811616838618607,0.043252815,0.032864917,country,country.00078.wav,c:\Users\darsh\Documents\Codex\2026-04-27\i-am-a-first-year-computer\Data\genres_original\country\country.00078.wav
-229.1472,180.35635,4.5209055,24.184402,1.110934,3.9924355,-5.9960327,1.8722159,-13.136269,0.004707171,-13.499958,1.5836843,-13.435797,-5.6945286,-7.607403,-9.802796,-3.7803762,-4.796636,-4.7147093,-2.963082,71.243225,37.877934,26.909842,17.384388,21.219868,13.170712,14.104945,12.726806,10.706392,14.461888,10.489653,12.128896,9.676011,8.57621,7.815942,8.714247,9.003713,8.018139,7.701957,9.301623,0.4090124,0.21867533,0.29994515,0.24163935,0.4552698,0.35210994,0.25934026,0.47130135,0.25269812,0.30822825,0.18266314,0.27206475,0.34614527,0.16652986,0.32761633,0.19734864,0.3548982,0.31777725,0.17343539,0.3769464,0.18066391,0.34627956,0.16546798,0.23208867,963.1958805922379,533.0759492321956,0.04576843072755418,0.024571649731683964,0.11523083,0.039838884,country,country.00079.wav,c:\Users\darsh\Documents\Codex\2026-04-27\i-am-a-first-year-computer\Data\genres_original\country\country.00079.wav
-100.95596,111.60762,-13.152134,44.59755,-5.9610386,29.337101,-7.956897,19.591026,-22.446842,17.270527,-17.831654,11.408343,-12.451892,1.6513624,-8.525837,2.7190504,-7.307456,4.8687754,-1.2129419,-1.293074,54.379078,28.59851,21.453716,13.289794,14.165596,11.627922,14.540013,10.497485,9.295377,9.862643,8.517093,6.6665683,7.4145164,6.9791794,8.34111,7.1307006,7.73135,6.748484,6.8328004,6.4551244,0.3017368,0.3505523,0.6034161,0.46130654,0.27218407,0.22461599,0.388771,0.43410632,0.3444548,0.49293205,0.37635455,0.3973266,0.2489932,0.22776772,0.3307361,0.28143045,0.22744288,0.19122139,0.27610174,0.33154136,0.22613336,0.3282444,0.24441192,0.31411144,2049.8940197396387,760.6266701417179,0.08940724470297988,0.04595830881893212,0.15323907,0.04634807,country,country.00080.wav,c:\Users\darsh\Documents\Codex\2026-04-27\i-am-a-first-year-computer\Data\genres_original\country\country.00080.wav
-74.1483,107.63804,-21.198166,47.234455,-5.976316,17.812094,-20.399551,14.992423,-15.965242,15.734073,-14.664024,10.681491,-10.128547,4.4502964,-7.654799,6.92382,-9.014679,4.1666946,-3.748041,-3.5929134,47.05323,23.972424,17.44069,15.982857,14.994824,10.819422,12.110627,9.14096,10.81803,9.001505,9.467417,7.9011903,8.570702,7.2955637,6.991798,7.196109,7.0076785,7.078698,7.1659636,5.8267126,0.32274646,0.32859984,0.3428639,0.3617424,0.50660866,0.30714116,0.28864273,0.31173426,0.4165793,0.54762524,0.38766095,0.42289606,0.24881092,0.27057883,0.28050914,0.23594972,0.33689246,0.22454137,0.25246733,0.25787133,0.28558645,0.3539016,0.24819696,0.32503164,2101.538599563589,628.9973344271302,0.10102962340363777,0.04830668405281991,0.16790287,0.057332803,country,country.00081.wav,c:\Users\darsh\Documents\Codex\2026-04-27\i-am-a-first-year-computer\Data\genres_original\country\country.00081.wav
-68.62351,101.354126,-16.908741,51.526352,-10.228339,20.050034,-21.784996,15.524762,-18.795237,16.359055,-17.893854,12.126649,-13.205329,3.8833323,-8.886962,5.0211496,-9.8277445,6.536147,-4.5069447,-1.8084127,38.210598,22.174917,17.371264,17.025759,13.585275,12.302597,10.975102,9.802384,9.900301,10.035913,9.757059,7.6387877,7.938804,8.066743,6.5514636,6.4938684,7.2422953,6.333558,6.751696,5.440499,0.35191134,0.33027667,0.4483485,0.38223875,0.3902274,0.35133886,0.406574,0.5471935,0.37354526,0.37753618,0.31398788,0.35681373,0.2911741,0.2370675,0.31168675,0.26289955,0.3115,0.29624966,0.271257,0.34004426,0.24516281,0.3057023,0.25366327,0.26458484,2253.250681954205,562.5580214195502,0.10609270692240712,0.046736595067522604,0.1664755,0.048545144,country,country.00082.wav,c:\Users\darsh\Documents\Codex\2026-04-27\i-am-a-first-year-computer\Data\genres_original\country\country.00082.wav
-148.55994,141.2805,-15.883042,44.655067,0.9918708,13.662192,-13.240343,12.651497,-11.702235,12.159911,-10.476022,9.908224,-5.0558124,1.3398416,-0.5577617,2.8566837,-8.09752,2.1134841,-2.4832213,-4.4316597,62.11657,27.041523,22.001902,16.724808,15.379045,10.557697,12.008704,9.405035,10.589543,10.341915,10.280775,8.506573,8.024053,8.59311,9.327195,8.274159,8.13744,6.9120765,6.7856355,7.3731937,0.2698947,0.3416089,0.24117948,0.31908542,0.39753821,0.24863692,0.28927073,0.25569576,0.43271422,0.35573915,0.28142178,0.38759556,0.2090242,0.33690208,0.21289983,0.2600042,0.33901182,0.22767995,0.31387466,0.21825254,0.35159856,0.3270865,0.22635636,0.32360283,1436.0348088902886,547.3076862797539,0.05955141616679566,0.028660417942363077,0.13104534,0.04272267,country,country.00083.wav,c:\Users\darsh\Documents\Codex\2026-04-27\i-am-a-first-year-computer\Data\genres_original\country\country.00083.wav
-80.23639,108.186485,-23.827435,52.60141,-6.424085,15.064198,-17.635906,9.739016,-16.176489,8.906126,-15.964033,8.001828,-10.704085,4.5692387,-4.96035,3.9968152,-9.807707,2.6804268,-8.185659,-5.239688,48.4803,22.723793,16.64029,16.248013,13.997867,11.667395,11.508749,10.133349,10.018455,11.036865,9.561541,8.908177,8.505259,9.097555,7.557329,8.068617,8.267272,7.3134794,7.565509,6.544506,0.34108,0.27706602,0.4412651,0.27448303,0.29266244,0.22172531,0.26487085,0.40688673,0.28232157,0.3965284,0.26374274,0.37414774,0.3186806,0.21535625,0.32804963,0.21254487,0.30218217,0.23434575,0.24118347,0.35228807,0.2221083,0.3628568,0.21337985,0.3294499,1965.276613746473,522.6818919976428,0.09301795605166409,0.03909767621843402,0.18059872,0.058629815,country,country.00084.wav,c:\Users\darsh\Documents\Codex\2026-04-27\i-am-a-first-year-computer\Data\genres_original\country\country.00084.wav
-146.04881,124.6481,-17.922836,49.225048,-0.17947538,22.789757,-7.1734576,16.74798,-9.723663,15.444623,-7.621331,10.908756,-3.4551363,5.422265,-4.9359694,5.122743,-8.049169,2.6350684,-1.8498031,-3.4177577,56.333736,25.101595,23.168272,16.308725,15.199157,12.221791,12.545498,9.144311,13.411544,9.897015,9.073994,9.181846,8.928064,8.613195,7.4927726,8.184156,8.664971,7.3397,7.3831477,8.82099,0.22535633,0.30725685,0.2855069,0.33604568,0.52137613,0.34106985,0.30465302,0.21882035,0.3722404,0.5057223,0.30818003,0.3290522,0.20626928,0.29757667,0.28107128,0.25177,0.35407224,0.2571299,0.29861355,0.18894798,0.2713985,0.37806708,0.23386486,0.3007376,1596.2209122528532,528.0459662561404,0.06926526521381579,0.035425249299960236,0.13540749,0.043378245,country,country.00085.wav,c:\Users\darsh\Documents\Codex\2026-04-27\i-am-a-first-year-computer\Data\genres_original\country\country.00085.wav
-122.427414,111.48314,-13.694294,53.82841,-2.6777656,19.67755,-14.138923,13.743675,-14.016459,14.626713,-13.9932165,9.218205,-10.559242,3.0057263,-8.314941,5.0736394,-9.646631,4.3217463,-5.6819005,-1.6688946,62.98943,26.787529,19.937801,16.64972,14.918371,13.940772,13.018204,11.192814,10.61321,9.881042,9.116735,8.967783,8.634879,8.996706,7.6749635,8.077787,8.462201,8.16691,8.771169,8.359397,0.3891389,0.33652213,0.39819604,0.41483814,0.35741648,0.44681457,0.322492,0.33587143,0.27337748,0.37093103,0.4646758,0.35232812,0.31614426,0.26287508,0.30349398,0.31012636,0.26034528,0.34632128,0.2521581,0.3119616,0.22747292,0.28812137,0.34095114,0.2541173,1879.9377906980571,529.6149221037448,0.07831736467202012,0.03006529654044553,0.1335073,0.041700263,country,country.00086.wav,c:\Users\darsh\Documents\Codex\2026-04-27\i-am-a-first-year-computer\Data\genres_original\country\country.00086.wav
-170.90068,124.81326,-19.262194,39.2072,-3.7551057,15.289897,-12.972992,8.530165,-11.833667,11.321371,-13.773081,3.102464,-10.078784,2.8970056,-5.484683,2.5281565,-9.198529,1.0730368,-3.5728164,-6.7214923,75.6464,26.720907,24.18295,19.333735,15.867166,12.424395,11.184605,9.22073,11.379833,12.123993,8.384394,10.705162,8.788026,9.906519,7.3549438,9.659518,9.805603,8.977739,8.147124,8.276258,0.33316892,0.2648703,0.36496717,0.27312285,0.3738114,0.23617324,0.27039936,0.48070064,0.3221991,0.35476086,0.2809166,0.3861016,0.28328136,0.21025984,0.35401258,0.21022683,0.3324077,0.2145255,0.255997,0.36352006,0.23699655,0.34678242,0.24298036,0.31681758,1589.6339834802307,573.3598496351385,0.07391451903541021,0.03676068935882658,0.10860429,0.052365407,country,country.00087.wav,c:\Users\darsh\Documents\Codex\2026-04-27\i-am-a-first-year-computer\Data\genres_original\country\country.00087.wav
-121.94322,123.237656,-8.495369,51.596375,-0.10351304,20.407,-11.87541,16.275984,-11.508768,11.847224,-8.085656,9.13035,-8.638808,5.559068,-5.714605,3.9428213,-5.466577,4.9758854,-3.035579,-3.316732,55.226944,21.858618,22.729237,14.876588,13.488208,12.150394,11.310997,9.396151,10.818153,10.717775,9.408189,7.492578,8.717765,8.211371,8.51829,8.629027,8.66588,6.8367634,8.249626,7.052416,0.27207643,0.33147565,0.26022884,0.3851607,0.4627424,0.31476906,0.35709053,0.29853383,0.419711,0.4173601,0.34198892,0.3826093,0.21749689,0.2932346,0.22572128,0.29181215,0.3385719,0.22563754,0.30917245,0.23675965,0.31406355,0.3308917,0.24185136,0.33045733,1623.0094789002958,483.870071197068,0.06606309258900929,0.026334896534247934,0.15263915,0.05218848,country,country.00088.wav,c:\Users\darsh\Documents\Codex\2026-04-27\i-am-a-first-year-computer\Data\genres_original\country\country.00088.wav
-205.14923,140.98761,-8.957964,36.979443,6.4254427,14.875375,-4.3181176,12.232446,-11.431657,11.850926,-7.9033823,9.912311,-2.3516498,4.4772673,-5.0110183,3.1385374,-4.525136,2.6503336,-3.1228733,-10.712696,72.67613,31.947943,21.976686,16.4946,15.825497,12.513012,14.208483,12.195289,12.175641,11.027356,10.053121,10.859849,9.056626,10.71275,9.717298,9.583136,10.667957,9.233511,8.706255,9.213452,0.28979865,0.39070082,0.35007027,0.24239177,0.29493544,0.24912784,0.26476628,0.21237768,0.35767913,0.5257366,0.34390777,0.3439598,0.28274536,0.33772358,0.3168847,0.22905314,0.31850258,0.2612431,0.28599617,0.20040569,0.25229058,0.36618102,0.24415253,0.32716772,1321.7303763628809,715.3177409912472,0.05250308388157895,0.03535657902986996,0.10459916,0.04758657,country,country.00089.wav,c:\Users\darsh\Documents\Codex\2026-04-27\i-am-a-first-year-computer\Data\genres_original\country\country.00089.wav
-91.68523,115.86115,-30.20095,52.273148,-5.025164,16.953514,-15.656589,13.539407,-12.762941,15.969128,-11.969896,11.058928,-9.962004,2.0955365,-7.8270206,5.0337257,-7.3030434,3.050468,-4.442384,-2.2333906,42.004105,24.04322,14.83913,14.841844,15.472293,10.043092,11.123904,9.332804,9.845575,9.561973,8.309947,8.027235,7.832697,7.818982,8.82329,6.4421134,7.918495,7.050381,6.87332,6.4141192,0.2957663,0.33748302,0.24843009,0.3982715,0.48442745,0.36386898,0.49671096,0.33456728,0.416139,0.27458528,0.32613093,0.47790068,0.20321858,0.2978501,0.18835688,0.27144969,0.33421403,0.230524,0.33982676,0.2200791,0.3432752,0.22454529,0.22153649,0.33518976,1927.440445022141,520.6316293637605,0.0990303913506192,0.04177905279243458,0.14735453,0.048840377,country,country.00090.wav,c:\Users\darsh\Documents\Codex\2026-04-27\i-am-a-first-year-computer\Data\genres_original\country\country.00090.wav
-193.78868,125.56074,-20.924124,46.338,-2.685432,12.833367,-6.6019344,10.727056,-10.907483,6.109273,-9.442732,5.1639466,-3.658497,0.32129663,-8.018199,0.397922,-6.5234594,1.1838377,0.7200209,-5.210151,71.17263,27.058666,24.2316,17.918148,19.088177,16.653675,12.84657,11.867411,10.86304,11.488873,11.950405,12.675336,9.102029,10.414641,9.519416,10.135573,9.886586,9.138722,8.261831,8.277104,0.3488734,0.30018866,0.38509065,0.47568008,0.32246166,0.40201107,0.3021292,0.35981545,0.32673275,0.313277,0.39741775,0.3064893,0.30994213,0.24684134,0.28011504,0.36327708,0.21968417,0.35417858,0.23808251,0.31261364,0.30090258,0.27202812,0.32973948,0.2486747,1563.418330602126,612.3692259764956,0.06475622218459752,0.0364948809595604,0.08943178,0.042048275,country,country.00091.wav,c:\Users\darsh\Documents\Codex\2026-04-27\i-am-a-first-year-computer\Data\genres_original\country\country.00091.wav
-50.77633,96.71716,-24.326113,66.076126,-14.680636,24.391264,-21.017485,12.469586,-18.131817,13.267167,-12.802163,9.798451,-11.344081,4.923647,-7.846176,5.73902,-10.303221,3.7310996,-3.2382276,0.38193187,27.108038,15.431953,13.616228,11.878088,8.593227,7.7329373,9.257553,8.211669,8.4839735,7.4291162,6.713641,6.6404705,6.3172655,6.3433123,6.7269692,6.137809,5.6557035,5.292133,5.843702,5.5072646,0.27112153,0.28683716,0.47211814,0.40720508,0.45137137,0.26809585,0.36836445,0.5441292,0.40210518,0.37562165,0.2693114,0.3300051,0.2514978,0.20007907,0.3347048,0.22961228,0.32912457,0.21285294,0.27956483,0.3237385,0.23958866,0.30360407,0.21491106,0.28072286,2334.872868912086,425.23412284111197,0.12121959957914087,0.03629934254034809,0.17646493,0.029970152,country,country.00092.wav,c:\Users\darsh\Documents\Codex\2026-04-27\i-am-a-first-year-computer\Data\genres_original\country\country.00092.wav
-213.60236,117.2127,-21.871769,45.657654,-10.274458,5.0603156,-11.910965,5.567856,-17.804632,0.18699972,-14.165857,-1.1532573,-10.306384,-4.047061,-6.6340656,-5.4173846,-9.716231,-3.2029138,-4.448395,-9.152062,64.734886,25.024994,22.639355,17.056864,17.310568,13.10293,14.237121,10.015639,12.8293,11.302813,10.963227,10.394786,8.911266,9.7035,8.497764,9.693182,9.145279,8.436939,7.6923447,8.335911,0.12034942,0.2067048,0.32727095,0.20982713,0.25029546,0.18342729,0.3196298,0.3815289,0.25892457,0.35481903,0.19254044,0.20459215,0.18399262,0.2472736,0.36594757,0.2254735,0.34789523,0.22734156,0.32617667,0.3819411,0.23179299,0.37583646,0.18562922,0.2948755,1537.7642290059293,582.5972051678358,0.068123926688274,0.04343571475975772,0.092549935,0.041848134,country,country.00093.wav,c:\Users\darsh\Documents\Codex\2026-04-27\i-am-a-first-year-computer\Data\genres_original\country\country.00093.wav
-104.37176,136.39383,-20.940239,52.86117,2.025889,20.42771,-11.619367,17.663803,-15.735388,11.049825,-11.3204365,3.6714113,-6.4964943,0.03771146,-2.0411677,2.1937988,-7.11224,1.8450243,1.6776917,-1.4936905,45.806988,29.686123,19.44081,14.562285,14.043578,13.003778,10.449577,8.897998,8.785829,9.9852085,7.9876595,8.954608,8.072763,8.3279085,7.750217,8.413933,8.040977,7.355467,7.4562616,8.050452,0.4568869,0.2829989,0.29934883,0.26371104,0.35568476,0.3662669,0.35791498,0.5967021,0.40349552,0.38150218,0.26300347,0.37375605,0.32672423,0.21552621,0.28493235,0.2266535,0.2805515,0.30495992,0.22415791,0.3483394,0.25203076,0.2982424,0.20251453,0.30026475,1474.927396796844,585.9901652275937,0.06299281636996903,0.031171800922215564,0.20664184,0.05497841,country,country.00094.wav,c:\Users\darsh\Documents\Codex\2026-04-27\i-am-a-first-year-computer\Data\genres_original\country\country.00094.wav
-124.83957,127.38223,-23.38181,47.360462,0.56311065,15.991255,-9.954187,16.180136,-16.72955,6.785199,-8.187069,3.2049851,-1.5920393,-2.1546216,-3.5263731,2.2071302,-1.40757,-1.6892781,-1.0261394,-2.627463,51.131958,26.91459,17.705463,14.4324045,15.253428,14.522318,11.276168,9.47146,13.381936,10.256741,10.332898,8.575233,8.141549,7.8534555,8.177947,7.134543,7.401476,7.515424,7.028838,6.5912004,0.27276367,0.26624575,0.45470455,0.3458337,0.3362535,0.39447436,0.28711367,0.38286996,0.25818568,0.37224376,0.33290523,0.2404601,0.28386414,0.221643,0.35349965,0.2970107,0.2817283,0.3571253,0.22871554,0.35916904,0.22315545,0.33476672,0.31828737,0.23142046,1555.9530444453296,640.4287684077924,0.0672293742743808,0.05846037972127683,0.17533581,0.07036883,country,country.00095.wav,c:\Users\darsh\Documents\Codex\2026-04-27\i-am-a-first-year-computer\Data\genres_original\country\country.00095.wav
-69.88548,124.21146,-32.470196,47.69471,1.3983787,22.61767,-8.754297,21.44351,-15.66597,15.7432,-12.427222,9.581969,-9.056125,2.8903322,-3.1964307,5.8301554,-5.6160216,4.1652937,0.12036095,-1.7134392,48.371075,24.101324,18.16121,12.923351,11.187574,10.286856,12.288327,9.057707,9.450053,9.340477,8.1340885,8.758307,7.332409,8.12769,8.087359,7.088053,7.14016,7.276,7.429377,7.2423983,0.24956484,0.2899128,0.5823785,0.25242445,0.21662244,0.18787028,0.3640431,0.5042923,0.2816547,0.39392558,0.24260981,0.34329474,0.2653021,0.20181611,0.36205593,0.19446313,0.2421148,0.18212235,0.26524422,0.342156,0.20769547,0.33754617,0.21174307,0.33727372,1754.1360136048193,570.2404007225132,0.09739925986842106,0.04570086341082459,0.2179833,0.058796052,country,country.00096.wav,c:\Users\darsh\Documents\Codex\2026-04-27\i-am-a-first-year-computer\Data\genres_original\country\country.00096.wav
-148.44179,126.859146,-19.540855,52.85061,8.579708,17.89102,-8.081844,17.78146,-15.505312,13.504546,-10.957894,9.476343,-1.924605,1.8717725,-2.6637006,3.3802795,-3.5191011,2.1003568,2.08825,-0.1079625,61.288982,31.49563,23.127457,13.580147,14.673587,13.162113,11.946433,9.912322,9.238117,10.682808,10.118951,9.592884,8.057339,9.362829,9.36022,7.765047,8.697391,8.108933,7.66099,7.933832,0.35500053,0.27416712,0.34448713,0.26762024,0.29562724,0.47919792,0.3278706,0.3983262,0.36954924,0.44574976,0.34831738,0.27008086,0.3040513,0.22492827,0.3232499,0.2391171,0.23235261,0.38787884,0.23668905,0.33844063,0.26622993,0.33910683,0.30913413,0.24909408,1560.8796813263718,762.9451385070851,0.06718742441466719,0.052161440448583236,0.15299171,0.053277474,country,country.00097.wav,c:\Users\darsh\Documents\Codex\2026-04-27\i-am-a-first-year-computer\Data\genres_original\country\country.00097.wav
-139.62306,128.79353,-20.24936,49.443615,-2.1603606,16.988024,-8.355296,9.8182955,-20.150694,2.501784,-11.247767,3.766037,-6.4246874,-3.3514197,-2.8953953,1.9763129,-4.182942,1.3833524,2.4402022,-3.6237288,45.49526,24.309814,19.193722,14.493298,13.393883,12.290565,10.178516,9.473795,8.918425,11.671319,9.123551,8.2377825,9.55929,10.65717,9.298598,8.3806305,8.868299,8.355197,8.373888,7.9774604,0.3236798,0.18547021,0.2402049,0.18311337,0.30118397,0.32276833,0.2584779,0.43637133,0.23537485,0.26238176,0.17992674,0.32197133,0.33532962,0.19755289,0.29097578,0.18714432,0.32141304,0.36889964,0.20599505,0.38246986,0.19639309,0.3158406,0.17709662,0.33449885,1425.2635079969477,517.9368714789694,0.0617449025251548,0.030974684731440178,0.17611368,0.0602844,country,country.00098.wav,c:\Users\darsh\Documents\Codex\2026-04-27\i-am-a-first-year-computer\Data\genres_original\country\country.00098.wav
-42.16572,106.27832,-24.220884,44.671467,-12.33506,20.518545,-16.044445,18.488562,-18.78101,15.5109005,-15.4647255,8.930742,-9.987847,6.9245358,-8.796884,4.5718284,-9.043404,1.060687,-6.4489336,-0.99137646,45.279137,23.967136,16.103573,12.301298,11.211257,10.036339,8.96815,8.113114,9.062542,8.323086,7.763075,7.9206567,6.9502897,7.566187,7.4467187,7.089153,6.8902674,6.966466,6.396697,6.966927,0.32071295,0.44313294,0.3223196,0.33507106,0.31806862,0.42882177,0.6389222,0.35508242,0.33893925,0.29765472,0.34263745,0.43075886,0.22581396,0.3099592,0.25819144,0.26593506,0.23090495,0.27663344,0.3307076,0.23801075,0.28225964,0.25268975,0.248891,0.32679227,2157.205776680438,582.2423238400174,0.1082567150009675,0.0538803185365032,0.22073805,0.06506852,country,country.00099.wav,c:\Users\darsh\Documents\Codex\2026-04-27\i-am-a-first-year-computer\Data\genres_original\country\country.00099.wav
-111.17791,94.0352,12.515315,16.740261,8.181678,15.667253,-1.3758587,7.0394297,0.97360945,-1.4805396,-3.0693026,-5.068189,-3.6841273,0.23450822,-2.0857086,-1.8237208,-5.340757,1.2517449,-5.591701,-3.628164,66.438934,37.871117,23.741705,14.094525,12.489453,12.048631,10.653086,9.045897,7.603946,7.4567857,8.831935,8.456354,7.2736974,7.622046,7.263236,6.2939773,5.7054768,6.475608,6.461016,5.55894,0.31771174,0.3926256,0.5103671,0.43437436,0.493037,0.48159096,0.57621944,0.47891253,0.42832303,0.41171634,0.3687953,0.45673332,0.22167766,0.27255625,0.30267686,0.254909,0.35437343,0.2987616,0.31239048,0.27871573,0.27963096,0.32707068,0.26005295,0.28032044,2297.0855298395068,948.6640183950326,0.09633501838235294,0.0838646739684809,0.14226125,0.06436499,disco,disco.00000.wav,c:\Users\darsh\Documents\Codex\2026-04-27\i-am-a-first-year-computer\Data\genres_original\disco\disco.00000.wav
-28.934706,51.971786,-7.610495,21.605564,8.12836,18.120981,6.8754973,6.5840025,0.7281347,11.147646,-1.8413448,1.6686252,-2.6266403,-1.3988687,-3.6203117,0.1959262,-0.5023109,2.492097,-3.4764967,-0.12979744,33.86998,22.905817,19.509706,13.463021,8.937068,9.705296,8.7664385,7.335912,6.917201,7.793642,6.460947,6.766512,6.5252886,6.5499487,6.659523,7.844925,9.606482,9.0667925,8.20195,9.076605,0.40078607,0.32226464,0.35982364,0.4585121,0.5937228,0.4155084,0.35460907,0.3813984,0.431287,0.47152758,0.32709128,0.42587662,0.30554128,0.2579835,0.2922469,0.28823763,0.3377749,0.27829593,0.2594854,0.28355265,0.2677392,0.31131557,0.22435266,0.29884225,3290.4921281244474,744.6417283018883,0.18854685685952013,0.066283854618143,0.1770407,0.051041674,disco,disco.00001.wav,c:\Users\darsh\Documents\Codex\2026-04-27\i-am-a-first-year-computer\Data\genres_original\disco\disco.00001.wav
-53.18525,57.17846,21.168882,11.324465,18.122362,1.6665679,0.34381622,2.3195996,-5.109741,2.7499394,3.1528792,-5.519139,-3.1672285,-0.5232683,-2.650019,-1.9904132,-1.2388086,-3.3710387,-3.7308135,-1.440452,36.931644,16.297314,15.47667,16.21406,11.150679,9.779764,8.914762,7.1192427,9.248679,7.28292,7.625418,7.180522,7.018531,5.7224674,6.0715156,5.0185175,5.1943374,5.979253,7.823015,7.194698,0.3196161,0.31199935,0.37137848,0.37141046,0.51609284,0.50699925,0.5736419,0.43112803,0.36442333,0.44369724,0.33521715,0.39714065,0.25417882,0.22455633,0.28985208,0.25798962,0.31985024,0.2836239,0.31526366,0.30254284,0.23884101,0.31776375,0.2357181,0.28765586,3591.73383244625,705.6884854773801,0.1533482790731424,0.06720628911920071,0.16131842,0.04676909,disco,disco.00002.wav,c:\Users\darsh\Documents\Codex\2026-04-27\i-am-a-first-year-computer\Data\genres_original\disco\disco.00002.wav
-44.234295,52.219402,3.3025827,43.808002,12.616858,24.422096,4.970884,15.33408,2.0627646,10.375376,-1.5161041,8.84058,0.42485905,4.697436,-1.7848299,2.9537394,-2.0194726,-3.3882825,-4.1944323,-0.421686,56.28437,26.70461,25.480942,13.760934,11.302897,11.932546,7.465121,7.004606,6.1373334,7.378914,6.424958,5.779076,6.032938,6.030145,5.8095903,5.9445505,5.6800323,6.6249843,6.878186,7.3088775,0.6620764,0.45901772,0.35728666,0.39380544,0.4062562,0.42873144,0.35109174,0.48526818,0.48363805,0.6118593,0.69334626,0.6055483,0.300374,0.2455001,0.23291616,0.27313116,0.21112496,0.2574904,0.19970241,0.25619808,0.23125002,0.28588274,0.2878343,0.23305811,3048.5690425083776,883.8705078229883,0.14965177837171054,0.06873719532901394,0.19658779,0.045571957,disco,disco.00003.wav,c:\Users\darsh\Documents\Codex\2026-04-27\i-am-a-first-year-computer\Data\genres_original\disco\disco.00003.wav
-83.583496,64.47946,5.655918,2.7011647,0.7903161,6.1708026,1.892269,1.9798596,-1.816445,1.8574665,2.459876,-0.22793385,2.9555101,-3.3824587,-0.87964565,0.044985462,-1.571096,0.55798125,0.30237278,-2.7803588,46.316307,20.146128,19.588785,13.828344,12.94179,9.621339,8.688805,8.075958,8.848039,8.315768,8.2303295,6.6934185,6.7731566,6.508726,6.7010517,6.566717,7.5144863,6.9557776,7.605074,6.912785,0.29647678,0.34770146,0.2833203,0.3725786,0.42999244,0.32134348,0.4173686,0.32008016,0.4533089,0.4163807,0.38972092,0.5374496,0.2151182,0.2748605,0.24728188,0.2617054,0.31920817,0.2609077,0.34120247,0.2510929,0.3296469,0.3372522,0.25993073,0.34108222,3328.830808812161,800.6620294470287,0.16905150989260836,0.0715645923792043,0.114560604,0.056612868,disco,disco.00004.wav,c:\Users\darsh\Documents\Codex\2026-04-27\i-am-a-first-year-computer\Data\genres_original\disco\disco.00004.wav
-24.691769,73.7432,-11.558471,28.394289,6.2409563,2.465622,8.6340885,12.309108,-4.102859,13.385866,1.9154304,-0.97336847,0.6083647,2.3642092,-3.7914464,-0.933468,-0.8856284,-3.499582,-0.97060335,0.11684977,39.457653,24.089079,17.220089,14.525803,11.084063,10.130491,10.174913,8.574117,8.233427,7.2809334,6.3196807,7.562911,5.9977922,6.6699433,6.177231,6.536764,8.151552,8.855113,8.188007,9.491129,0.457388,0.37007317,0.45568144,0.3886622,0.49963483,0.4033771,0.37892792,0.55491704,0.48633808,0.5392055,0.39618436,0.4609316,0.31701553,0.26486918,0.30534396,0.2361705,0.30211905,0.2695959,0.22265546,0.3024573,0.25712678,0.32220745,0.23882797,0.29226667,2722.0804866206827,660.5576738154233,0.14455203596652477,0.06204898638445383,0.20725702,0.053770594,disco,disco.00005.wav,c:\Users\darsh\Documents\Codex\2026-04-27\i-am-a-first-year-computer\Data\genres_original\disco\disco.00005.wav
-14.574395,65.21034,-19.872639,31.508326,-4.8264484,11.862319,9.994609,5.9573913,-3.8033698,9.377889,-4.387916,3.339541,-4.444171,-1.2671182,-0.83626723,-2.202067,-4.7423997,-2.6242146,-7.4693303,0.22922221,30.93039,17.105383,18.387293,15.105892,11.807521,9.174662,11.118585,8.2863245,7.8685703,8.502997,7.898537,7.9095445,6.9436965,5.9288454,6.4574027,5.9513855,6.19879,6.7363453,7.2559686,6.6112423,0.4510387,0.4813242,0.3970596,0.5355884,0.48675144,0.33870232,0.42649776,0.5258799,0.6559699,0.4179198,0.4539757,0.5171439,0.2505824,0.29462087,0.24117985,0.2786619,0.2940395,0.21662429,0.26268324,0.25314367,0.29886568,0.2480678,0.2487417,0.3064311,2848.2245207476594,385.6632076680791,0.16366529907604488,0.0365991020079963,0.19194463,0.045976,disco,disco.00006.wav,c:\Users\darsh\Documents\Codex\2026-04-27\i-am-a-first-year-computer\Data\genres_original\disco\disco.00006.wav
-53.44801,56.161034,-6.3209867,31.619057,4.6533747,16.347412,4.1198163,1.8823282,-0.38823873,2.495932,-0.5415109,0.9562786,0.49564818,-0.1668209,-1.8157804,-2.5324876,0.81604815,-0.3422204,0.5600922,2.7850673,41.97893,27.940893,18.070724,17.83236,11.474495,10.28232,9.29366,9.42518,7.6130786,6.983411,7.6723604,7.0203705,6.446983,6.4744735,6.5801625,6.9619865,7.496485,7.0581937,7.9062266,7.9973097,0.43333894,0.4831737,0.35673678,0.34032744,0.44492674,0.4143247,0.41831493,0.35520658,0.47262624,0.56282794,0.41939598,0.47759607,0.2955019,0.31020597,0.25000685,0.24377315,0.3010286,0.2757192,0.29948303,0.23727906,0.2594377,0.32325557,0.24337618,0.3166707,3099.1841465490747,738.4402696155058,0.1402841101489938,0.05347043326100227,0.15960243,0.07000463,disco,disco.00007.wav,c:\Users\darsh\Documents\Codex\2026-04-27\i-am-a-first-year-computer\Data\genres_original\disco\disco.00007.wav
-32.467175,65.00107,-26.697556,30.282536,5.7431283,11.739748,-2.1584125,10.449982,-2.361821,5.3235164,-3.8081305,-0.8611962,-0.1878253,3.4654243,-3.0110605,0.4356225,-0.93142164,1.1783149,0.0062352703,2.8587081,40.185,20.366398,19.589163,14.708721,12.802708,11.102873,11.726041,8.998973,9.808547,8.631511,9.888234,7.6611137,8.235781,7.455326,7.7588434,8.624056,8.071898,8.148499,8.741658,9.046274,0.42254108,0.5016008,0.3993888,0.44684264,0.38326293,0.5177701,0.4916159,0.4173135,0.57983834,0.45876196,0.45281935,0.39233944,0.29562384,0.31194708,0.26001662,0.30552292,0.26007703,0.29910904,0.303192,0.27455342,0.31214878,0.27836633,0.28884065,0.27181068,2802.541418287883,556.5603868028409,0.16440792497097523,0.056134258539823005,0.19060382,0.07515676,disco,disco.00008.wav,c:\Users\darsh\Documents\Codex\2026-04-27\i-am-a-first-year-computer\Data\genres_original\disco\disco.00008.wav
-68.970566,63.131035,-15.854861,28.00219,8.1834755,7.321166,-4.936118,9.494793,-0.9736147,-1.6035987,-6.1901298,-3.9367528,-1.171013,-6.543671,-6.177693,-5.0452127,-4.4068336,-5.375081,-1.6540104,-0.8894558,64.309654,24.936666,23.190746,12.486236,12.329033,8.574099,7.948537,6.349574,7.1109,7.5462675,7.4331713,7.0682726,6.8562393,6.29458,6.586355,5.488528,6.517375,6.3578596,6.532165,6.842887,0.5567886,0.4800331,0.57195765,0.4932044,0.38024133,0.53418964,0.38704324,0.38602594,0.28992683,0.3029391,0.44450983,0.4789911,0.31364354,0.24528427,0.32140607,0.277714,0.21486437,0.30545402,0.22482991,0.26169628,0.20966926,0.22764611,0.28447694,0.2710426,3016.630571985955,753.0144032974318,0.17065354102167182,0.06878800778479255,0.11894808,0.04340286,disco,disco.00009.wav,c:\Users\darsh\Documents\Codex\2026-04-27\i-am-a-first-year-computer\Data\genres_original\disco\disco.00009.wav
-6.7841387,61.12633,-16.656654,27.431992,7.7223644,16.008894,4.6347065,11.4495,0.33629203,9.832176,3.1856217,5.025588,-1.8622084,1.4820429,0.94124126,-0.438225,-0.73170006,4.444671,-1.8448051,-0.6028676,34.24005,19.562664,17.192331,11.316622,12.35954,9.792343,10.226877,8.429041,7.865485,7.6238923,7.0206547,8.087631,7.1322393,6.592987,7.73463,7.746299,8.526847,8.044598,7.7599864,8.33454,0.43994278,0.4550086,0.39158133,0.46874025,0.42465225,0.5012541,0.39242843,0.38252378,0.49884334,0.42069468,0.48948386,0.38553387,0.31193572,0.3150297,0.24842334,0.32072437,0.2625314,0.31968632,0.27071553,0.25949797,0.3075462,0.26987872,0.34343204,0.267355,2877.646855543141,581.1825663089487,0.15032410990712075,0.05951471278529785,0.23285034,0.05503045,disco,disco.00010.wav,c:\Users\darsh\Documents\Codex\2026-04-27\i-am-a-first-year-computer\Data\genres_original\disco\disco.00010.wav
-41.327946,62.794346,7.325327,12.125494,6.3566365,9.265047,3.0930905,13.867353,0.16360408,8.0671015,-2.697001,-7.219517,-3.2453783,-1.9231242,0.5200374,-3.1877127,-5.547015,-9.166517,-10.670772,-5.9729233,38.87535,22.771818,18.879267,13.194746,10.341894,11.61776,11.073091,8.662072,8.45842,7.769757,8.394335,7.8169174,6.580534,6.901306,6.468499,6.7026243,6.966229,6.073809,6.915281,7.4761806,0.3549962,0.26702404,0.26480597,0.28735328,0.33110026,0.26040384,0.27304086,0.45629618,0.471297,0.6159604,0.4860944,0.4156361,0.31442797,0.26005518,0.26365754,0.2860355,0.2847039,0.2444837,0.23114187,0.31412733,0.26485768,0.3511738,0.29521495,0.26733258,3132.849239309041,792.5283414209126,0.13097653226586686,0.07374647961316932,0.18885729,0.045492128,disco,disco.00011.wav,c:\Users\darsh\Documents\Codex\2026-04-27\i-am-a-first-year-computer\Data\genres_original\disco\disco.00011.wav
-57.66927,68.38035,-15.251752,23.414114,14.855438,13.172661,2.1979194,12.811309,0.061214767,12.777958,0.039405752,3.3698213,0.8151105,1.0514908,0.54541034,2.9783313,2.9126883,4.022737,0.52523917,1.960363,48.412502,25.951035,19.474863,15.276276,11.566164,12.293129,9.454947,8.746152,9.774774,8.042651,8.472329,7.5141525,7.3429356,7.235091,6.5952353,8.905672,8.838209,9.414622,7.825466,8.164644,0.5490651,0.4233673,0.3739236,0.3493756,0.41212925,0.34279752,0.34235182,0.48141068,0.462651,0.5233919,0.42847544,0.4566133,0.35846442,0.2817717,0.28097048,0.26377818,0.29452342,0.27519032,0.2535073,0.313876,0.28170112,0.32620028,0.27609745,0.3109643,2739.0755703377026,699.1007048181152,0.13174939229392416,0.06218414451623731,0.1758003,0.060560875,disco,disco.00012.wav,c:\Users\darsh\Documents\Codex\2026-04-27\i-am-a-first-year-computer\Data\genres_original\disco\disco.00012.wav
-40.070427,56.209106,23.679754,31.92545,2.4516678,2.5737195,-2.4787798,3.092059,1.8828639,3.3509662,0.00014273818,-1.5209646,-2.4554946,-5.073821,-3.6762688,-7.849821,-3.038609,-2.7839167,-7.496366,-3.6325722,51.317043,20.145962,17.529343,14.475109,10.657239,10.6212635,10.955781,7.461232,9.846408,8.088451,6.708477,7.2238507,6.4381037,6.5471654,5.9836316,5.928626,7.4438386,6.7404323,8.364867,8.189322,0.2684253,0.31108877,0.3853694,0.41734135,0.58167386,0.49486956,0.47304484,0.48081923,0.44375402,0.45858893,0.35924447,0.38168296,0.18280749,0.22712559,0.27659354,0.2451218,0.32301942,0.28211343,0.32044744,0.31821164,0.25601548,0.325953,0.23394078,0.25606316,3391.8321168993366,769.1780774273367,0.15957688842395512,0.06959175580256804,0.1707804,0.048790105,disco,disco.00013.wav,c:\Users\darsh\Documents\Codex\2026-04-27\i-am-a-first-year-computer\Data\genres_original\disco\disco.00013.wav
-23.927662,61.220757,-0.9586992,25.331013,0.39423466,6.0302544,2.4890816,6.189192,-0.3292669,9.696876,-5.5078354,1.061818,-2.4369648,-0.56661993,-1.5567182,-0.896729,-6.7337766,-3.7109935,-4.4605083,-0.77398497,32.494637,19.2317,13.169732,10.753072,8.341041,9.081338,7.481739,6.187473,7.7263436,8.258092,6.731968,6.2398376,6.965564,6.149174,6.2357187,5.6876216,5.702707,6.1765065,6.074223,6.8946857,0.5521475,0.3281585,0.29118687,0.38045132,0.41945198,0.6166235,0.4280034,0.41209865,0.4307481,0.40844315,0.5546968,0.41255212,0.33203593,0.22907381,0.1937443,0.28127325,0.23085293,0.2994422,0.24803507,0.24036793,0.2767019,0.23424622,0.31353495,0.20769925,3087.483970853388,535.0500369905202,0.156306688999613,0.05200051163441934,0.17372327,0.034415472,disco,disco.00014.wav,c:\Users\darsh\Documents\Codex\2026-04-27\i-am-a-first-year-computer\Data\genres_original\disco\disco.00014.wav
-46.826416,103.7258,22.146416,9.233178,2.2635014,-4.791668,4.809458,0.9585231,-9.410542,-1.0655137,-0.8630862,-5.27438,-1.7578694,-3.6494381,-4.312637,-0.086329125,-2.5016925,0.5423791,2.5184677,-3.5447366,50.17282,29.796513,19.9726,13.597399,12.049892,10.687335,11.905966,7.5169997,7.6584535,9.354075,7.7389703,7.060204,7.732053,6.67768,6.2903447,5.986448,6.6058574,5.7238736,6.13364,6.848545,0.39263284,0.32175174,0.46526638,0.39059967,0.51917475,0.39708987,0.45181638,0.47827417,0.2985859,0.44613415,0.31360754,0.50078994,0.25387856,0.22571029,0.31250647,0.2771445,0.30584803,0.25889003,0.28908002,0.30839375,0.17393023,0.31536075,0.18897073,0.31418276,2361.735960891677,831.5797676422137,0.09018917497097523,0.03945344429217535,0.2158627,0.0460096,disco,disco.00015.wav,c:\Users\darsh\Documents\Codex\2026-04-27\i-am-a-first-year-computer\Data\genres_original\disco\disco.00015.wav
-36.030983,83.65931,-2.7294111,32.392513,9.196342,4.1342163,0.03383908,11.114395,-2.8908205,7.905869,0.61443704,3.6502342,3.7515378,4.070797,-3.3186333,0.09888028,-3.843196,-0.50684434,-3.4149015,-0.77121055,43.438545,27.224272,17.70173,12.769865,8.717133,9.906214,9.379091,7.7905393,7.6764183,7.008977,8.184441,6.7261953,7.861987,6.4655027,7.2440286,8.320415,7.4750056,7.5802236,7.571207,8.024308,0.45528975,0.507877,0.4554805,0.45138356,0.5272886,0.40566474,0.41065747,0.33931902,0.33447593,0.433909,0.41866535,0.47481298,0.2780225,0.3035423,0.2811213,0.28273863,0.30148897,0.27158698,0.31482592,0.25970572,0.23973817,0.29715666,0.260171,0.29225993,2522.8702609517236,723.1552833297678,0.11443506010545666,0.047486323089410205,0.20560874,0.044032417,disco,disco.00016.wav,c:\Users\darsh\Documents\Codex\2026-04-27\i-am-a-first-year-computer\Data\genres_original\disco\disco.00016.wav
-98.156845,92.40119,2.6636734,19.337896,3.586051,-1.7657076,-1.7049835,-3.1714423,-9.09204,-4.0804567,-5.1855764,-5.48785,-4.233516,-3.7713585,-1.7159789,-5.584647,-4.687199,-2.7077785,-1.8423917,-3.09303,58.651077,29.34543,20.767262,16.811556,13.791771,11.836869,8.58742,8.627951,8.806225,7.3462505,8.0710535,7.249453,6.8319206,5.924105,5.8474708,6.580811,5.472355,6.2354074,7.6973667,5.470861,0.48665446,0.36136967,0.528778,0.43136162,0.38047558,0.43285656,0.3746722,0.5203525,0.2694106,0.2842316,0.44647008,0.3397504,0.34180632,0.19488889,0.31978768,0.3000256,0.25557706,0.3114629,0.2127947,0.34127972,0.17046331,0.19912651,0.30848205,0.19527268,2564.6775896822555,941.9069827990163,0.12076004075561146,0.06479467245650906,0.11607086,0.05913387,disco,disco.00017.wav,c:\Users\darsh\Documents\Codex\2026-04-27\i-am-a-first-year-computer\Data\genres_original\disco\disco.00017.wav
-73.150406,71.752396,12.095572,1.3943439,4.529426,10.863227,3.870923,0.9386611,-5.9797716,9.034468,-2.3677688,3.5552127,-0.14264001,3.109238,-0.07392056,0.36490574,1.084568,1.5209072,2.3046873,1.9287057,61.51963,22.724756,23.54708,21.13056,15.272299,14.236675,13.14716,10.779795,11.660251,9.495133,9.596479,8.403229,8.932306,8.439162,8.384109,9.084298,8.327972,8.864814,9.572725,9.924231,0.36178344,0.43799767,0.29673454,0.34031397,0.29759434,0.2812512,0.40873644,0.36493587,0.49123323,0.32736292,0.3846244,0.44794396,0.26398316,0.32938847,0.22508036,0.28520998,0.27874133,0.22619662,0.33374527,0.26230207,0.3490243,0.25793332,0.30553013,0.3309779,3043.380831699277,674.2775552824797,0.14359928284636223,0.052447509908184614,0.1386678,0.047658473,disco,disco.00018.wav,c:\Users\darsh\Documents\Codex\2026-04-27\i-am-a-first-year-computer\Data\genres_original\disco\disco.00018.wav
-95.10371,109.35317,-30.161179,16.358658,20.03973,11.962816,3.48553,6.1739693,5.2001824,8.620757,0.34259653,0.38362703,0.53627163,-1.8029801,0.9774777,-0.063978635,-3.6734533,-2.1387339,-3.6518173,-4.407776,92.61107,40.46224,29.302103,15.944222,17.428415,8.250352,10.454784,6.8345604,5.7912397,6.0691442,5.8079505,6.0528955,6.054369,5.7611394,5.4111557,5.6300826,5.8848195,5.4834886,5.8546124,5.734445,0.3690211,0.37296775,0.53371495,0.50348854,0.44065475,0.47487184,0.36040324,0.43754214,0.3848469,0.5146555,0.57632667,0.3708334,0.29233742,0.22299208,0.3043714,0.31920335,0.2748024,0.28246695,0.2190741,0.29161718,0.25556558,0.2941685,0.31257516,0.23893687,2117.5507614054177,961.4880400196917,0.10366263847232972,0.05283107384774578,0.14695053,0.05662692,disco,disco.00019.wav,c:\Users\darsh\Documents\Codex\2026-04-27\i-am-a-first-year-computer\Data\genres_original\disco\disco.00019.wav
-103.961624,105.80915,-14.325732,36.73847,-10.348668,16.81085,-6.8228097,8.140346,-4.461959,0.98826367,-10.006155,0.38354298,-1.7078525,2.9656322,-0.89472985,-3.0466807,-4.439489,-6.513695,-8.457305,-2.7770846,54.643642,37.667496,20.955404,15.266929,14.118836,9.335332,8.748294,8.629217,8.166337,8.880453,8.82407,7.991812,7.4993625,7.4599977,6.9481287,6.286925,7.0624394,6.9467335,8.236765,7.9901567,0.34236842,0.34181082,0.322401,0.41212857,0.29366297,0.24763073,0.34731537,0.24552424,0.2859821,0.29709023,0.41283822,0.56377304,0.2640786,0.31032497,0.26491922,0.31829572,0.27177057,0.21495563,0.31509745,0.22535902,0.27094474,0.2572516,0.29435372,0.35783678,2117.828754709546,717.2307684145588,0.10330171850812693,0.04704912919051391,0.124615744,0.028856877,disco,disco.00020.wav,c:\Users\darsh\Documents\Codex\2026-04-27\i-am-a-first-year-computer\Data\genres_original\disco\disco.00020.wav
-115.13256,70.425385,31.242792,11.176329,13.06419,3.867458,1.8087032,4.9707108,-1.0388263,3.9260278,-1.2926351,-0.6884155,-1.0751352,-0.14145264,-2.1613636,-2.3170588,-6.3917284,-5.3133707,-4.9977107,-3.8522289,50.395992,21.962406,28.61603,15.826472,11.219667,10.71529,7.1877236,8.815499,8.843525,7.306562,9.061843,7.665368,6.3752413,5.859469,7.4404845,6.846442,7.728505,8.497881,6.39655,6.7904935,0.7458414,0.5255285,0.39289394,0.33277574,0.28591222,0.22925976,0.23881318,0.411841,0.35533756,0.35691845,0.4304451,0.5082926,0.32355812,0.25485736,0.2612736,0.2778344,0.23829135,0.20366558,0.18884267,0.2719726,0.25530356,0.28874174,0.30555937,0.25565737,3248.532892801311,826.9284023673356,0.1240548054131192,0.044995280001122386,0.11133677,0.04504295,disco,disco.00021.wav,c:\Users\darsh\Documents\Codex\2026-04-27\i-am-a-first-year-computer\Data\genres_original\disco\disco.00021.wav
-71.94239,46.88916,21.026213,29.95096,9.497894,2.4052784,8.244612,2.5142548,-2.1629694,0.43971246,-0.23318739,-1.5565153,-3.6136649,-3.8174977,-5.2896686,-2.9235542,-2.9003375,-1.7993289,-0.71562326,-0.9882604,45.71869,21.372257,15.001791,13.600837,11.820897,9.682901,8.8132515,8.051182,6.359784,7.9030395,7.2806916,6.990313,5.9768524,6.294308,5.6203604,6.145767,7.918378,6.782472,7.7077413,7.437305,0.34084,0.36177257,0.4662487,0.4411681,0.50432384,0.4755225,0.5736643,0.4393719,0.31560737,0.46767512,0.42810082,0.41003263,0.23844275,0.25920674,0.33510882,0.30843443,0.34195036,0.28727564,0.31732383,0.27256155,0.21828441,0.32740888,0.25892144,0.29811126,3707.487312505618,895.4744101326662,0.17289993711300308,0.09129611456605723,0.13689657,0.0655788,disco,disco.00022.wav,c:\Users\darsh\Documents\Codex\2026-04-27\i-am-a-first-year-computer\Data\genres_original\disco\disco.00022.wav
-32.173412,60.033607,3.3775673,18.969069,4.3263345,0.68113494,-2.0263913,1.3316941,-4.64699,3.7893417,-6.734154,-4.892331,-2.3437293,-1.6774992,-3.493383,-2.6775057,1.0068873,4.0120397,4.702274,5.8544073,52.414017,27.748617,20.138947,19.471563,16.942879,13.522647,12.895146,10.327097,9.4155655,8.46244,7.5522385,6.224655,7.635768,6.2746596,6.900447,6.683752,6.330962,7.750933,7.5257835,7.0623784,0.4542121,0.37328777,0.3986241,0.45108265,0.3899965,0.47312346,0.45783463,0.5330156,0.46824184,0.41080195,0.4312615,0.3816751,0.31285083,0.26046452,0.2594484,0.3130878,0.2649673,0.3311503,0.28374475,0.30728343,0.3020336,0.27703956,0.30479014,0.2646244,3167.808308145324,837.30176773903,0.15100324412248453,0.08116006648234539,0.1782089,0.044355083,disco,disco.00023.wav,c:\Users\darsh\Documents\Codex\2026-04-27\i-am-a-first-year-computer\Data\genres_original\disco\disco.00023.wav
-69.599335,83.05957,-16.599524,0.119469374,7.4157043,0.7696189,1.337008,4.6906857,-1.4208715,3.328473,-2.8755643,-8.202937,-5.765528,-0.26638117,-3.2104323,-1.8850925,4.043784,3.6543794,1.9138741,3.6086924,48.217476,20.990513,17.48306,13.759998,10.225967,10.038503,8.664892,7.707857,8.618706,8.159072,7.8378215,8.078999,6.922665,6.443968,6.0157995,7.033575,7.3487697,6.6210437,7.007265,7.466781,0.2866546,0.36985785,0.27407503,0.37161613,0.3109577,0.4869359,0.55166954,0.3752466,0.5085874,0.28268194,0.37579527,0.27718005,0.21966007,0.28226972,0.1970389,0.3082756,0.2405252,0.31698716,0.34806198,0.21876313,0.32925096,0.17557664,0.29420513,0.23561299,2625.095043461179,585.4210012066426,0.12025853207236842,0.03886628306928901,0.14297517,0.06291434,disco,disco.00024.wav,c:\Users\darsh\Documents\Codex\2026-04-27\i-am-a-first-year-computer\Data\genres_original\disco\disco.00024.wav
-124.19868,90.16968,-11.312608,10.940362,-1.1521437,-3.7543972,-0.8530474,-3.840254,-3.7089515,-0.26702476,-5.8232455,-3.4306006,-4.625741,-4.559666,-5.4870396,-5.199043,-4.60868,-1.811132,-1.3179177,-1.9561292,68.41376,29.917175,16.51525,15.650412,10.61663,13.5439205,11.009571,10.880988,10.174666,9.262861,8.584737,8.025864,9.557287,8.580006,7.078511,6.069445,6.2244983,6.6837487,7.322023,7.631671,0.533579,0.4946679,0.34394547,0.25755137,0.2521326,0.42769867,0.33041146,0.37279585,0.37728375,0.27984297,0.3221458,0.30502668,0.36367503,0.32007167,0.2752068,0.26233864,0.24687903,0.34554338,0.26317015,0.32041612,0.3237066,0.23425102,0.2981328,0.23912606,2410.0020281305497,770.4081896722614,0.0996603950996517,0.050123410109899146,0.10787619,0.05843976,disco,disco.00025.wav,c:\Users\darsh\Documents\Codex\2026-04-27\i-am-a-first-year-computer\Data\genres_original\disco\disco.00025.wav
-68.09459,66.36573,11.869311,21.982038,9.769293,6.6966743,1.6115297,3.8194947,0.95873666,4.773914,-4.2044983,-0.05883123,-1.2347757,0.077795826,-1.1298578,-2.0621068,2.565989,1.3888539,2.1794925,2.2477424,51.733757,23.354137,17.996586,18.501442,12.883426,10.988838,11.506767,8.252147,8.517563,8.843122,7.859812,7.226171,7.3103223,7.3644314,7.598805,7.6902633,7.959534,8.162481,9.211383,8.941138,0.34166718,0.33522737,0.45931137,0.36481342,0.4273992,0.50899845,0.43045458,0.5167151,0.3717802,0.38951012,0.374441,0.2949277,0.28109556,0.24702957,0.32760778,0.26049945,0.29556796,0.3343945,0.26130995,0.34163925,0.25176942,0.29316297,0.29568085,0.21573028,3042.993183926036,887.0668506165708,0.1315751681017802,0.0744159069546085,0.14301582,0.039181884,disco,disco.00026.wav,c:\Users\darsh\Documents\Codex\2026-04-27\i-am-a-first-year-computer\Data\genres_original\disco\disco.00026.wav
-155.63733,60.568497,23.166864,31.186348,25.054384,16.906994,9.43836,8.449133,5.317451,6.5566573,5.7627544,3.9231863,7.5597153,2.156522,4.427986,4.34529,-0.023135832,0.8937063,-0.49496508,-4.7843685,81.180115,35.086876,37.681225,17.8764,16.21696,12.340706,10.809049,10.990596,9.758986,7.8963103,9.337791,7.5178285,8.199297,6.6689873,7.36191,6.882414,6.3101387,6.7568016,6.2722464,6.631829,0.44453165,0.42299002,0.44817826,0.45016778,0.52116627,0.5123024,0.45379752,0.4550728,0.49071717,0.5588646,0.5521586,0.514185,0.28024703,0.28092706,0.2986723,0.28029788,0.309896,0.31025186,0.2778626,0.27340868,0.27574906,0.3235304,0.2917,0.28538904,2909.983968555962,1220.6579954235506,0.10124882086880804,0.07425717021928806,0.115593135,0.05900569,disco,disco.00027.wav,c:\Users\darsh\Documents\Codex\2026-04-27\i-am-a-first-year-computer\Data\genres_original\disco\disco.00027.wav
-20.481245,53.708107,5.945927,10.153068,17.057161,9.541378,4.6119027,6.398941,-0.3333011,1.7238895,3.6845264,-0.77463186,-5.887973,2.3219109,0.36891213,2.7516134,-0.53185666,-1.2027637,0.24694546,-1.2757894,41.05844,20.76969,19.067728,14.319427,11.221384,7.7671404,8.625854,7.0190134,7.298027,8.011362,8.983935,6.35946,6.897246,6.2952743,5.5955524,5.527379,5.734269,5.6240997,5.577783,5.683908,0.41887248,0.498419,0.61432415,0.5234378,0.45300213,0.4647523,0.45601335,0.576857,0.4763897,0.45103812,0.47425303,0.38865885,0.28740913,0.28309953,0.3037914,0.28126162,0.2634496,0.28922856,0.25560123,0.29722008,0.25534016,0.2688684,0.29287875,0.2568012,3713.366946149792,1011.5591369664879,0.1982474784732972,0.11595202962257423,0.17252432,0.05814367,disco,disco.00028.wav,c:\Users\darsh\Documents\Codex\2026-04-27\i-am-a-first-year-computer\Data\genres_original\disco\disco.00028.wav
-59.006565,68.87012,-8.457222,3.5900607,5.072522,3.284628,13.525487,-1.3692732,1.6712126,3.712645,-3.715991,-0.31718877,-2.8357637,-8.801013,-4.4926963,-6.412872,0.454339,-2.2726712,2.9792905,-0.018868461,42.967266,18.386217,15.013962,13.630551,11.424927,10.538272,9.72427,9.320862,9.206867,8.656052,9.240933,7.435593,7.7340827,7.9722786,7.767451,8.274827,8.78156,9.708989,10.418358,10.335689,0.31119552,0.36789766,0.35288933,0.39968914,0.48820037,0.44151405,0.47261903,0.43075085,0.4185088,0.31451285,0.29427958,0.31682572,0.26133683,0.2940473,0.2817547,0.30984813,0.3463064,0.32579976,0.33708948,0.3024135,0.33588824,0.27245727,0.25413412,0.26678708,3075.059149844922,620.1865781789173,0.13853393176760836,0.049965613022775475,0.1475287,0.05644487,disco,disco.00029.wav,c:\Users\darsh\Documents\Codex\2026-04-27\i-am-a-first-year-computer\Data\genres_original\disco\disco.00029.wav
-40.729237,63.947403,4.90489,16.340809,12.100067,9.339081,4.540618,5.1896324,-0.58943725,-0.06985197,2.9546144,-1.4821671,-1.7598724,-2.2666602,-6.12547,-4.7247868,-4.742951,-5.763995,-4.029355,-5.362603,44.7485,20.898884,14.7773905,15.734882,14.131888,9.623412,9.52768,7.9903064,7.654206,8.284869,7.163671,6.3776608,6.1918783,5.5953355,6.7319717,5.783624,5.585119,5.0357633,5.0142527,4.983127,0.49362966,0.4230512,0.4946386,0.47134212,0.47036195,0.34192568,0.3577251,0.422724,0.43620613,0.5152311,0.43598285,0.5408594,0.29737198,0.24404669,0.30251485,0.23509434,0.3227462,0.22092856,0.2198147,0.28469557,0.25874627,0.31245473,0.2642227,0.32723957,3168.1112406928287,819.4340019517382,0.1508622774767802,0.07706370250611315,0.1699541,0.068125546,disco,disco.00030.wav,c:\Users\darsh\Documents\Codex\2026-04-27\i-am-a-first-year-computer\Data\genres_original\disco\disco.00030.wav
-66.56881,58.310627,-8.179027,15.493415,5.5751886,7.6971626,4.071543,-3.583531,-1.3218851,1.6088259,-5.4825335,-3.73455,-3.2398586,-1.3290434,-3.4326332,-1.1864657,-4.3829236,-3.656522,-2.0906227,-0.30984738,49.275932,18.317972,16.094786,15.3262615,11.911059,10.975949,9.250745,9.646317,8.3941,7.121555,7.138974,8.08257,6.5909715,5.8894134,8.024455,6.850773,6.2211156,7.034477,7.4403734,7.566841,0.35359335,0.4101484,0.4612053,0.31913686,0.37531677,0.32037413,0.50294685,0.5410189,0.4234648,0.45051694,0.36129028,0.48709407,0.26002258,0.28159305,0.29340076,0.22291757,0.30269012,0.2261516,0.30322775,0.32940006,0.27217305,0.3086922,0.23465058,0.31175876,3257.126964639291,623.5034428380051,0.17381451964009287,0.05277311399564429,0.11574833,0.050128408,disco,disco.00031.wav,c:\Users\darsh\Documents\Codex\2026-04-27\i-am-a-first-year-computer\Data\genres_original\disco\disco.00031.wav
-123.20344,86.96168,-22.495188,6.9312387,8.458765,12.637701,-0.85900456,-0.8323711,-3.262091,2.6230345,-0.7835581,-0.42596033,-3.8292584,-5.653187,-1.8435527,0.12274661,-1.0618997,4.500085,-0.97467154,-5.260678,76.580956,30.938826,22.82102,17.581322,13.027555,11.946552,11.497784,11.121635,9.634634,8.524042,7.8683825,7.9495597,7.895136,7.6123624,7.34728,8.887164,8.940483,10.626049,8.664665,10.97039,0.37972113,0.29433846,0.39240873,0.357365,0.46789512,0.43418553,0.30322558,0.32180163,0.3766423,0.5944007,0.24323384,0.2572351,0.3187549,0.24082252,0.32753542,0.2842611,0.3240974,0.3386837,0.25613114,0.28470325,0.26171702,0.3375932,0.17850684,0.22377339,2447.5053952029866,700.5133247560203,0.12327627648510062,0.052494197749285536,0.111132905,0.0663372,disco,disco.00032.wav,c:\Users\darsh\Documents\Codex\2026-04-27\i-am-a-first-year-computer\Data\genres_original\disco\disco.00032.wav
-57.800613,86.53878,-11.776967,38.7768,2.375864,8.829936,-1.2931184,9.917737,-1.6644962,9.836173,3.0134122,7.5246854,1.7179295,5.66263,-0.7007106,3.4496064,0.13334641,-0.95583814,-2.637059,1.6531117,46.616436,27.832417,21.23882,14.912636,10.999882,8.952431,7.628691,7.9123244,7.154643,7.450597,9.272572,9.21506,8.662724,8.087088,7.690585,6.945418,7.389184,7.4760046,7.432313,8.210995,0.4587621,0.29096285,0.33780113,0.27626666,0.45771742,0.6384397,0.36905262,0.37858668,0.34504882,0.5001346,0.33773634,0.31228882,0.31629178,0.21653089,0.30180967,0.22038348,0.2627305,0.340129,0.23306908,0.28793135,0.23091753,0.3259881,0.26647067,0.24134666,2450.4078120136996,638.8408965110618,0.12449924717008513,0.04079810968307279,0.15696204,0.032111328,disco,disco.00033.wav,c:\Users\darsh\Documents\Codex\2026-04-27\i-am-a-first-year-computer\Data\genres_original\disco\disco.00033.wav
-65.79326,52.831802,16.578833,12.54698,5.604338,8.383382,-0.6104741,-0.6237842,-4.082043,0.6868591,-7.787457,-1.8914621,-7.2499976,-5.273299,-3.0442162,-4.339184,-2.5437577,0.720826,-0.3096042,2.936622,40.128407,13.913106,18.014395,15.039208,11.639439,12.3838005,8.576455,8.23325,8.43969,8.969669,7.8662114,6.973805,8.445614,6.5541153,7.2134447,8.101434,7.833129,8.171014,8.251631,8.448217,0.23297583,0.3737706,0.5171019,0.3783444,0.36406696,0.35039517,0.48758978,0.39404282,0.3074281,0.355354,0.23650032,0.2943475,0.18947256,0.26171464,0.3500395,0.2676941,0.31619534,0.27296355,0.31763074,0.30912974,0.24462864,0.30944315,0.19239184,0.29026496,3653.396938317012,564.3777659404316,0.18083450742550308,0.056617282516308994,0.12288418,0.04483668,disco,disco.00034.wav,c:\Users\darsh\Documents\Codex\2026-04-27\i-am-a-first-year-computer\Data\genres_original\disco\disco.00034.wav
-51.8135,55.668415,11.39662,7.4714856,12.000198,6.2591653,4.35697,4.3104258,-5.940892,0.565794,3.599389,-2.388708,-5.823012,-4.5261793,-7.0146914,-4.256947,-1.7328708,-2.1438155,-2.4903357,-1.5405887,43.25568,24.299004,17.40977,13.19668,11.102441,8.122298,9.159212,6.8461704,7.4683366,7.253964,9.727822,6.9285073,7.10752,5.7150087,5.7668934,6.586768,7.1136875,7.1486297,6.842988,7.3057203,0.27429342,0.2913153,0.35852233,0.5783917,0.44893047,0.45283726,0.44911426,0.3761318,0.39360273,0.37705454,0.511512,0.320249,0.20317537,0.23332196,0.23399083,0.3344433,0.27453032,0.29935414,0.29019204,0.25814247,0.3258439,0.24830444,0.32160816,0.21763845,3623.816329797985,957.6295129174905,0.1764282604489164,0.0855581751534182,0.15231217,0.06610048,disco,disco.00035.wav,c:\Users\darsh\Documents\Codex\2026-04-27\i-am-a-first-year-computer\Data\genres_original\disco\disco.00035.wav
-23.558338,57.343533,7.011987,16.525126,5.500359,11.859777,1.6749339,5.4618583,2.755229,7.3391504,1.9634923,1.2612275,-2.3459413,-2.3197463,0.10894825,-0.14546086,2.2749884,1.5804362,-1.8456298,-2.4429183,39.814426,17.080183,15.809083,11.910388,9.089364,10.503324,7.4700723,6.715094,6.923093,6.819112,6.4454427,6.862239,6.727193,6.76445,6.0760226,6.6089973,7.6452017,7.4338675,6.458707,6.838453,0.52604073,0.40989894,0.4493446,0.32546324,0.40016085,0.4943884,0.3749785,0.52938485,0.4244916,0.53282636,0.3646406,0.38587415,0.30882972,0.2508125,0.30170667,0.21945831,0.24612288,0.3113095,0.21398121,0.3091411,0.23540948,0.31294975,0.23002328,0.23834524,3348.2009991791724,541.377611494637,0.16205155222039475,0.04994181001944214,0.17306745,0.055034023,disco,disco.00036.wav,c:\Users\darsh\Documents\Codex\2026-04-27\i-am-a-first-year-computer\Data\genres_original\disco\disco.00036.wav
-26.568245,52.047867,4.177975,12.859308,16.740139,10.133737,4.47516,6.3269105,1.1580266,0.6461885,4.612163,2.143196,-3.3678746,1.62928,-1.8801037,-1.0871793,-0.67252105,2.382105,4.165998,2.8615503,42.145344,17.50033,13.892708,13.311803,10.882695,8.27005,8.216522,6.84135,5.863294,8.048668,9.506784,5.688099,6.9996796,5.4777083,5.6227407,6.337696,5.491525,7.119724,7.074958,7.0476174,0.39865,0.502496,0.41676098,0.41670355,0.45239574,0.57582253,0.74032575,0.51152974,0.4020745,0.34526113,0.39580435,0.2971594,0.26401824,0.2730312,0.2524336,0.27488023,0.25977287,0.2759722,0.29271197,0.2564696,0.26403895,0.2350212,0.29368567,0.20300068,3637.551798162976,697.7662669492919,0.19009560032894737,0.0716635016040507,0.16388439,0.060269676,disco,disco.00037.wav,c:\Users\darsh\Documents\Codex\2026-04-27\i-am-a-first-year-computer\Data\genres_original\disco\disco.00037.wav
-77.395744,52.15557,-8.997961,12.852356,8.566091,2.892013,8.930743,4.013753,-7.3446417,-2.260518,0.9621686,-1.0486537,-3.7624762,-3.5320663,-2.4292212,-4.880999,-1.8485128,-4.170674,-1.6632475,3.508745,42.231285,21.73596,22.026054,17.297897,12.894541,14.92131,12.438653,9.924654,9.4971895,9.623671,8.183755,8.646015,7.8668337,7.473374,8.433807,10.277128,9.984246,10.579973,8.208859,9.036993,0.39995578,0.33397636,0.3744497,0.3361481,0.41566533,0.4851372,0.4018201,0.4478524,0.36208788,0.3023071,0.28215972,0.30706,0.30099198,0.2737923,0.31439993,0.27138346,0.28638574,0.3236382,0.29098004,0.332103,0.28586695,0.2429309,0.26970628,0.25617766,3354.360372505759,749.0709033340834,0.16828847595781735,0.07504607238199056,0.11312769,0.043425605,disco,disco.00038.wav,c:\Users\darsh\Documents\Codex\2026-04-27\i-am-a-first-year-computer\Data\genres_original\disco\disco.00038.wav
-107.36452,91.02147,-8.338967,34.284462,-1.9262822,3.7966006,10.531457,5.561392,6.9440746,4.7774057,0.6849834,-3.8546646,-2.5791147,-0.903982,7.024838,3.7832522,3.34388,5.20636,2.8768697,3.1789966,48.768627,26.56894,24.050468,17.333168,11.333244,12.286437,9.271171,9.76532,9.4840765,8.014212,7.8919683,7.034073,6.793675,7.2930994,9.116306,8.21666,8.875409,9.771081,9.474917,11.104375,0.2422791,0.19367766,0.33926144,0.2922818,0.44166672,0.27015224,0.33380142,0.5244488,0.33937016,0.4903326,0.23663935,0.3877999,0.21848647,0.18246603,0.31121203,0.22404298,0.3237281,0.25149882,0.27356172,0.37422508,0.20846772,0.38006923,0.1763945,0.3486706,2328.7358232995766,580.9787986835498,0.10118608504256967,0.028192376141641662,0.124338545,0.03609328,disco,disco.00039.wav,c:\Users\darsh\Documents\Codex\2026-04-27\i-am-a-first-year-computer\Data\genres_original\disco\disco.00039.wav
-78.35118,80.074615,-9.1673765,25.477053,-3.3905444,16.8094,7.2707057,1.818662,0.49557424,6.320318,1.4938977,2.1636302,0.65810484,-3.3820214,-0.91108096,2.9360857,-0.63413316,5.8765235,1.8965183,-0.6130138,51.157784,25.29574,16.845148,16.710796,13.188245,9.2135725,11.656095,9.932335,9.903456,8.011549,8.1645,7.767425,7.831818,7.9223833,8.34492,8.012185,8.454015,9.270579,8.392242,8.651293,0.3476867,0.3583509,0.5210353,0.3962076,0.437063,0.56126726,0.4873042,0.5964306,0.37628752,0.33964315,0.34024456,0.28911573,0.27217096,0.21771185,0.3005271,0.25293362,0.28918797,0.3372872,0.27352422,0.3439957,0.2499361,0.23598072,0.25244647,0.20444642,2605.158778871083,638.0967251815713,0.12638850256385448,0.04925769241814541,0.14515093,0.07560162,disco,disco.00040.wav,c:\Users\darsh\Documents\Codex\2026-04-27\i-am-a-first-year-computer\Data\genres_original\disco\disco.00040.wav
-122.06817,116.81796,28.333023,24.729452,10.94623,-1.8944625,-1.4049608,-0.9484211,-3.5381525,-2.6139371,-1.1199348,-4.180541,-2.552188,-3.766393,-0.25579134,3.2379718,-5.7643414,0.7164778,0.27367613,-2.2794302,65.96479,30.26819,20.093992,16.734476,13.843334,11.678608,11.191998,8.074483,8.915168,7.950519,8.17652,7.4796844,6.5517397,7.4741,5.838748,6.4539037,7.036282,6.2535734,6.4103994,6.800695,0.22473168,0.3641007,0.4233489,0.32952812,0.4132869,0.30061695,0.3656126,0.3218732,0.35583755,0.5752294,0.3124823,0.28279015,0.2019138,0.27539536,0.32698455,0.24933696,0.3379235,0.26784676,0.318043,0.30003667,0.23530807,0.37854043,0.22155406,0.28074437,1776.3958801199312,787.2268049940943,0.053842455979102165,0.036524757658491516,0.1753704,0.058544144,disco,disco.00041.wav,c:\Users\darsh\Documents\Codex\2026-04-27\i-am-a-first-year-computer\Data\genres_original\disco\disco.00041.wav
-62.305237,92.054,-19.720612,17.629362,-3.1775432,5.41975,-4.000616,8.885712,-2.4901588,3.1609385,-0.5298751,-1.4906911,1.2983328,0.9118191,-1.5740801,-5.3453283,-1.3775159,1.9313307,0.5238893,-3.328866,59.267353,24.128311,19.777237,10.792852,8.622545,9.521261,8.161307,7.321293,7.041303,6.084502,6.794551,6.32169,7.5328736,7.508745,6.239971,6.4306397,6.959678,8.455058,7.8370333,7.285812,0.3855843,0.33433473,0.63586533,0.3985264,0.34563497,0.25724873,0.32495522,0.5445912,0.40554258,0.38736996,0.31984034,0.38987347,0.2932501,0.22254603,0.34496447,0.23554634,0.2804567,0.21276657,0.22021602,0.33231091,0.25300252,0.27984494,0.23933834,0.29140252,2403.9325975307147,553.1104080813978,0.12167764669601393,0.040131270575254195,0.13598101,0.043712735,disco,disco.00042.wav,c:\Users\darsh\Documents\Codex\2026-04-27\i-am-a-first-year-computer\Data\genres_original\disco\disco.00042.wav
-62.788113,77.8459,3.535339,26.012875,5.932444,11.292923,11.104592,-1.9596616,1.8299742,9.186841,4.068377,0.9767576,5.618282,0.6827658,-0.135022,2.2042744,-1.8583153,-6.820175,-3.192486,-3.537325,61.34119,36.69416,26.944422,15.9475155,13.83311,9.421417,9.861136,11.020176,8.333947,9.188625,7.781751,7.05529,8.204339,7.3104773,7.395259,6.8954706,6.781341,8.263296,7.6870556,7.639897,0.5086375,0.35272598,0.41165558,0.3624236,0.44848245,0.3765823,0.37621737,0.4458908,0.4409343,0.498311,0.4134817,0.40863255,0.34567878,0.23383023,0.3098117,0.26254538,0.31493378,0.2927898,0.26240602,0.29304373,0.26400363,0.32223794,0.28629902,0.25637698,2875.523793893122,1129.5332800836657,0.13478414340654024,0.07237925219544916,0.1736528,0.049412414,disco,disco.00043.wav,c:\Users\darsh\Documents\Codex\2026-04-27\i-am-a-first-year-computer\Data\genres_original\disco\disco.00043.wav
-71.24206,97.72146,-18.355276,8.578153,5.2020397,-0.9389216,0.4680155,1.6290964,-4.778091,0.06490768,-0.5487089,-4.452,-5.314456,-4.7849913,-4.604325,-5.987757,-2.9043705,-3.4409497,-2.5677822,-3.0350146,63.750343,31.033133,20.514807,16.442295,14.620771,12.224695,10.9373665,8.386611,8.583002,8.650077,7.884997,6.8524733,6.686584,6.315176,6.3515615,6.2831626,6.139565,6.882927,6.043841,6.4966364,0.4220132,0.2895366,0.32215977,0.5323077,0.3798883,0.4015408,0.26127416,0.4111432,0.4490325,0.27021426,0.36559892,0.29982445,0.3213121,0.2400729,0.24007797,0.35018396,0.24193959,0.34579387,0.20133428,0.2906109,0.3358113,0.18381062,0.32941854,0.22354695,2330.4341487066677,702.651614962031,0.1095964650251548,0.040398612847045066,0.1489569,0.054441072,disco,disco.00044.wav,c:\Users\darsh\Documents\Codex\2026-04-27\i-am-a-first-year-computer\Data\genres_original\disco\disco.00044.wav
-81.29733,106.4762,-9.534991,17.970007,3.0110774,8.301614,3.893875,4.2491026,-3.7393968,-2.0785427,-2.2060983,-4.5875278,-1.1600446,-1.8838692,-0.2266776,-1.0367161,-3.2868867,-1.8739798,-0.70982313,-0.5524985,63.2313,38.44055,20.563913,15.330825,13.745268,12.1206875,10.04612,7.13754,7.4302425,6.1571264,6.577474,6.630515,6.756293,6.3285303,5.680283,5.5572495,5.5569215,6.1108346,7.0959063,6.5236506,0.5152423,0.3721466,0.5361577,0.3953126,0.3183814,0.40617606,0.35593918,0.51207435,0.31458908,0.27795845,0.47786617,0.40699145,0.34534052,0.22579655,0.33573592,0.2646381,0.2367902,0.2992091,0.23073837,0.3445877,0.20153959,0.19363832,0.32680646,0.23184541,2248.158016320912,916.9718776262599,0.10974196679082818,0.06587269052827661,0.13541684,0.053014245,disco,disco.00045.wav,c:\Users\darsh\Documents\Codex\2026-04-27\i-am-a-first-year-computer\Data\genres_original\disco\disco.00045.wav
-125.69445,101.78628,-17.488695,33.67749,-15.244758,23.698763,-8.658021,18.546085,-14.059921,19.96296,-15.148184,12.975601,-14.307979,3.033168,-7.09871,1.616406,-3.9054322,5.3860574,0.9615917,2.692143,55.731136,20.116222,21.1176,17.791584,12.433478,14.861265,12.352015,9.986704,8.624667,8.751168,8.598052,8.365425,9.931828,8.957886,9.884185,10.19654,10.418745,7.895694,10.758179,8.643535,0.3169261,0.33594126,0.48654798,0.3631431,0.31282493,0.40869433,0.4062972,0.606525,0.3884567,0.31885853,0.30031067,0.27130958,0.29296866,0.26920453,0.32758063,0.2951433,0.27683118,0.33181548,0.27379352,0.35789916,0.26591232,0.2806087,0.2812475,0.23089409,2259.667499272963,528.0524391943451,0.11426008005998452,0.04781064789061981,0.11299214,0.054818656,disco,disco.00046.wav,c:\Users\darsh\Documents\Codex\2026-04-27\i-am-a-first-year-computer\Data\genres_original\disco\disco.00046.wav
-280.90808,120.8154,-37.612255,28.736147,-10.789445,-6.406519,-13.808621,-4.0625076,-14.859974,4.7919674,-20.17432,-5.09395,-6.792036,-6.409426,-1.7583934,-4.1261473,3.4049892,4.251874,1.0147889,-1.1414523,62.992897,24.11161,26.635092,16.39261,12.8109,13.214102,10.870546,10.163209,10.169891,14.615185,8.629635,8.247865,8.437116,10.827275,8.04529,11.395073,11.9975395,12.463596,11.187699,11.645966,0.23503037,0.15302773,0.18411757,0.15733165,0.23752573,0.22826593,0.21547978,0.3357303,0.24113202,0.2943099,0.17731433,0.18251362,0.32430056,0.22729021,0.2938871,0.23087019,0.32756191,0.3231012,0.28276917,0.39304924,0.2762856,0.36443892,0.24152586,0.2626397,1710.8442048759703,647.2008645825788,0.08702290537925697,0.05300927863510807,0.0469848,0.032791935,disco,disco.00047.wav,c:\Users\darsh\Documents\Codex\2026-04-27\i-am-a-first-year-computer\Data\genres_original\disco\disco.00047.wav
-105.02068,80.22214,-41.111576,54.02576,-8.379423,25.721205,-12.471842,28.713755,-15.008993,15.610892,-7.6170635,12.414465,-7.3685246,5.769286,-9.625082,3.9907076,-7.35203,3.4371164,-3.514105,-2.9073315,49.57181,21.694683,22.800642,14.859603,12.451707,12.360772,10.003527,8.96267,8.326979,7.532393,7.515415,8.031367,7.609025,7.6122255,7.8726263,7.9297967,7.2270203,7.2193007,8.375165,9.270811,0.35397726,0.3341669,0.52165914,0.5455852,0.5623151,0.4797984,0.41284794,0.31451464,0.2652829,0.3435625,0.35428584,0.42809415,0.27002445,0.2590288,0.3226032,0.30680758,0.31779125,0.3036598,0.29534268,0.2526251,0.22749935,0.27876642,0.27893314,0.2984893,2616.176846102278,585.4895108671783,0.15437434996613777,0.05761921237132107,0.112305515,0.04087081,disco,disco.00048.wav,c:\Users\darsh\Documents\Codex\2026-04-27\i-am-a-first-year-computer\Data\genres_original\disco\disco.00048.wav
-45.132004,98.671646,-24.668423,40.512596,-18.104605,26.115303,-12.69484,13.988503,-15.421142,16.17926,-14.377716,8.140356,-11.939819,5.377607,-7.686566,3.684058,-6.807864,1.4850638,-5.80723,-2.5007093,60.12589,30.23852,22.369917,13.150058,12.316133,10.508079,11.877616,8.42318,7.897736,7.8522105,7.5101857,6.83605,7.8460035,6.9978976,6.86164,6.2489295,5.9943657,5.7627954,5.493473,5.911603,0.43720877,0.36649925,0.34198627,0.4460187,0.35006988,0.355224,0.46793312,0.33707905,0.49448046,0.39018363,0.46188816,0.60790527,0.25441584,0.2864636,0.23821273,0.30575815,0.28566608,0.22643135,0.30910194,0.23366868,0.32770887,0.27211568,0.26991385,0.3467462,2397.052524918614,751.9924292904948,0.13532117719620743,0.07365593131210514,0.20951693,0.085005485,disco,disco.00049.wav,c:\Users\darsh\Documents\Codex\2026-04-27\i-am-a-first-year-computer\Data\genres_original\disco\disco.00049.wav
-45.80532,101.7401,-32.078636,34.265602,-17.547403,32.327187,-15.645263,22.041264,-16.110876,18.677486,-13.079386,16.47522,-9.913809,11.567794,-7.7403994,6.131409,-7.3614235,3.5779815,-6.616034,2.8414469,36.454357,18.11382,17.155432,12.526666,10.7868185,8.878401,10.005803,6.848984,7.304912,8.395048,6.8896422,6.3087993,5.7738156,5.765799,5.70377,6.028861,5.476551,5.607128,5.47484,5.3766284,0.63953185,0.3522562,0.37833944,0.55265164,0.3801158,0.41053894,0.4211755,0.6166194,0.38760898,0.3312067,0.50566703,0.4382957,0.30007315,0.20338614,0.21548507,0.29465625,0.18838733,0.27545324,0.24848281,0.2720157,0.2268703,0.2117754,0.27940387,0.21333456,2376.1512622758464,442.7406752815856,0.12878191212751547,0.036077468264831714,0.1589932,0.042340536,disco,disco.00050.wav,c:\Users\darsh\Documents\Codex\2026-04-27\i-am-a-first-year-computer\Data\genres_original\disco\disco.00050.wav
-77.198685,89.36663,-34.23228,38.68127,-22.269873,31.254671,-16.385426,22.344227,-16.015026,19.283667,-13.230427,16.72414,-10.393917,11.381442,-8.547002,5.7291126,-8.349094,3.0559769,-7.5780916,2.2519233,40.696,17.877962,16.994118,12.111468,10.632643,8.575847,9.774299,6.7694907,7.1794424,8.110939,6.831802,6.057431,5.630164,5.6398797,5.6055417,5.7441216,5.2628665,5.551206,5.3099165,5.298541,0.6301676,0.3565498,0.38998374,0.5551743,0.39200893,0.4204833,0.43886796,0.6398006,0.39405543,0.34655723,0.5198206,0.44277018,0.30102825,0.20230864,0.21322076,0.28889188,0.18908843,0.27411467,0.24811643,0.2722311,0.22405341,0.21401978,0.279119,0.21368393,2651.320247246162,454.49445073681557,0.15772391398993807,0.042070515672330396,0.10635126,0.035141136,disco,disco.00051.wav,c:\Users\darsh\Documents\Codex\2026-04-27\i-am-a-first-year-computer\Data\genres_original\disco\disco.00051.wav
-70.51619,90.476006,-48.086514,36.67485,-17.666039,21.603977,-30.186953,24.03991,-20.447666,14.48298,-18.503065,9.126517,-12.047067,6.2659683,-11.558922,4.908774,-7.8774056,-0.6448118,-4.3557434,0.19770397,40.52427,18.850536,18.177752,14.291256,12.800239,11.498856,9.950456,9.904122,9.266915,8.803775,9.283689,7.343688,7.718199,7.473107,7.075394,6.350529,6.240276,6.760662,6.456897,6.748243,0.41466618,0.3803148,0.53202295,0.33737442,0.38892084,0.40084782,0.38515386,0.44096956,0.3442709,0.49218038,0.45762786,0.42302415,0.27661207,0.23166123,0.30605546,0.21855994,0.279978,0.29049534,0.2712823,0.30096924,0.2232828,0.3117001,0.28116512,0.28109315,2591.5017766838123,506.0127241883295,0.16987803550696595,0.051592650994243386,0.12529388,0.044816535,disco,disco.00052.wav,c:\Users\darsh\Documents\Codex\2026-04-27\i-am-a-first-year-computer\Data\genres_original\disco\disco.00052.wav
-108.510765,69.93312,14.870285,45.539623,-5.3849373,41.803654,-13.518741,32.559277,-20.397465,23.435902,-12.123884,17.999403,-9.038808,6.992762,-4.731377,2.3560436,0.19970368,2.3458986,-0.7866604,-0.59490657,106.6417,41.68592,37.918312,16.871634,15.34849,11.707654,9.442378,9.156442,9.05489,8.26049,7.2540193,6.7317414,7.21339,6.344229,7.594632,7.120033,6.941452,7.0183005,6.864924,6.2616434,0.36384284,0.43472105,0.4429087,0.55668366,0.40973738,0.40391102,0.45217347,0.51640034,0.6598596,0.5455524,0.4705334,0.3559879,0.23063646,0.3050148,0.25764242,0.32200518,0.27632523,0.2561759,0.2861136,0.23181204,0.3030641,0.25809312,0.25940654,0.2483664,3079.468912826982,1109.1913283676354,0.15430745694659442,0.09950169977062846,0.1725675,0.073028,disco,disco.00053.wav,c:\Users\darsh\Documents\Codex\2026-04-27\i-am-a-first-year-computer\Data\genres_original\disco\disco.00053.wav
-226.35432,78.271614,7.8452187,53.856804,-1.1519349,11.3028345,-7.8484793,24.36511,-14.952828,18.494566,-19.137503,6.156277,-10.068168,5.2878304,-11.683896,3.338004,-11.275221,1.3868338,-10.699085,-4.3292,62.069477,27.003487,25.25116,15.757668,13.821889,13.491815,13.363629,10.481309,10.807156,9.974674,9.659464,8.205422,8.32496,8.636078,7.979492,8.095416,8.425969,9.380399,8.780176,7.963013,0.40743697,0.29585057,0.34779528,0.4363965,0.5248336,0.3769365,0.26499876,0.39547154,0.47439545,0.5277697,0.39833552,0.36621097,0.34568077,0.2372653,0.2930049,0.28473833,0.34393942,0.2755298,0.22321478,0.30902565,0.2984067,0.3506865,0.28691915,0.29639822,2566.1260441601803,908.7582428042685,0.11465010037732198,0.07463031234675307,0.052156653,0.025798459,disco,disco.00054.wav,c:\Users\darsh\Documents\Codex\2026-04-27\i-am-a-first-year-computer\Data\genres_original\disco\disco.00054.wav
-103.09195,107.497505,-33.526493,52.796356,-9.143341,30.365688,-9.337431,23.046274,-11.900222,18.170902,-7.554083,9.401475,-5.444428,6.6532264,-5.613328,4.149191,-5.471509,0.83888555,-0.054206114,3.7572117,52.63697,21.100863,21.174908,11.7378435,9.914521,9.280666,9.518198,8.086973,9.27259,7.122215,8.484178,6.375433,7.03639,7.0209684,6.530668,6.224914,6.0772686,6.3624983,7.7089324,7.595351,0.6203573,0.44628406,0.45648405,0.38821056,0.42560127,0.43804616,0.41023827,0.56933385,0.40835005,0.4596481,0.48011974,0.45373166,0.3375185,0.2306474,0.26347673,0.2582217,0.25986382,0.28177345,0.24432148,0.29706603,0.22770531,0.30817053,0.28980455,0.24299835,2108.1997863703064,494.7485599382461,0.11041618795955882,0.041766071561369925,0.121490456,0.04312023,disco,disco.00055.wav,c:\Users\darsh\Documents\Codex\2026-04-27\i-am-a-first-year-computer\Data\genres_original\disco\disco.00055.wav
-182.7882,124.1851,-10.062487,41.59245,-7.3899937,26.952116,-12.362844,19.820305,-16.069172,16.20639,-10.253923,3.1237123,-8.989257,2.1562557,-6.1063056,3.9118848,-3.7005365,4.9401956,-1.2491528,2.5313783,55.909466,23.999317,17.332582,12.423271,10.7652445,10.740627,9.777902,9.24453,8.636998,8.385297,7.3763514,9.018263,6.859817,8.174518,8.810542,7.383658,8.224407,9.344506,10.079141,8.764193,0.32325613,0.2784694,0.3077843,0.2878148,0.3629587,0.35321206,0.51710176,0.48819292,0.31430948,0.34673235,0.3131744,0.40601742,0.27864948,0.24387571,0.29282016,0.2512493,0.32786208,0.27532482,0.32892022,0.34607893,0.23666,0.31659976,0.24292848,0.33882895,1755.2903582545093,564.7535929810657,0.07696816648123066,0.03752317729484583,0.0762048,0.029741868,disco,disco.00056.wav,c:\Users\darsh\Documents\Codex\2026-04-27\i-am-a-first-year-computer\Data\genres_original\disco\disco.00056.wav
-143.20898,122.59269,-23.92042,28.14886,-23.689157,23.08134,-17.911198,18.753313,-18.636002,18.356426,-13.91446,9.730259,-12.243754,4.9380503,-8.392431,5.480608,-7.8706884,3.937847,-5.71553,-0.6342342,45.257797,15.248005,17.461454,13.575072,12.248426,9.691816,10.245454,7.7888336,8.715149,8.126938,6.717009,7.021717,6.306014,6.982207,6.0155725,6.0369277,6.1274624,5.86552,5.874071,7.084754,0.41392365,0.2785046,0.33692542,0.5819364,0.3464205,0.35064635,0.2586225,0.3921833,0.5200925,0.32469553,0.34579435,0.2921648,0.31557155,0.24598143,0.22435531,0.34070414,0.20906025,0.3209599,0.21280064,0.27341023,0.3353269,0.21355474,0.3104677,0.21852481,1937.935756160484,359.93044948043485,0.09247298580205109,0.023773244375785093,0.07617443,0.023165235,disco,disco.00057.wav,c:\Users\darsh\Documents\Codex\2026-04-27\i-am-a-first-year-computer\Data\genres_original\disco\disco.00057.wav
-109.5915,104.1451,-16.217413,45.376465,-10.195766,25.558594,-17.158018,22.278688,-16.850662,16.535793,-12.096706,8.670637,-8.84719,5.2464542,-9.296139,3.4515903,-7.895842,1.5266707,-4.04567,-0.1083143,55.38247,23.455187,21.138554,12.8167,11.516266,12.690439,9.673153,8.554227,8.2641735,10.513319,9.029205,9.065662,8.102907,8.260761,7.2527,7.5893984,6.552744,6.9598775,6.6462216,8.090563,0.3934976,0.3733127,0.43833044,0.3777695,0.46662804,0.4618749,0.3736633,0.38645738,0.45684364,0.52550733,0.38001743,0.3730178,0.2956155,0.26354295,0.29918614,0.2580327,0.30639642,0.32129517,0.27585694,0.286388,0.2949837,0.3361824,0.2958164,0.28688237,2217.9682141739054,625.0685226474998,0.1109932819756192,0.06026967802700165,0.12223055,0.04814953,disco,disco.00058.wav,c:\Users\darsh\Documents\Codex\2026-04-27\i-am-a-first-year-computer\Data\genres_original\disco\disco.00058.wav
-109.0528,106.848564,-18.27907,23.423592,-17.764582,19.019663,-13.615213,18.686106,-18.371767,18.402843,-9.714787,11.857383,-5.5605235,12.884756,-3.8281438,8.68438,-7.081267,5.4192944,-6.1986675,2.3279176,64.224266,31.997845,20.815508,13.137333,11.344652,12.909894,11.767044,9.416892,9.728766,8.744378,8.134567,8.914178,8.572948,8.504342,9.5889,9.009674,7.860564,7.6854906,9.146559,7.2791853,0.3792605,0.44702616,0.49668753,0.3177975,0.32446364,0.31227994,0.43816647,0.36832178,0.34783098,0.4501657,0.43983305,0.5184079,0.27105907,0.30689934,0.34397537,0.23448353,0.26853308,0.23381427,0.32189858,0.29231226,0.26647678,0.31008103,0.29036215,0.3515817,2279.818496274842,763.2303321037775,0.1102181543875774,0.06897556685864786,0.1169598,0.053529397,disco,disco.00059.wav,c:\Users\darsh\Documents\Codex\2026-04-27\i-am-a-first-year-computer\Data\genres_original\disco\disco.00059.wav
-121.09524,116.9425,-22.786968,45.148933,-4.2390513,30.256325,-12.245274,21.729876,-16.540764,16.23328,-10.6551695,7.3304195,-9.353951,5.7834067,-8.41908,2.7517536,-8.0942545,0.36947286,-3.2401588,3.5852838,59.291485,26.05715,21.418146,11.900148,10.957363,9.731945,9.216739,7.9446926,8.859446,6.995612,8.264937,6.6176586,6.9881124,7.319436,6.61794,6.415213,6.062694,6.5888157,7.509901,7.836352,0.5874337,0.39891922,0.3898556,0.34506753,0.40364343,0.43817016,0.40774447,0.54473686,0.3822231,0.43031237,0.45749316,0.43251327,0.34921905,0.21771957,0.24535625,0.25331393,0.2622943,0.30195084,0.25431252,0.3012563,0.22374505,0.31227046,0.29664412,0.23696667,1975.2274580999904,592.1647824555216,0.09303307311822756,0.04116394431581023,0.11449887,0.040757403,disco,disco.00060.wav,c:\Users\darsh\Documents\Codex\2026-04-27\i-am-a-first-year-computer\Data\genres_original\disco\disco.00060.wav
-91.88631,87.60406,-2.0581753,34.285538,-18.153368,19.344702,-14.697328,17.116173,-15.334749,17.040913,-13.55869,11.848034,-9.81162,9.113958,-11.469915,-1.0519092,-11.64962,0.2934407,-1.2797365,0.09898164,73.479744,22.83403,24.736917,15.7306795,15.105977,15.805408,11.894417,12.137595,9.225779,11.033554,12.179235,11.011008,11.808476,10.471748,10.597057,8.562871,9.164639,10.211018,10.771804,9.367442,0.43318442,0.32183164,0.36659732,0.34464088,0.32142517,0.3346597,0.3329947,0.35296887,0.26968807,0.24502532,0.23916751,0.31818256,0.3733569,0.29444236,0.34062275,0.33582756,0.32357535,0.33393675,0.301367,0.33999822,0.29884085,0.28113717,0.27596453,0.30773306,2550.135383866737,694.6447980974901,0.11589045568885449,0.0504051418442315,0.18443452,0.09845568,disco,disco.00061.wav,c:\Users\darsh\Documents\Codex\2026-04-27\i-am-a-first-year-computer\Data\genres_original\disco\disco.00061.wav
-107.8676,81.936584,-30.63407,41.331936,-8.509502,31.33373,-8.869069,26.0309,-8.280142,17.894875,-4.652872,7.4255123,-4.352716,4.491106,-4.0987024,3.0722196,-0.2864228,4.993085,0.40634808,3.8392715,71.58432,25.965303,26.199968,17.750034,14.269418,13.158027,13.474126,10.017233,10.684312,9.435734,8.893228,6.756163,7.7053404,7.070826,7.514971,6.9503508,7.7059584,8.117202,8.72428,9.361181,0.47569734,0.38163775,0.38479593,0.41010904,0.40429193,0.5006989,0.40355453,0.5069438,0.33533207,0.41196057,0.46624732,0.44147328,0.32940742,0.26839364,0.27809763,0.3132326,0.2556064,0.32941973,0.2514115,0.31873244,0.25453717,0.2997746,0.29865208,0.29605967,2387.922380957909,660.8889109659684,0.12770671076818885,0.06207232489706786,0.15116338,0.09200442,disco,disco.00062.wav,c:\Users\darsh\Documents\Codex\2026-04-27\i-am-a-first-year-computer\Data\genres_original\disco\disco.00062.wav
-51.776085,70.33135,-3.9117007,49.74228,1.5879707,35.703487,-4.088695,24.787909,-9.707024,22.039282,-6.1149955,17.18126,-2.766424,11.962386,-1.6310157,6.924509,-2.909797,4.9149704,-0.48781276,6.7344437,53.388912,18.892529,20.401636,13.62299,10.960738,9.317257,10.846605,8.338264,9.600272,7.96853,8.234327,6.77239,8.629198,7.035387,7.1789603,6.1791725,7.513552,6.8772516,7.0156064,7.3439503,0.6457224,0.5417718,0.5184457,0.5624662,0.54487664,0.60497075,0.50181943,0.50858855,0.52316916,0.524667,0.5326876,0.5653196,0.2892983,0.23500615,0.24618545,0.28354102,0.2502959,0.3183095,0.22822402,0.21597268,0.27260774,0.30036634,0.28201443,0.26916844,2583.326723139977,663.8300125969068,0.09977263931888544,0.05808054176643849,0.29373863,0.11063007,disco,disco.00063.wav,c:\Users\darsh\Documents\Codex\2026-04-27\i-am-a-first-year-computer\Data\genres_original\disco\disco.00063.wav
-189.21512,93.95932,7.905782,41.890602,-7.0920463,31.882492,-12.586036,24.2205,-6.057699,24.537947,-6.0252366,16.76309,-2.0117977,6.338117,-8.548105,3.8101704,-2.5845132,-0.8613338,-3.1122644,10.213786,86.290054,22.833685,29.23643,17.240295,13.590378,10.554465,11.0193205,8.473299,10.470852,9.68403,12.194706,11.470731,9.859118,10.30916,8.967548,6.78718,7.391257,8.287658,9.844641,9.119125,0.6107717,0.44279167,0.36717647,0.29366684,0.36183277,0.37492543,0.3814922,0.45150766,0.28917325,0.25099078,0.312721,0.52149075,0.3970881,0.26323155,0.2855544,0.2523832,0.32791692,0.33045447,0.3060199,0.35811007,0.25303298,0.22779411,0.2454433,0.32342705,2144.2930792368275,715.1399794206881,0.06485183763061146,0.036618643507843676,0.09222451,0.031128166,disco,disco.00064.wav,c:\Users\darsh\Documents\Codex\2026-04-27\i-am-a-first-year-computer\Data\genres_original\disco\disco.00064.wav
-106.24382,105.575874,-5.5135617,50.055817,1.2439843,37.002605,-9.622076,24.011703,-8.668455,14.975656,-2.526041,9.765439,-0.91157067,3.856074,-1.5508848,3.5663254,1.5332674,2.0969243,-4.0135326,-2.623452,71.5849,21.953144,29.373386,15.018924,11.435842,11.018219,9.352553,9.871379,8.016092,8.114822,8.362503,10.033349,8.0458355,8.500916,7.6542654,6.252526,6.6825376,6.106593,6.930956,6.787542,0.4194318,0.42443863,0.44494978,0.37061918,0.4280976,0.500266,0.6825806,0.5093237,0.40825197,0.479374,0.4354934,0.5502489,0.26326165,0.27292362,0.29111338,0.26669398,0.30908963,0.2749142,0.2894147,0.29250538,0.24457411,0.28501514,0.25846684,0.3216925,1887.648892045496,561.7158044708401,0.07365715097716719,0.044903810725006474,0.18535407,0.07458196,disco,disco.00065.wav,c:\Users\darsh\Documents\Codex\2026-04-27\i-am-a-first-year-computer\Data\genres_original\disco\disco.00065.wav
-57.606716,96.69189,-24.422018,40.01419,-17.260252,27.834213,-13.297422,23.196402,-16.528564,19.427147,-15.485602,11.825689,-10.574847,8.359429,-9.370791,6.5462084,-3.695063,0.34709254,-4.4089584,1.5547028,61.301605,25.428143,22.275993,14.545785,12.697896,9.82266,11.789301,9.044505,8.105538,8.473105,8.485389,8.497415,8.729912,8.087689,8.943697,7.698128,7.7603292,8.145489,7.881217,8.802751,0.4248675,0.4476186,0.45875385,0.44812205,0.58663565,0.43610314,0.4066335,0.43897438,0.4387585,0.51921844,0.39438286,0.41002682,0.26571503,0.2730849,0.29029778,0.28104275,0.3263083,0.27164403,0.2815189,0.2729652,0.26666185,0.29907653,0.24073313,0.2762052,2492.8521058348206,698.2828935295641,0.13862576794698142,0.06312919059501766,0.16957618,0.06250937,disco,disco.00066.wav,c:\Users\darsh\Documents\Codex\2026-04-27\i-am-a-first-year-computer\Data\genres_original\disco\disco.00066.wav
-103.76036,92.46227,-27.230408,39.22129,-23.052734,20.634798,-17.766901,18.950554,-15.204782,16.394331,-14.6620655,12.249461,-14.973013,8.244379,-11.897316,1.0192475,-8.905782,5.179015,-6.445104,1.7000207,43.082424,19.963627,16.887331,13.710556,9.320564,9.309665,7.864458,6.571954,7.5993347,6.8487206,6.6603546,7.078824,7.235383,7.027156,6.312606,6.4377737,6.98016,7.782054,7.52694,8.125496,0.30316874,0.4177608,0.35462013,0.30974367,0.572509,0.32989177,0.3359744,0.24073395,0.34567893,0.5177401,0.3121582,0.34006345,0.2444039,0.31595144,0.2753806,0.21461827,0.3483442,0.20372115,0.28986675,0.20072256,0.24801585,0.33667392,0.21777862,0.296804,2541.995563795192,508.8730634288762,0.14330827931501547,0.052966584289856684,0.09135411,0.030665537,disco,disco.00067.wav,c:\Users\darsh\Documents\Codex\2026-04-27\i-am-a-first-year-computer\Data\genres_original\disco\disco.00067.wav
-93.31913,77.83445,-8.7843275,42.07125,-11.249412,24.245377,-17.912214,22.240356,-16.039137,16.687471,-15.665248,15.410949,-18.128244,10.212018,-14.608057,1.8476801,-11.091009,1.1463727,-10.552759,5.189856,43.865646,21.242928,19.621479,12.944691,8.71536,10.821547,8.247718,7.4831495,7.352543,7.0950418,6.4816313,6.8928823,6.585519,6.138573,6.1500783,6.9460974,6.2964597,6.494959,7.1868896,6.86861,0.3845472,0.606501,0.3666091,0.35208678,0.39024678,0.44166616,0.56226987,0.3916059,0.43582225,0.3084166,0.36987773,0.38471362,0.21619941,0.30562085,0.2022122,0.26142436,0.29093304,0.282487,0.34295768,0.2196731,0.30796155,0.21062776,0.27886352,0.29769242,2956.6002017744845,721.0938477321989,0.16269251584268576,0.07437022387883789,0.106793314,0.04098909,disco,disco.00068.wav,c:\Users\darsh\Documents\Codex\2026-04-27\i-am-a-first-year-computer\Data\genres_original\disco\disco.00068.wav
-118.3657,114.23729,-6.782299,37.40087,-17.431938,28.36287,-23.726538,9.28381,-10.439461,12.624765,-5.1486764,12.253149,-3.8705227,4.3780017,-9.25075,3.4737234,-7.952151,3.6644182,-6.1568813,2.7070289,38.642963,17.579565,16.421947,11.411823,9.515598,9.875736,8.53523,7.5281205,7.1444297,6.6582313,6.3234043,5.682183,5.1878753,5.747683,5.754828,5.435358,5.313545,5.8368025,5.9531493,5.7744613,0.5608975,0.29510787,0.36705995,0.5486965,0.4014577,0.4900378,0.34879622,0.39550477,0.27692986,0.28046468,0.3348761,0.37079808,0.34357476,0.19139422,0.25024232,0.3315272,0.23928007,0.3585283,0.2371549,0.2876896,0.23850194,0.22621539,0.26127747,0.24496484,1931.1496588575947,434.38009250326445,0.08364121758900929,0.035755040348975434,0.11158227,0.041622937,disco,disco.00069.wav,c:\Users\darsh\Documents\Codex\2026-04-27\i-am-a-first-year-computer\Data\genres_original\disco\disco.00069.wav
-81.727165,97.61068,-27.583755,36.644188,-17.252998,30.76932,-15.948635,20.968245,-16.22693,17.418455,-13.363811,15.080846,-10.38692,10.253875,-8.392584,4.7922664,-7.943187,2.3002288,-7.105159,1.768119,40.596905,17.994453,17.097614,12.305833,10.742681,8.672228,9.925036,6.8622313,7.317312,8.174546,6.804758,6.091159,5.6200566,5.625037,5.6083527,5.8590403,5.4116883,5.545067,5.2518997,5.3177767,0.6376877,0.35634014,0.38080937,0.54223645,0.38193735,0.42372745,0.43392006,0.6159112,0.39353013,0.34433016,0.5114649,0.4441285,0.29948178,0.20519884,0.21989274,0.29652107,0.19233125,0.2812009,0.25193226,0.27094615,0.22790024,0.21706909,0.28041622,0.21181314,2449.296921443876,461.0252117899233,0.1346148322610294,0.03890137354544263,0.11101833,0.03728014,disco,disco.00070.wav,c:\Users\darsh\Documents\Codex\2026-04-27\i-am-a-first-year-computer\Data\genres_original\disco\disco.00070.wav
-105.51604,79.25659,-15.207652,40.825546,-12.267791,23.559671,-19.938488,27.319254,-16.512426,21.538397,-11.6801195,13.991893,-10.775013,9.3779545,-12.224892,2.0753548,-12.23068,2.8724236,-4.684766,8.17402,39.87792,17.793875,19.106276,11.662503,11.421579,10.915882,9.220695,8.822649,9.637373,8.53691,6.6798654,6.697101,6.5202565,6.066041,6.373312,6.195479,5.634997,6.8050966,6.63153,7.773019,0.49247453,0.35365325,0.38223064,0.5729155,0.5570896,0.64817667,0.38152626,0.32613596,0.34248888,0.35872144,0.41115105,0.39951545,0.31805,0.26972032,0.26576763,0.31298,0.2544745,0.3192313,0.21114072,0.22608608,0.25020257,0.2441836,0.26182425,0.2603792,2809.021561476355,598.8161800014784,0.15595068208204335,0.06834677606064296,0.09814837,0.039542776,disco,disco.00071.wav,c:\Users\darsh\Documents\Codex\2026-04-27\i-am-a-first-year-computer\Data\genres_original\disco\disco.00071.wav
-128.46767,67.26374,-36.918983,40.90837,-21.745594,23.162697,-13.252984,13.093862,-14.004485,17.799564,-15.179246,16.37246,-10.465581,12.8358555,-9.216798,4.3896093,-5.4432764,7.246392,-2.667623,6.573777,64.684616,24.414263,23.281693,21.002876,16.791037,14.972407,12.120764,14.225571,10.70289,9.627081,9.026268,9.697073,8.212164,8.063183,7.464163,7.1326785,6.423063,7.083638,8.800667,9.815337,0.33893645,0.48796532,0.6147787,0.40248117,0.47215343,0.3663906,0.41108462,0.34962013,0.39928204,0.56889266,0.40249208,0.39752954,0.23906116,0.2573506,0.3119422,0.23230018,0.3413087,0.23750941,0.27066937,0.26933882,0.2658958,0.31297502,0.25315326,0.28833008,2902.9834800553963,674.1446530360115,0.184138720249613,0.07711310353300642,0.08449773,0.039807845,disco,disco.00072.wav,c:\Users\darsh\Documents\Codex\2026-04-27\i-am-a-first-year-computer\Data\genres_original\disco\disco.00072.wav
-95.25163,82.25366,-26.221525,37.522614,-16.3551,25.29429,-21.796482,21.811947,-20.064442,16.297644,-16.119652,14.43922,-11.907043,7.1689878,-11.668229,5.07811,-10.222132,4.7934794,-6.0183835,-0.24143368,55.23062,20.986227,15.36847,13.482392,11.496404,8.239943,8.911953,7.76115,6.7034163,7.087294,6.5068192,5.840104,5.8282013,5.045435,5.418292,4.813911,5.352949,5.1258526,5.643778,5.501645,0.38459393,0.3990652,0.64964896,0.35071933,0.40940621,0.51128393,0.44869268,0.62071204,0.34414652,0.36891624,0.4470571,0.42260256,0.2722655,0.20882459,0.2966703,0.22258797,0.2561194,0.31936312,0.2536176,0.31149375,0.20128278,0.23950873,0.25742057,0.23504789,2846.8226092079603,561.2773891014958,0.17636703632933437,0.06721990785472465,0.09553592,0.041574873,disco,disco.00073.wav,c:\Users\darsh\Documents\Codex\2026-04-27\i-am-a-first-year-computer\Data\genres_original\disco\disco.00073.wav
-40.762928,86.78239,-26.962378,34.941532,-20.04815,21.65764,-23.953712,19.265038,-17.53156,18.037153,-16.020786,12.446079,-13.877287,6.013273,-14.214262,-0.81543213,-14.490395,-1.2298409,-7.699562,4.327605,42.28572,17.9417,19.170649,11.575478,11.508303,10.852922,9.267886,8.705307,9.616896,8.691256,6.7579136,6.82905,6.401194,5.999397,5.939274,6.086491,5.6119237,6.719644,6.2617736,7.099614,0.47373825,0.301548,0.34001026,0.54375327,0.5155929,0.632351,0.32100534,0.28056437,0.3221017,0.34933665,0.39688423,0.35674867,0.3216165,0.23940295,0.24465676,0.3269812,0.24714829,0.327993,0.19556536,0.22675039,0.25064415,0.23949547,0.2621038,0.23314452,2649.217859026324,515.8076924516296,0.15116461880804954,0.05429887531450014,0.17761214,0.069489755,disco,disco.00074.wav,c:\Users\darsh\Documents\Codex\2026-04-27\i-am-a-first-year-computer\Data\genres_original\disco\disco.00074.wav
-91.75992,86.314995,-17.351944,43.106068,-18.40748,34.058987,-18.420603,26.836887,-13.56513,20.214409,-14.637163,12.668141,-12.608889,6.200999,-10.449866,7.365131,-8.057861,7.1151733,-2.459065,-0.11617035,38.42159,16.242098,16.238316,10.682995,10.3639,7.976445,9.018863,7.5575433,8.169198,8.247236,7.6549664,7.289706,7.1909585,6.559676,6.2524796,6.076483,6.6844187,7.2639213,7.2197795,6.845583,0.47952956,0.43198445,0.42595208,0.36525932,0.36071497,0.38898998,0.42692065,0.5895805,0.5173867,0.4133643,0.360701,0.38805023,0.34093013,0.29714432,0.27328682,0.24508938,0.26002005,0.2933135,0.2758845,0.32453698,0.27968386,0.25860354,0.24188653,0.25651786,2690.932759278845,467.6004877996463,0.12995726405282507,0.04323529130529884,0.110856615,0.035716746,disco,disco.00075.wav,c:\Users\darsh\Documents\Codex\2026-04-27\i-am-a-first-year-computer\Data\genres_original\disco\disco.00075.wav
-95.872894,103.33598,-36.4608,27.125103,-22.873163,9.985935,-24.656694,15.6701565,-20.151213,18.746262,-18.563173,9.864556,-15.108637,3.8944142,-11.188668,0.51242125,-5.470925,3.1176534,-7.906383,2.9722521,54.790276,19.268589,20.713387,15.45095,14.015823,14.7541275,10.762058,9.467271,8.586263,8.299608,7.678459,8.469877,8.670722,7.523736,6.9371166,7.1551385,6.6622286,7.587778,7.7544303,9.3105135,0.31107062,0.22075032,0.39531535,0.43928173,0.4433929,0.5083157,0.29881176,0.36197805,0.30887136,0.33519346,0.33067146,0.28428164,0.28263742,0.20311143,0.31282443,0.3120316,0.3186012,0.36241856,0.20654282,0.31682226,0.2484895,0.29190844,0.29128394,0.22846755,2252.122477978003,476.57404817348373,0.12191385086106811,0.040071683042191907,0.12425735,0.0513244,disco,disco.00076.wav,c:\Users\darsh\Documents\Codex\2026-04-27\i-am-a-first-year-computer\Data\genres_original\disco\disco.00076.wav
-56.901474,97.02408,-17.874454,44.933502,-6.9323897,23.81333,-23.314041,25.996197,-10.480186,10.453682,-15.226058,10.030942,-9.161243,3.7398655,-9.396589,3.483016,-8.049632,1.657038,-6.018549,4.4114547,52.589924,23.375597,18.835176,12.369006,9.637383,10.675713,9.05468,6.8378263,9.77834,8.047997,8.214262,7.826695,8.530446,7.5546174,7.32693,6.703576,6.761341,6.9387565,7.239034,7.7231083,0.5510222,0.3788491,0.40714645,0.34287405,0.42893416,0.37736115,0.34281862,0.49828067,0.41096455,0.52118915,0.32884985,0.40007108,0.31573823,0.23562859,0.29655233,0.23359235,0.3055944,0.26365006,0.24087627,0.33850968,0.24067812,0.35014802,0.21489431,0.3015703,2308.7942063741325,607.9339907438987,0.11760246347716719,0.053534911215442064,0.20663263,0.07055028,disco,disco.00077.wav,c:\Users\darsh\Documents\Codex\2026-04-27\i-am-a-first-year-computer\Data\genres_original\disco\disco.00077.wav
-182.05023,103.41656,-18.22728,31.200912,-12.540437,18.842093,-12.869497,19.378906,-17.704334,18.50028,-14.324433,11.545081,-11.634119,5.5954614,-8.039428,0.2704891,-8.0900135,2.727342,-3.2884352,3.507127,67.73014,20.108793,19.00996,18.902756,11.8283615,13.747531,10.939939,10.2272415,8.341365,9.737759,7.992472,8.506554,7.709097,7.4353356,7.5703697,8.485949,6.9789157,7.686672,8.124239,7.569792,0.43995467,0.28720936,0.24704427,0.28380886,0.42997798,0.6030823,0.37390336,0.30660155,0.25317058,0.24095458,0.23581062,0.2821237,0.34182513,0.2731142,0.25028363,0.2657053,0.31852314,0.37543276,0.28595394,0.29043037,0.24712035,0.24557996,0.24445319,0.2359524,2219.3232376250994,571.3686202543012,0.09617402162345201,0.046439038774616,0.068242274,0.037738483,disco,disco.00078.wav,c:\Users\darsh\Documents\Codex\2026-04-27\i-am-a-first-year-computer\Data\genres_original\disco\disco.00078.wav
-154.6233,97.9326,-10.35732,39.123672,-11.213964,24.11131,-11.846502,24.19123,-13.460304,20.553188,-8.327632,5.867451,-9.686904,3.944323,-8.819821,3.312212,-0.29934314,7.594323,0.6562107,0.8080188,64.6612,23.950628,16.678543,11.402753,10.78319,11.315436,8.612497,9.199992,8.217457,8.296798,7.870152,7.971082,8.412937,6.6665874,6.795497,6.568851,7.9284954,8.097561,8.038606,8.390779,0.3885825,0.42438787,0.40630504,0.4474752,0.48486608,0.64735615,0.5113729,0.43328673,0.5575185,0.39195594,0.39042008,0.352668,0.26769486,0.30123314,0.2665571,0.30670112,0.26675656,0.31199133,0.26795495,0.27052417,0.34950927,0.25623074,0.272342,0.24499124,2292.577700466476,655.3063621879899,0.09981534503192724,0.0538490863271812,0.084769994,0.04214742,disco,disco.00079.wav,c:\Users\darsh\Documents\Codex\2026-04-27\i-am-a-first-year-computer\Data\genres_original\disco\disco.00079.wav
-219.45564,94.70133,12.129364,48.870068,-7.2120833,16.628513,-15.087896,21.71444,-20.00235,13.238806,-15.698359,5.0570116,-15.283744,0.07390089,-9.203972,0.23449892,-9.558946,-0.75156134,-4.5294027,-3.6864765,57.613033,24.533634,21.661867,16.422907,11.801904,17.302036,10.998444,8.27242,10.312285,9.849202,8.914496,8.494017,8.5628195,7.898872,7.8850284,7.1524124,8.500452,7.5853252,7.8478575,6.835229,0.354136,0.45506263,0.28559512,0.3053963,0.33933294,0.5422215,0.48502082,0.35730237,0.4614781,0.35165274,0.4261895,0.30098727,0.26809078,0.31254986,0.23238675,0.29112962,0.26162282,0.35333186,0.3330321,0.26537573,0.32945094,0.23477247,0.34661806,0.24851981,2143.645601948083,750.3098972011151,0.08475043234810371,0.04932205774309747,0.059198096,0.032279827,disco,disco.00080.wav,c:\Users\darsh\Documents\Codex\2026-04-27\i-am-a-first-year-computer\Data\genres_original\disco\disco.00080.wav
-193.22008,89.19422,-20.013872,38.74353,-2.71596,17.057264,-7.9501605,16.08651,-16.764881,7.716307,-15.71264,9.034707,-11.31675,3.8953853,-8.224794,3.0170593,-6.879084,-0.7077228,-6.407636,-0.546875,113.88024,35.43796,20.636734,16.54587,13.630224,15.452224,13.338813,10.441799,11.973788,10.118974,10.913304,11.281745,9.881114,11.188242,10.95954,10.026344,10.190722,10.551893,9.08368,9.33105,0.4158494,0.34554344,0.34036586,0.37620535,0.5527128,0.43129566,0.24565075,0.33148158,0.3154063,0.34562567,0.2795779,0.3208867,0.3265024,0.29477507,0.30770287,0.310174,0.34646162,0.31141812,0.23198666,0.28848532,0.26984397,0.33840966,0.26000455,0.26528123,2292.41885340361,784.4120590126375,0.11643089081849846,0.06784558275257073,0.07870453,0.048032887,disco,disco.00081.wav,c:\Users\darsh\Documents\Codex\2026-04-27\i-am-a-first-year-computer\Data\genres_original\disco\disco.00081.wav
-63.650337,94.46596,-13.425887,32.77123,-13.71462,26.78027,-19.395613,24.652542,-11.667618,13.727572,-9.442895,8.833796,-4.980146,9.214891,-3.470476,1.4862689,-8.885651,0.25321528,-5.4527493,-1.133074,65.72754,33.392223,19.394749,14.4387865,18.473139,13.067033,14.919654,10.085531,11.151327,10.355035,9.3111925,8.261517,8.37763,7.8658066,6.9119315,7.1194253,7.1769986,6.1611295,6.7590423,7.3932633,0.6224194,0.3912184,0.354082,0.4310358,0.34982333,0.41966617,0.3633686,0.48480216,0.4530039,0.34294236,0.40778628,0.45190978,0.32334328,0.28972897,0.27698535,0.30173525,0.24942566,0.30425227,0.24724843,0.30411035,0.29991958,0.2267983,0.30890024,0.25548893,2577.013955506876,921.1520265319722,0.13824595164957432,0.07751722803035366,0.1809062,0.08565347,disco,disco.00082.wav,c:\Users\darsh\Documents\Codex\2026-04-27\i-am-a-first-year-computer\Data\genres_original\disco\disco.00082.wav
-167.37817,112.48347,-4.5824203,37.09087,-8.613287,27.826746,-14.716945,18.52263,-16.49013,13.760585,-13.3312845,10.215414,-11.575291,6.7448573,-9.2008505,4.9011545,-9.726243,1.520227,-5.5773807,-2.0606303,58.44984,27.633137,26.353039,23.013655,15.575342,13.798317,10.762978,10.251909,10.3274975,9.32876,8.520008,7.7576847,8.815581,7.893215,7.8618317,8.210692,8.522803,8.104177,8.057556,7.7718525,0.32261223,0.39603713,0.43785578,0.45701414,0.55213785,0.46514368,0.39664808,0.41744807,0.48881984,0.38319004,0.3081348,0.34455085,0.22819059,0.29812333,0.29994467,0.27566454,0.36225232,0.31636068,0.2872995,0.29358664,0.3184778,0.28157815,0.24301997,0.28013468,1959.5165152861578,680.4269568105806,0.09003346918537151,0.05412156038592039,0.087620184,0.032949243,disco,disco.00083.wav,c:\Users\darsh\Documents\Codex\2026-04-27\i-am-a-first-year-computer\Data\genres_original\disco\disco.00083.wav
-197.17924,83.36067,-38.557827,43.7167,-7.2955394,25.659225,-8.642003,13.397131,-12.153697,12.154943,-12.050202,10.627792,-2.405342,12.013289,1.3748271,6.7643423,-3.376777,-1.6519369,0.06695288,1.4112642,95.07004,33.072506,27.624184,17.957018,12.736225,10.766926,9.155557,10.784185,8.668727,8.748846,8.357218,6.9252315,9.301925,9.200211,12.281172,8.465106,7.6676006,6.3998585,6.8308854,6.040615,0.47894293,0.5559905,0.49461403,0.42733797,0.4395789,0.39814395,0.4713829,0.4276827,0.52212715,0.56148857,0.6588278,0.6059222,0.25429153,0.3160123,0.30584097,0.2836051,0.30186087,0.25894085,0.29300222,0.26552418,0.3041734,0.3003999,0.283119,0.2731423,2455.1239938572585,755.0270968606402,0.1514639367260062,0.08198918731095182,0.06203172,0.048151568,disco,disco.00084.wav,c:\Users\darsh\Documents\Codex\2026-04-27\i-am-a-first-year-computer\Data\genres_original\disco\disco.00084.wav
-166.76927,67.73106,11.18009,37.429222,-10.941419,27.39617,-18.940847,27.29737,-15.843282,20.550398,-8.622007,14.187619,-6.0489874,12.008676,-6.0718484,7.280311,-4.233474,5.134376,-4.5242867,3.4615293,73.49578,31.74635,25.947447,20.447933,14.805624,13.588633,12.149266,8.618331,10.156945,8.911378,9.9488,9.115403,8.4485235,8.824745,9.729511,7.825419,8.249381,7.8327675,7.509869,6.669933,0.64781225,0.5292874,0.51426613,0.5565876,0.6329272,0.582598,0.52122396,0.5592691,0.54323304,0.52981627,0.5353531,0.66459733,0.26560023,0.27158734,0.2814465,0.2576228,0.2847536,0.28446063,0.28277713,0.2995956,0.27962342,0.27341637,0.24594744,0.27399307,3002.526732630542,909.4114396883921,0.15866457345684984,0.09798764252916045,0.08925272,0.055083197,disco,disco.00085.wav,c:\Users\darsh\Documents\Codex\2026-04-27\i-am-a-first-year-computer\Data\genres_original\disco\disco.00085.wav
-95.80325,122.05659,-29.31912,50.3165,-11.940644,28.410152,-7.0477815,11.851946,-8.612015,11.568434,-18.395964,6.8620915,-11.662833,2.6845434,-5.792651,0.6457214,-7.2554846,1.7374233,-6.154603,-3.7481859,59.687973,29.159616,28.571102,14.444301,14.532162,12.968089,11.344628,10.687645,9.417223,8.123917,7.7079067,9.7363825,7.3961716,8.969832,8.751244,7.255591,9.147409,8.286097,7.9993925,9.182204,0.46788087,0.3479435,0.394307,0.42951107,0.40034887,0.33325747,0.33911237,0.4809312,0.39634237,0.39283615,0.36641797,0.39154434,0.32275742,0.26091352,0.30031133,0.32624456,0.2779077,0.27242914,0.25234318,0.30431217,0.2695769,0.2798475,0.27598298,0.27133954,1867.9206448682273,641.4888325716244,0.09448204394833591,0.04594367995953293,0.16525841,0.053891078,disco,disco.00086.wav,c:\Users\darsh\Documents\Codex\2026-04-27\i-am-a-first-year-computer\Data\genres_original\disco\disco.00086.wav
-100.293015,110.01217,-26.644552,36.82376,-10.413421,28.777048,-14.843354,21.28987,-19.675669,18.522434,-16.387474,9.157715,-13.791584,3.9903712,-10.459232,2.8376312,-4.316738,3.1700072,-3.746579,3.5572658,38.49396,22.846565,15.785413,13.414932,10.577081,11.964576,9.930246,7.8695498,7.5681796,7.6527553,7.487041,7.657772,6.2746816,6.737554,7.5104327,7.909515,7.4694085,8.13691,8.556739,8.33355,0.45020056,0.36825028,0.35836223,0.39018998,0.38072574,0.4812001,0.42083257,0.40608278,0.38617116,0.33862448,0.32022494,0.3136163,0.33266297,0.26528728,0.29717627,0.32178947,0.28747827,0.33803654,0.29384756,0.3013695,0.30568525,0.2708356,0.2739709,0.24007563,2139.4226685316103,576.8497997880473,0.10026696739551083,0.049968834840495475,0.119228035,0.02925557,disco,disco.00087.wav,c:\Users\darsh\Documents\Codex\2026-04-27\i-am-a-first-year-computer\Data\genres_original\disco\disco.00087.wav
-97.88562,101.0036,-40.54761,51.050194,-11.70962,25.064747,-14.048207,17.197395,-9.623669,16.97353,-7.173523,11.723433,-5.7162294,6.2494135,-6.060791,4.687675,-6.252405,-0.98431545,-2.744111,0.6273677,37.7908,19.497759,12.000167,11.151251,8.126047,9.402411,6.9073033,7.3253984,6.5890794,7.0421157,7.178485,6.4498997,7.142876,5.9091516,6.449165,6.051181,5.998661,5.4509683,7.4425416,7.2998695,0.49837175,0.3422573,0.47635904,0.31070918,0.35979512,0.40306816,0.35358176,0.5765142,0.3635508,0.40916088,0.30133018,0.3807457,0.32246572,0.22195598,0.3377768,0.23443943,0.28229913,0.29291913,0.21758662,0.3419107,0.23142807,0.2945165,0.22301334,0.251642,2238.799259178444,401.35755551371716,0.13146859278250775,0.037883359985738115,0.1190426,0.054267414,disco,disco.00088.wav,c:\Users\darsh\Documents\Codex\2026-04-27\i-am-a-first-year-computer\Data\genres_original\disco\disco.00088.wav
-114.932045,113.46387,-29.804312,42.612106,-10.326012,26.973412,-14.493735,21.240534,-17.65054,17.097874,-13.478903,8.591484,-11.427424,6.2058764,-10.899925,3.6583595,-10.317461,0.56217456,-4.1656857,3.4745615,54.55774,24.862429,21.096144,11.579897,10.517976,9.164789,8.87751,7.7455482,8.565388,6.8296056,8.098745,6.2907352,6.8479013,6.8602505,6.577151,6.0900483,6.203924,6.491904,7.916511,7.8332486,0.5651813,0.37786987,0.39667368,0.34269747,0.4126905,0.449514,0.41114813,0.57182264,0.37882534,0.42157248,0.43757436,0.39303526,0.3446511,0.20482881,0.25464112,0.24140458,0.2622248,0.30202952,0.25051966,0.3114793,0.21907136,0.30497974,0.2939952,0.22459383,2129.3458917106645,571.3685955583056,0.1118704497629644,0.04070195939827017,0.10027614,0.03169638,disco,disco.00089.wav,c:\Users\darsh\Documents\Codex\2026-04-27\i-am-a-first-year-computer\Data\genres_original\disco\disco.00089.wav
-125.715775,88.52808,-16.738846,42.798134,-9.901168,29.185856,-19.342821,20.458702,-16.50553,15.012511,-8.765586,12.78412,-7.7588887,7.052417,-8.516408,3.2717617,-6.498946,5.7955217,-3.5007174,-0.049129214,43.148228,24.155563,18.788101,14.374674,10.969776,10.093543,9.6176815,8.298104,8.055087,7.473812,7.3230696,6.736051,6.4105206,6.544304,5.750736,5.7101307,6.539882,5.658152,5.9384475,5.934452,0.44584438,0.4444363,0.6394378,0.40166533,0.4782229,0.6109679,0.5515591,0.54824054,0.39511228,0.4456239,0.43772155,0.42733508,0.28479004,0.25552025,0.28976095,0.2321998,0.2809677,0.2740496,0.26024926,0.28913787,0.19080433,0.26096663,0.2827219,0.26914793,2574.7458410439813,657.9794567712312,0.14616918416215172,0.06482923514345923,0.09060021,0.05367054,disco,disco.00090.wav,c:\Users\darsh\Documents\Codex\2026-04-27\i-am-a-first-year-computer\Data\genres_original\disco\disco.00090.wav
-116.98034,98.51445,-19.014011,44.84704,3.8032014,28.483187,-1.102687,14.693483,-7.7538214,9.756313,-10.111344,6.3672557,-3.9202325,7.902921,-3.212644,0.13058019,-7.841634,-1.7346321,-2.4309783,-0.7216537,91.93653,30.719923,28.67583,13.5194845,12.899583,11.46039,11.41515,10.79174,10.155201,11.045193,9.885613,9.60896,8.708837,9.756462,9.484837,8.424802,8.927873,9.312389,9.14377,10.887686,0.55515605,0.52782834,0.50709194,0.47891277,0.3235686,0.32315436,0.32769758,0.47337085,0.3352959,0.23474969,0.4513326,0.45949736,0.35576153,0.26614147,0.2966325,0.3570681,0.2633033,0.29286638,0.2706629,0.34871754,0.26160827,0.22340637,0.29234096,0.25073558,2036.7728048043857,785.6432813977411,0.09159921935468267,0.05523465504563372,0.17351265,0.101285264,disco,disco.00091.wav,c:\Users\darsh\Documents\Codex\2026-04-27\i-am-a-first-year-computer\Data\genres_original\disco\disco.00091.wav
-123.78829,89.824844,-1.8406465,51.169796,-16.261305,28.283545,-12.495138,19.032148,-13.280038,18.50002,-13.776395,12.866395,-8.7555,8.260726,-8.236545,5.5192523,-8.406669,4.4795265,0.30875933,1.8299166,51.453743,25.245052,24.407476,14.302288,11.357687,11.06776,9.08723,8.526096,8.25234,8.285219,7.453209,6.6446815,8.347938,8.142345,8.136553,6.420631,7.5868473,8.35453,9.033332,8.348252,0.30480975,0.39763403,0.30513865,0.39752164,0.58532923,0.40328044,0.31024584,0.32809827,0.52915454,0.2409855,0.22390875,0.42264345,0.21599978,0.33313665,0.2020162,0.23496386,0.3683536,0.2651983,0.2983623,0.24251753,0.33545318,0.1971452,0.18134043,0.31682143,2457.998545443571,659.3452374762638,0.11753292497097523,0.04933509961605914,0.1067002,0.037122898,disco,disco.00092.wav,c:\Users\darsh\Documents\Codex\2026-04-27\i-am-a-first-year-computer\Data\genres_original\disco\disco.00092.wav
-86.0438,87.53873,-20.172316,54.019077,-1.0642166,19.562546,-4.0897794,21.03777,-19.567509,12.389662,-22.010809,9.599067,-15.931527,3.9723325,-13.932702,2.3837168,-7.737426,3.4512784,-4.1580405,5.9184194,58.69719,26.847004,17.168337,13.825421,13.7445,10.334858,12.584568,8.497526,11.213659,11.338726,9.717784,10.274913,11.463783,9.207187,7.48718,8.701083,7.708899,6.9852266,9.334471,8.049137,0.51543015,0.41044655,0.45765966,0.35313207,0.40400746,0.52279997,0.33472082,0.40756127,0.31019053,0.45620856,0.38682738,0.34064376,0.34082392,0.25409886,0.3252284,0.24338436,0.26825395,0.31500798,0.21515359,0.30146283,0.1933792,0.31003404,0.2738642,0.26903424,2461.186456192989,700.506155930448,0.13708722849748453,0.06135603302080036,0.15334107,0.060240146,disco,disco.00093.wav,c:\Users\darsh\Documents\Codex\2026-04-27\i-am-a-first-year-computer\Data\genres_original\disco\disco.00093.wav
-130.00577,102.49775,-4.4431324,50.061092,-15.532888,32.12815,-18.18232,24.28785,-11.902589,13.763349,-12.898068,7.2710958,-9.37947,4.6041646,-9.579843,4.24868,-4.6832943,-0.45490155,-6.882829,4.7626505,45.206978,23.612421,11.0480995,10.685482,7.3932953,7.978372,8.362416,7.0603065,6.8135843,7.17811,5.965174,6.1891704,9.149973,6.496729,5.67146,6.3746653,5.29229,6.5220838,5.3233542,6.744311,0.700757,0.43838912,0.35830206,0.3412221,0.40210283,0.38737562,0.3248797,0.44051722,0.33541977,0.34202543,0.4461069,0.4861017,0.33336642,0.21013765,0.23892108,0.24902888,0.27201724,0.3139634,0.22305934,0.29295602,0.218911,0.25337297,0.2953386,0.20276771,2208.1328125649534,546.8557821862049,0.09361054506095201,0.03475261045401621,0.099305406,0.030424766,disco,disco.00094.wav,c:\Users\darsh\Documents\Codex\2026-04-27\i-am-a-first-year-computer\Data\genres_original\disco\disco.00094.wav
-159.86688,81.975266,-16.765373,52.506096,-4.4480305,22.865053,-8.22628,23.367426,-5.528469,17.693354,-15.369107,10.806196,-13.526739,1.7440386,-6.560189,5.105752,0.3296953,6.998458,-5.456209,0.80631334,72.54375,28.84482,25.685368,16.041506,15.5785265,15.589585,11.37865,10.719978,10.248681,10.978151,10.342544,7.99941,8.372498,9.281892,9.391613,8.794693,10.740193,10.9133,9.838862,8.96677,0.42210236,0.3940527,0.5712397,0.4799074,0.43490535,0.48569807,0.43749276,0.5346069,0.49976012,0.51745963,0.43722245,0.4046496,0.2650287,0.24937947,0.32907218,0.2998195,0.31042978,0.31110305,0.27519643,0.3293901,0.2698511,0.3136639,0.27875128,0.2590768,2487.5432668509993,756.393747233897,0.11808431997387771,0.06673320000596478,0.09841011,0.05286628,disco,disco.00095.wav,c:\Users\darsh\Documents\Codex\2026-04-27\i-am-a-first-year-computer\Data\genres_original\disco\disco.00095.wav
-133.8668,93.47174,-24.215984,61.44255,-22.856274,30.976551,-14.959397,20.244457,-9.292844,15.786768,-8.740783,11.96879,-5.3208146,4.992871,-0.6728598,3.7227201,2.09798,5.4435353,3.0959997,2.4591088,52.799984,24.313116,19.780514,12.839126,11.106016,12.854606,8.723946,8.982103,8.9862795,7.913145,9.851106,7.7248983,8.464197,8.519556,8.2176485,8.086324,7.7180743,7.136907,8.267683,7.564472,0.42868572,0.3748904,0.43670967,0.35214978,0.38491416,0.33031273,0.4196897,0.52426744,0.414233,0.4126318,0.38784757,0.5321627,0.28415316,0.2784853,0.29671857,0.22698013,0.30027425,0.2391406,0.27121505,0.33591205,0.27212277,0.26999262,0.25683746,0.31533942,2481.887352406179,608.4665721108405,0.13440697259578174,0.05812151085688778,0.09199635,0.040929575,disco,disco.00096.wav,c:\Users\darsh\Documents\Codex\2026-04-27\i-am-a-first-year-computer\Data\genres_original\disco\disco.00096.wav
-116.92593,75.75966,-4.2054796,37.28704,-5.338408,31.376095,-12.168359,22.909483,-11.43796,14.62477,-13.049894,13.411265,-13.22882,8.251242,-15.236953,9.83192,-6.212928,8.001915,-8.030049,4.399167,52.756435,17.1763,11.792342,12.21818,9.402749,8.799665,7.8113174,8.81369,7.1184583,7.5021615,7.4263234,7.9545326,8.034678,7.905858,8.686663,6.024437,6.4459877,7.921603,6.2998796,6.5989327,0.37523422,0.33049378,0.3607466,0.2750779,0.29733142,0.5955649,0.33019418,0.2699984,0.39937434,0.461607,0.8022119,0.4832029,0.24473308,0.2746523,0.2928426,0.2508912,0.22806896,0.30260253,0.22024192,0.2162939,0.28490216,0.17194161,0.2658447,0.2033737,2826.0632063160606,561.728605043581,0.12049624794407894,0.04778232938281726,0.10807372,0.047261983,disco,disco.00097.wav,c:\Users\darsh\Documents\Codex\2026-04-27\i-am-a-first-year-computer\Data\genres_original\disco\disco.00097.wav
-91.597725,99.463974,-8.991621,40.185043,-18.037636,22.567217,-21.956272,15.782541,-25.665386,17.664223,-13.675539,15.635084,-15.469164,4.5212984,-10.157356,0.4606567,-10.151421,4.796901,-6.8835435,-0.9924837,42.9471,20.60417,16.365696,14.315862,12.018471,11.04553,10.807799,9.714177,7.9792285,7.6128635,7.3042703,8.488796,6.999931,6.651848,7.460143,7.007879,6.330005,6.7156887,6.883838,6.4136324,0.386268,0.45169884,0.46911752,0.42789334,0.51654094,0.48503307,0.62511045,0.43903297,0.31512126,0.32945326,0.3461138,0.49903944,0.21912159,0.27790675,0.2806493,0.25455162,0.34209237,0.24068543,0.33262694,0.26914567,0.25113508,0.2682741,0.23055258,0.2978743,2417.457577864453,594.2396533949038,0.11262743687113003,0.05184927464232827,0.12268789,0.03947119,disco,disco.00098.wav,c:\Users\darsh\Documents\Codex\2026-04-27\i-am-a-first-year-computer\Data\genres_original\disco\disco.00098.wav
-91.597725,99.463974,-8.991621,40.185043,-18.037636,22.567217,-21.956272,15.782541,-25.665386,17.664223,-13.675539,15.635084,-15.469164,4.5212984,-10.157356,0.4606567,-10.151421,4.796901,-6.8835435,-0.9924837,42.9471,20.60417,16.365696,14.315862,12.018471,11.04553,10.807799,9.714177,7.9792285,7.6128635,7.3042703,8.488796,6.999931,6.651848,7.460143,7.007879,6.330005,6.7156887,6.883838,6.4136324,0.386268,0.45169884,0.46911752,0.42789334,0.51654094,0.48503307,0.62511045,0.43903297,0.31512126,0.32945326,0.3461138,0.49903944,0.21912159,0.27790675,0.2806493,0.25455162,0.34209237,0.24068543,0.33262694,0.26914567,0.25113508,0.2682741,0.23055258,0.2978743,2417.457577864453,594.2396533949038,0.11262743687113003,0.05184927464232827,0.12268789,0.03947119,disco,disco.00099.wav,c:\Users\darsh\Documents\Codex\2026-04-27\i-am-a-first-year-computer\Data\genres_original\disco\disco.00099.wav
-80.92658,84.79292,-31.540653,33.89926,-19.848768,23.558197,-22.125015,20.021149,-16.759602,19.211897,-13.106137,11.505603,-10.726899,10.569202,-8.427004,7.3234506,-5.3749456,7.6905966,-5.544044,1.5257049,69.87044,27.40454,23.43516,20.188267,12.597745,11.651626,9.669612,9.840578,9.671109,7.470091,8.664602,7.2447286,8.610028,8.485186,8.056442,7.445439,8.336992,7.890437,7.962143,6.398129,0.37509444,0.35751542,0.47855687,0.45167825,0.61379683,0.47035033,0.45576254,0.46835947,0.4651074,0.53889567,0.41706818,0.43578494,0.26012453,0.23961866,0.30946913,0.26051134,0.31648394,0.30974936,0.29434234,0.2888743,0.26347017,0.32477602,0.26711446,0.26544508,2667.664494927173,647.1137589594497,0.14734075682082043,0.053777235991616865,0.12524042,0.049682405,hiphop,hiphop.00000.wav,c:\Users\darsh\Documents\Codex\2026-04-27\i-am-a-first-year-computer\Data\genres_original\hiphop\hiphop.00000.wav
-81.1395,49.606533,-14.548335,57.986927,6.8434696,27.148214,-6.8552322,31.304077,-10.086364,20.312963,-2.5413642,12.746546,3.9735267,13.23515,-2.3756185,12.26852,-7.035885,4.756272,1.8735871,0.022320017,60.409782,30.257694,31.478527,17.993225,19.6659,15.959651,13.558889,12.133425,11.789598,9.429633,10.625314,8.855798,10.158537,8.649918,8.68569,8.1595125,8.226051,7.631836,7.561015,8.221502,0.49282217,0.5508849,0.7134081,0.80487734,0.62551117,0.4157598,0.29873893,0.24183182,0.27002576,0.33033773,0.3477773,0.39517877,0.23224205,0.20291504,0.24035734,0.26913187,0.20498118,0.22544307,0.2341551,0.24611248,0.27838624,0.29392523,0.2646269,0.22011709,2808.1424053109326,969.1416301322248,0.09764869146671827,0.07165696918197695,0.28558367,0.08268809,hiphop,hiphop.00001.wav,c:\Users\darsh\Documents\Codex\2026-04-27\i-am-a-first-year-computer\Data\genres_original\hiphop\hiphop.00001.wav
-202.88756,132.38377,12.001245,43.771038,-10.231295,17.12234,-13.5626,15.044012,-16.261728,9.421977,-11.645681,7.0476594,-4.317207,0.83221436,-5.6038814,1.2634314,-6.975631,0.39049453,-2.4323802,-2.9321566,68.27363,32.20268,28.38403,17.799833,18.553879,14.453913,13.36869,11.314263,11.705184,10.631558,11.492225,8.885139,9.965971,9.542077,8.341424,7.4136,7.852958,6.41959,6.4529305,6.231378,0.3924198,0.40131617,0.41601336,0.37529498,0.3433859,0.3706197,0.3061199,0.28741962,0.3615444,0.46980077,0.60733086,0.51752764,0.2764954,0.2928636,0.30568454,0.30914876,0.28371525,0.2869804,0.27242944,0.25584754,0.25384578,0.2931955,0.34994155,0.30060244,1490.5209977308093,796.2613035342499,0.05873774005901703,0.04982144062839028,0.09350616,0.03353568,hiphop,hiphop.00002.wav,c:\Users\darsh\Documents\Codex\2026-04-27\i-am-a-first-year-computer\Data\genres_original\hiphop\hiphop.00002.wav
-40.255154,80.830086,-25.643091,38.42609,-11.072868,24.912197,-7.3689013,26.772398,-5.286711,16.798525,-3.4986296,8.451586,-5.5967097,12.057393,-1.89245,10.485354,0.6510143,0.2716337,-5.0933547,-4.0094256,70.38472,27.393543,35.477737,17.080359,16.699413,17.6088,16.45565,13.695964,13.183721,10.383576,9.460615,8.673191,8.475031,8.258793,8.577398,10.091599,7.7856045,7.8711286,7.5687675,7.55466,0.5717092,0.5507719,0.58171886,0.50534904,0.3837167,0.34287,0.33566597,0.33422193,0.3361695,0.49893618,0.5548498,0.61117685,0.3141211,0.2977448,0.3079219,0.28187415,0.262567,0.2631015,0.2478487,0.25664878,0.23920567,0.30866283,0.2851016,0.32388076,2493.1638737463427,703.9608853593871,0.10351449122000773,0.04780037424971358,0.26646084,0.11605782,hiphop,hiphop.00003.wav,c:\Users\darsh\Documents\Codex\2026-04-27\i-am-a-first-year-computer\Data\genres_original\hiphop\hiphop.00003.wav
-140.2109,71.62181,-3.7753892,39.005466,4.1943936,31.507359,-3.9653087,19.763544,-3.7660909,16.000135,-3.1709101,11.850969,-1.2552047,5.775349,1.2760401,1.6593858,-0.8388632,1.614666,-4.0749097,1.1415371,111.383865,32.670013,38.822727,21.417372,20.418415,17.501375,16.679836,12.455267,13.652694,13.7866955,10.587955,9.479748,10.50745,10.587415,8.916118,8.472157,7.790792,8.079329,7.6897573,9.027341,0.40303683,0.37731004,0.4707259,0.41031674,0.47106594,0.45551047,0.3938717,0.46984187,0.5286316,0.521535,0.4573785,0.43359503,0.25790963,0.26805505,0.3383293,0.2833526,0.30231568,0.3111803,0.27224377,0.31590018,0.35610595,0.33746076,0.2923832,0.27510786,2372.727829534901,1035.5045349292718,0.09989130829140867,0.07827294488414882,0.20048167,0.124075845,hiphop,hiphop.00004.wav,c:\Users\darsh\Documents\Codex\2026-04-27\i-am-a-first-year-computer\Data\genres_original\hiphop\hiphop.00004.wav
-11.6755085,81.99325,-8.505697,52.767826,-14.70422,31.964735,-19.689999,22.869427,-14.710648,14.518811,-10.083077,14.005072,-8.073014,7.4342127,-5.4978147,12.842176,-3.6973355,6.2179585,-2.5902514,0.10540795,36.73027,19.631514,15.45111,15.243321,12.401916,10.293728,10.735983,9.391666,7.850194,9.007071,8.758867,8.157494,7.2150636,6.5884395,6.274835,6.583741,6.4722524,6.7153535,6.1818004,6.4207354,0.434681,0.46970153,0.48316404,0.47987154,0.48783818,0.52382684,0.53692216,0.54103714,0.5057568,0.5441852,0.4567309,0.42429346,0.27245796,0.2766142,0.29278937,0.29405394,0.2687962,0.29185843,0.2811435,0.29819673,0.2812316,0.29854015,0.27228364,0.2611407,2708.9613684451087,498.18817650828623,0.1246141368759675,0.05112069674000779,0.26167372,0.073403575,hiphop,hiphop.00005.wav,c:\Users\darsh\Documents\Codex\2026-04-27\i-am-a-first-year-computer\Data\genres_original\hiphop\hiphop.00005.wav
-59.61099,63.90056,3.4885833,45.235706,-1.1763209,28.239433,-13.166778,23.60513,-6.623221,16.478992,-7.2890754,14.477247,-5.7934427,8.176779,-6.8806267,6.7361226,-4.475576,0.96118426,-7.133027,-1.2612314,82.93649,31.964375,27.479338,20.812075,19.78426,15.008444,14.556535,12.450662,12.174366,10.900052,10.129892,10.412416,9.888996,8.245642,8.352823,7.0226827,8.046049,7.316863,8.301908,6.7453814,0.42542693,0.3999143,0.41208783,0.48353252,0.5282104,0.4219981,0.38716602,0.42924336,0.4910509,0.5675437,0.52499604,0.4994804,0.28782666,0.28953323,0.26791552,0.2962275,0.31430563,0.27827597,0.26207379,0.27059844,0.29848266,0.35409772,0.2909732,0.29719186,2859.0217012683083,982.6445973933564,0.12823807565789475,0.09666151537551325,0.27048802,0.12675545,hiphop,hiphop.00006.wav,c:\Users\darsh\Documents\Codex\2026-04-27\i-am-a-first-year-computer\Data\genres_original\hiphop\hiphop.00006.wav
-58.451878,103.05016,-7.2154045,44.881863,-8.616438,12.345843,-13.746115,19.97422,-13.128944,17.136244,-3.9520185,15.58161,-0.46276775,6.9280353,-6.032932,5.6366434,-3.1798737,1.8159584,-2.566344,0.107873745,60.69103,25.197521,26.982412,20.457521,16.92696,13.44077,14.394539,11.273645,12.396974,9.796746,10.296579,9.269513,8.414104,6.9424133,7.2362113,7.107193,8.212106,6.2035704,5.5881147,6.50079,0.38773343,0.3763245,0.42910838,0.5305995,0.62329006,0.37412345,0.33116475,0.35171366,0.4126595,0.48839882,0.44859022,0.43444443,0.27967986,0.2658237,0.3189588,0.3049842,0.318195,0.25115883,0.25054854,0.2551885,0.27868938,0.3178912,0.29390603,0.29306784,2047.1206937169864,705.6991119972939,0.07867374951625387,0.05050207819426177,0.26401678,0.09710807,hiphop,hiphop.00007.wav,c:\Users\darsh\Documents\Codex\2026-04-27\i-am-a-first-year-computer\Data\genres_original\hiphop\hiphop.00007.wav
-111.16549,55.1944,-18.44469,47.21848,-24.78782,22.52642,-21.138931,12.542855,-15.849728,16.296558,-12.565083,9.60918,-12.127598,4.850224,-2.2139866,6.88599,0.4925366,13.001817,5.9532986,5.4405985,83.6765,36.59152,35.190914,25.571308,23.60658,18.25605,18.356768,13.277227,12.588712,10.634448,10.592869,9.433883,9.156959,9.889909,9.222474,10.2677555,12.422417,11.648969,11.891458,12.117989,0.3997053,0.3513116,0.32017472,0.3785427,0.42386803,0.43616822,0.4840916,0.50753653,0.5718824,0.55974275,0.5109589,0.49731177,0.2673652,0.24338344,0.22840723,0.28187788,0.30662,0.28682935,0.28094727,0.26987794,0.3014698,0.34021616,0.31098858,0.30082107,3069.3957462220505,944.5132174346919,0.17691578584558823,0.1007162714833205,0.14187486,0.08862002,hiphop,hiphop.00008.wav,c:\Users\darsh\Documents\Codex\2026-04-27\i-am-a-first-year-computer\Data\genres_original\hiphop\hiphop.00008.wav
-95.086945,94.193474,-2.5176673,49.53372,-6.6139855,33.199677,-7.5960355,20.963081,-8.853171,16.792492,-5.245886,10.775888,-3.4604824,7.3106127,-3.4420853,3.8423047,-3.2273757,1.7994256,0.09320522,4.0050592,70.88591,40.294453,25.688072,17.114603,15.1395235,13.009583,13.760258,9.749041,10.722429,9.936624,10.073759,8.42896,7.6332493,7.607381,7.7828355,7.6541195,6.357191,7.412056,8.445274,10.002815,0.6224749,0.53020316,0.54071033,0.59540594,0.6400059,0.6360834,0.56038994,0.48088115,0.4436548,0.46532905,0.5596406,0.6529879,0.27714416,0.24488518,0.2631811,0.28676835,0.28134874,0.2578447,0.23959683,0.25893617,0.24959762,0.25718284,0.25586095,0.31298918,2199.9161931162494,991.3426806117274,0.09832480226876934,0.08606076695826416,0.21563886,0.09999058,hiphop,hiphop.00009.wav,c:\Users\darsh\Documents\Codex\2026-04-27\i-am-a-first-year-computer\Data\genres_original\hiphop\hiphop.00009.wav
-67.45474,94.84137,-38.85323,37.641743,-12.254447,36.9015,-12.652126,18.297037,-8.852412,17.983482,-7.2768803,9.716909,-8.74362,4.5059533,-7.58996,0.22546396,-4.8740935,4.8480425,-2.0033998,-0.75252783,36.17624,21.406464,16.88473,13.9517145,12.463338,9.891929,10.342837,8.696941,8.726589,8.03074,7.7941346,7.3792377,7.0092273,7.1350117,5.752635,6.391919,7.969937,9.519488,9.3788595,8.81524,0.40581402,0.41232637,0.4040814,0.4255559,0.41782793,0.40470916,0.4266639,0.47922292,0.46542147,0.42170927,0.4386718,0.426431,0.29100078,0.29081932,0.27292612,0.29285902,0.29413226,0.29204372,0.29546204,0.31399745,0.30484158,0.29305595,0.29405224,0.2934326,2284.553702393839,491.20089749482685,0.12547203040344426,0.04901151639581305,0.1716394,0.076671325,hiphop,hiphop.00010.wav,c:\Users\darsh\Documents\Codex\2026-04-27\i-am-a-first-year-computer\Data\genres_original\hiphop\hiphop.00010.wav
-74.19891,104.60867,-8.396772,49.658215,-9.376969,21.438307,-16.337013,18.78141,-13.079522,18.464,-14.953655,6.8762655,-15.326539,4.772736,-11.097989,4.743539,-2.8028693,6.797867,-5.8092246,-3.786318,51.34714,25.945648,23.337437,16.759947,12.831478,11.736816,12.019593,10.213794,8.990009,8.191526,8.000516,7.816048,7.1144667,7.926975,7.268424,8.775104,10.08608,10.395423,10.195934,9.601085,0.37310687,0.38001594,0.44666246,0.45637003,0.4252824,0.48123896,0.4209731,0.40984794,0.4840784,0.5551499,0.4863765,0.4096042,0.26132056,0.23736821,0.32683194,0.2838578,0.2696029,0.3289543,0.2758133,0.25795847,0.27764764,0.3150258,0.31980085,0.2811494,2095.2999106477832,656.2290566213128,0.0941872611503483,0.05850673531987969,0.20375179,0.081293724,hiphop,hiphop.00011.wav,c:\Users\darsh\Documents\Codex\2026-04-27\i-am-a-first-year-computer\Data\genres_original\hiphop\hiphop.00011.wav
-67.10566,112.41543,-23.642479,44.281242,-18.861816,23.87434,-13.404416,20.146225,-10.650068,20.623596,-7.5087595,14.423368,-9.39121,11.295233,-8.8619585,7.0855293,0.45575348,9.392796,-0.88695335,-0.57510746,44.24817,17.8653,17.237343,12.902704,11.466167,9.904331,12.510539,9.136892,8.41331,8.150958,9.454442,8.620718,9.20672,7.7859683,9.396683,10.881185,10.801346,10.630806,10.551621,10.286374,0.2017186,0.30676803,0.33309442,0.5106545,0.43379334,0.3789911,0.39504662,0.4243039,0.40367928,0.38934264,0.31208855,0.21568039,0.21124394,0.3105281,0.25948492,0.3574268,0.27321172,0.27117613,0.2825291,0.32447064,0.31125617,0.33698574,0.27393278,0.20943381,1976.5494346772984,464.5528797884394,0.08725570820433437,0.0335220239161531,0.19889054,0.06462422,hiphop,hiphop.00012.wav,c:\Users\darsh\Documents\Codex\2026-04-27\i-am-a-first-year-computer\Data\genres_original\hiphop\hiphop.00012.wav
-129.40356,141.74864,-42.528156,34.001812,-6.971375,8.687781,-11.36306,15.94384,-9.015018,6.63911,-8.326205,7.5594826,-5.469925,5.8708653,-3.1525168,-1.6954042,-8.807614,-4.858021,-9.291838,2.1231601,69.58494,52.439358,32.481064,24.796034,20.891464,22.605988,13.224812,14.750797,9.519454,9.17025,11.805858,10.011534,10.661337,9.31032,9.022082,6.1451035,7.4646697,8.059358,6.182723,7.536532,0.2909216,0.2339836,0.37067434,0.6092995,0.5560449,0.38686296,0.19229032,0.21492897,0.26366886,0.21351865,0.30220243,0.44716045,0.23648357,0.24398603,0.26633486,0.3769116,0.30704162,0.29238424,0.20630771,0.253195,0.2931946,0.22821291,0.26551718,0.3473182,1798.234427846617,696.365013690312,0.0966369817869582,0.037553838137230594,0.13660018,0.03243331,hiphop,hiphop.00013.wav,c:\Users\darsh\Documents\Codex\2026-04-27\i-am-a-first-year-computer\Data\genres_original\hiphop\hiphop.00013.wav
-51.27445,91.09927,-33.769688,69.9306,-12.950171,23.187635,-13.769311,23.784006,-14.735113,10.69933,-13.481394,6.0735264,-14.7200985,1.686247,-7.245058,3.9597955,-2.653484,7.5526376,-0.12975639,-0.73014706,57.008854,26.339478,23.37596,15.87818,14.108666,11.287178,12.5959015,8.470382,8.423311,8.646876,7.2598853,7.2032766,6.648975,7.0779085,6.7515516,6.9709067,8.122196,9.352006,7.9876733,6.6093197,0.47218043,0.40665972,0.3915023,0.5931234,0.5057322,0.34605336,0.41827166,0.63581836,0.77696055,0.58655596,0.37254062,0.37040353,0.2704166,0.25552785,0.20835471,0.28774384,0.24056777,0.20764692,0.21330383,0.2646422,0.24222767,0.23965876,0.19736478,0.22065037,2437.144490615668,515.4614136559201,0.13386653746613777,0.04515318364729884,0.18516475,0.061277144,hiphop,hiphop.00014.wav,c:\Users\darsh\Documents\Codex\2026-04-27\i-am-a-first-year-computer\Data\genres_original\hiphop\hiphop.00014.wav
-81.91787,94.772316,-16.236649,40.530567,-12.2472,28.186155,-20.102428,18.101374,-14.641278,14.184543,-7.25433,13.6582365,-8.488,7.8997188,-4.8325133,5.101997,-5.8849735,2.072523,-5.665477,-1.3740293,45.918163,20.605175,16.241947,13.118628,11.022476,11.466371,8.644841,7.752399,6.7725773,8.958308,9.253153,6.8976707,7.1962905,7.64652,7.310524,6.652526,7.133382,7.1283092,7.402268,7.0698757,0.54791933,0.5416546,0.49726528,0.44377598,0.47041693,0.42534214,0.36090434,0.34589937,0.34778827,0.33859646,0.36070627,0.4031845,0.30976394,0.3129884,0.29557344,0.2783559,0.29591408,0.30052733,0.27216902,0.25018004,0.24796982,0.22963369,0.2677411,0.25664827,2395.49619173608,532.6548976570265,0.11596868650832043,0.05024394828355757,0.14017272,0.063792855,hiphop,hiphop.00015.wav,c:\Users\darsh\Documents\Codex\2026-04-27\i-am-a-first-year-computer\Data\genres_original\hiphop\hiphop.00015.wav
-88.064995,77.3721,-19.0961,51.575947,-11.776864,22.21098,-4.727707,20.109219,-8.32937,14.603727,-3.8112483,8.5798645,-11.464596,2.1605783,-12.678757,0.39530525,0.9852859,10.532833,7.6297636,4.388356,66.35223,25.984007,24.018879,18.1979,14.735362,14.458288,14.619315,11.495778,11.0034,9.824748,9.983132,9.532536,9.482183,8.381921,9.746313,9.847475,11.158848,11.775074,11.336459,11.488971,0.52126974,0.54656655,0.5543113,0.53799117,0.43505466,0.3926735,0.39478767,0.45054182,0.48825178,0.43575984,0.3984764,0.4521575,0.32985833,0.3070352,0.31294292,0.30019453,0.27200413,0.271411,0.285813,0.3079051,0.31675377,0.2915881,0.2594429,0.28932077,2433.764468111271,775.9287218414906,0.11047967963912539,0.07456631253571229,0.20763418,0.10585967,hiphop,hiphop.00016.wav,c:\Users\darsh\Documents\Codex\2026-04-27\i-am-a-first-year-computer\Data\genres_original\hiphop\hiphop.00016.wav
-76.82371,98.38955,-5.026062,49.33168,-10.2882185,33.286823,-9.96177,17.616522,-12.23127,18.665478,-10.97679,11.510851,-10.490248,6.2619195,-6.977471,2.4990718,-4.895574,5.468563,-1.8260895,0.6364129,49.223385,18.722858,21.350197,12.880726,12.19254,10.999801,9.82445,7.218145,7.192161,7.9078193,7.4958153,7.082974,7.074861,7.4648085,6.592478,6.7252145,6.579488,7.09454,8.012683,7.3178787,0.55472463,0.53470945,0.5223082,0.48792455,0.44218257,0.4515846,0.47847113,0.4645494,0.4748616,0.53211373,0.42919722,0.40122986,0.3148625,0.24343136,0.31658345,0.30228987,0.30980265,0.30485877,0.29418516,0.2644081,0.27658302,0.3196786,0.262208,0.22470179,2144.794528258056,483.74651095113546,0.08034305159152477,0.042375158747532976,0.19142626,0.07137046,hiphop,hiphop.00017.wav,c:\Users\darsh\Documents\Codex\2026-04-27\i-am-a-first-year-computer\Data\genres_original\hiphop\hiphop.00017.wav
-113.496315,68.45945,-15.764092,56.38857,-8.150662,27.04156,-12.364466,20.665415,-12.666251,15.433281,-10.998275,14.049129,-12.502553,7.401503,-13.318547,-0.24479029,-12.045159,3.8187954,-2.6738074,5.6455956,69.83255,40.439167,27.005816,24.14948,19.391945,17.054571,14.927306,11.515971,11.705791,10.590009,10.600343,9.943719,10.139706,8.921069,8.950921,8.385175,9.037479,9.284145,9.767096,11.751197,0.47348675,0.49276522,0.53556436,0.582175,0.61377263,0.56488913,0.44183388,0.35958678,0.332394,0.34419337,0.37903985,0.4229747,0.32601798,0.3171299,0.32412502,0.30260384,0.2922112,0.3032438,0.28834173,0.2774645,0.2648645,0.27066237,0.28731173,0.29971096,2677.639716066268,1001.7041886874554,0.1457859665247678,0.10309311668039683,0.16556409,0.08453144,hiphop,hiphop.00018.wav,c:\Users\darsh\Documents\Codex\2026-04-27\i-am-a-first-year-computer\Data\genres_original\hiphop\hiphop.00018.wav
-64.652565,88.21731,-10.360637,41.79439,-2.56113,22.901436,-6.498876,16.630945,-5.8019123,13.093463,-6.9120083,3.027008,-9.772857,2.3434885,-7.0578547,3.2029796,1.7207859,6.090178,0.37340647,-3.036377,76.24262,27.405857,31.49158,21.553123,16.324394,13.9996605,14.995195,10.8258,12.210014,9.483186,9.441436,8.082056,8.099657,7.5951757,8.413135,8.67469,9.627018,9.377569,9.414795,8.9065895,0.4265965,0.42678985,0.46044803,0.42870432,0.3729691,0.36076507,0.3672766,0.4431435,0.49743775,0.49139673,0.48377472,0.4275166,0.30728906,0.3184197,0.32025266,0.2746357,0.2770718,0.26597005,0.26543334,0.31111357,0.31654987,0.3092846,0.31812873,0.30814394,2470.7222619019626,911.5170347293264,0.10016379341621517,0.05667135463926171,0.22598088,0.10856282,hiphop,hiphop.00019.wav,c:\Users\darsh\Documents\Codex\2026-04-27\i-am-a-first-year-computer\Data\genres_original\hiphop\hiphop.00019.wav
-122.2709,50.584606,-27.789642,66.590706,-6.6044073,32.067585,-8.222272,22.451204,-6.9416556,21.064743,-6.1830845,13.653635,-3.0919616,8.706374,-2.9218123,3.6755152,0.27340898,12.869027,14.640284,15.362202,68.783485,32.296146,28.16377,22.020567,17.187408,12.752777,15.627797,11.356201,12.40293,10.949535,11.094636,9.741327,11.7387495,9.720741,9.960425,10.441229,13.251405,13.462998,14.231512,15.029055,0.39451355,0.3449461,0.36977845,0.4207931,0.44180557,0.5107171,0.5306598,0.5856713,0.65788954,0.6407837,0.5345027,0.45028192,0.23789875,0.227482,0.26243865,0.29526365,0.26606652,0.2672847,0.259388,0.26549375,0.31943345,0.30670562,0.25965562,0.25245437,2677.5983922065384,683.7054743497307,0.10805943728231424,0.07586115513924226,0.1759158,0.07527184,hiphop,hiphop.00020.wav,c:\Users\darsh\Documents\Codex\2026-04-27\i-am-a-first-year-computer\Data\genres_original\hiphop\hiphop.00020.wav
-27.619719,94.3955,-20.580795,49.872005,-14.710575,23.870302,-17.608202,24.036556,-15.884776,16.427292,-10.625279,13.890171,-10.467003,8.20633,-10.300276,5.019436,-5.7496176,10.313242,3.633744,9.231848,38.013866,25.50835,21.940788,17.15304,15.837078,12.2509,11.031384,8.253143,8.253902,7.9953275,7.9417443,6.938962,7.37963,7.5765867,7.433654,8.034008,8.795838,8.748105,9.745631,10.11577,0.36060286,0.3626017,0.37544787,0.4397152,0.4245851,0.4984291,0.64378613,0.5433527,0.4756235,0.38369152,0.3302898,0.32476443,0.26380542,0.257837,0.2618091,0.29640597,0.2578994,0.26331398,0.30285197,0.29328266,0.3202645,0.27887765,0.25320515,0.24614143,2405.583528376153,722.5854381060033,0.11973245815595976,0.06390647200675532,0.24188346,0.073273085,hiphop,hiphop.00021.wav,c:\Users\darsh\Documents\Codex\2026-04-27\i-am-a-first-year-computer\Data\genres_original\hiphop\hiphop.00021.wav
-100.66327,110.21073,1.0357709,38.765923,-14.493542,20.652626,-18.038021,12.568845,-14.1262045,15.102986,-9.241575,11.399988,-9.509009,8.644917,-7.10383,2.9938862,-4.505925,4.69158,-4.1234813,-2.786311,73.55098,29.239843,20.766554,16.48045,12.701584,12.390546,13.830566,10.657744,10.355723,11.037074,9.068445,7.560134,7.788121,7.877643,7.432783,7.3010464,7.7738447,7.230493,7.9369216,7.83747,0.47479272,0.47352222,0.40596548,0.33572742,0.37352833,0.48463842,0.41438237,0.38226563,0.44076708,0.44293293,0.5501565,0.49718085,0.30544803,0.2777578,0.27418968,0.28590497,0.27449864,0.30023035,0.27392232,0.27914786,0.28988066,0.2695326,0.32494193,0.30217245,2025.7166368995138,712.5976695361612,0.0753997708252709,0.05047038128793575,0.1735269,0.07911714,hiphop,hiphop.00022.wav,c:\Users\darsh\Documents\Codex\2026-04-27\i-am-a-first-year-computer\Data\genres_original\hiphop\hiphop.00022.wav
-44.67913,101.19932,-26.271496,52.930775,-11.720016,26.934399,-13.286411,20.705006,-17.487642,11.86239,-10.67016,8.376947,-15.42806,4.8771544,-10.053337,4.5628204,-1.9874165,7.9827633,1.2147529,1.3717062,35.461704,18.271503,14.0766325,9.901903,11.90643,8.425281,9.349391,7.813431,7.1126795,6.6987906,6.87396,6.3935094,6.0897427,6.44442,6.38308,7.0004716,6.235385,6.2575927,6.3846564,6.756424,0.32216367,0.27666342,0.38021109,0.33298373,0.344793,0.48659873,0.4282398,0.6186748,0.42212433,0.4046661,0.29087052,0.26471215,0.28378624,0.23214316,0.26996252,0.23640242,0.22632684,0.3412635,0.20988461,0.34158045,0.26590842,0.31785604,0.25255015,0.22765069,2240.3031802876058,500.9395568396748,0.10668265044504643,0.036043559450827836,0.19052872,0.055666666,hiphop,hiphop.00023.wav,c:\Users\darsh\Documents\Codex\2026-04-27\i-am-a-first-year-computer\Data\genres_original\hiphop\hiphop.00023.wav
-62.994812,86.3237,-37.947296,39.573452,-16.5329,21.116253,-12.255194,13.094143,-12.382426,16.648333,-3.980502,8.853623,-6.3255115,5.704401,-6.310835,2.3043609,-0.86548805,6.517326,4.682213,4.39681,62.715298,24.88715,28.428604,19.54511,18.072832,13.444743,14.617663,9.794256,10.428324,9.59098,9.5104065,8.391784,8.539815,7.4924097,8.940017,9.685539,10.016632,8.778104,9.831813,9.328657,0.31602108,0.33782655,0.38993093,0.3993704,0.42057437,0.50072414,0.5500843,0.5231013,0.5166363,0.4963056,0.389311,0.33054093,0.24399272,0.25589705,0.27148592,0.28549677,0.28715932,0.2841627,0.29652074,0.3001791,0.30390778,0.31311724,0.2683323,0.25278607,2517.747734885853,625.4602322774176,0.13887293198529413,0.05589528601575795,0.17865911,0.08735754,hiphop,hiphop.00024.wav,c:\Users\darsh\Documents\Codex\2026-04-27\i-am-a-first-year-computer\Data\genres_original\hiphop\hiphop.00024.wav
-44.374714,93.37466,-22.270527,48.861946,-13.884773,34.419384,-6.2979827,25.889359,-12.322336,20.435734,-5.749465,11.854348,-11.549436,10.156776,-3.9590342,10.58692,0.8432876,9.21595,1.7228959,-0.23039733,48.097042,24.580204,27.353632,16.152227,14.4933195,11.45851,11.824428,9.6984,8.612302,7.835303,8.353331,7.44167,8.222567,7.216319,8.491697,8.817491,9.306399,9.377478,9.577053,10.140916,0.380508,0.34483683,0.37690705,0.449014,0.52955747,0.5729113,0.5807142,0.6239127,0.67083025,0.61666495,0.50461596,0.43783474,0.2474927,0.23274468,0.23299336,0.24106482,0.27005675,0.29416102,0.27113122,0.26590547,0.2635908,0.27805597,0.2672587,0.25881425,2305.1590945533026,708.7343213944195,0.10742111914667182,0.0677256291383987,0.25156936,0.08563646,hiphop,hiphop.00025.wav,c:\Users\darsh\Documents\Codex\2026-04-27\i-am-a-first-year-computer\Data\genres_original\hiphop\hiphop.00025.wav
-103.22314,30.57212,20.809032,45.81602,9.800678,8.627315,1.6164563,12.33468,0.518665,4.9922223,-2.83595,8.032367,-1.3974612,3.3177278,1.2085942,3.301628,-2.6962645,5.6360793,-0.71495795,2.758796,68.982735,33.79858,29.541006,18.742838,16.754988,15.724353,17.783197,13.559562,12.605888,10.126892,9.347483,9.752363,9.182893,8.524737,7.9466133,8.923558,10.624792,9.571471,11.088241,9.42909,0.48939815,0.45070675,0.48303917,0.47867095,0.47628117,0.49911925,0.48638228,0.5174933,0.47523186,0.4303358,0.43741417,0.48210618,0.32025903,0.29541764,0.32251805,0.3177526,0.2929324,0.29966882,0.276041,0.3069052,0.29951066,0.29074234,0.28681868,0.2817626,3459.980501661103,1023.5769007294937,0.17347174015576625,0.10847894405451698,0.1641434,0.07931353,hiphop,hiphop.00026.wav,c:\Users\darsh\Documents\Codex\2026-04-27\i-am-a-first-year-computer\Data\genres_original\hiphop\hiphop.00026.wav
-109.07124,76.91492,2.592334,19.059637,0.5502822,8.174562,-8.068408,5.9523516,-4.3305674,3.6560757,-1.5556679,2.6334877,2.2520404,2.8522263,-5.210044,5.3580384,-6.1856155,2.2385306,-2.4708722,-5.9738307,65.39089,36.669388,25.831913,17.558628,17.489302,12.077027,14.407409,10.886565,9.662342,10.072029,10.813064,9.855007,10.006581,8.319989,8.925316,9.038988,8.05666,8.042639,7.36254,8.356302,0.53941464,0.54029745,0.5630792,0.4071337,0.3131303,0.29937062,0.32234198,0.32909024,0.33329162,0.40811902,0.49310037,0.58442354,0.3303269,0.3130735,0.32044426,0.28778553,0.26110438,0.25753108,0.277826,0.2717793,0.2590578,0.28317696,0.30003893,0.32951742,2637.4232219262044,1041.274383016124,0.1028002098248839,0.08614413146612777,0.13497086,0.042410493,hiphop,hiphop.00027.wav,c:\Users\darsh\Documents\Codex\2026-04-27\i-am-a-first-year-computer\Data\genres_original\hiphop\hiphop.00027.wav
-83.20265,67.71298,1.2305168,29.658491,12.577921,5.613066,6.211838,8.097905,-4.784866,7.664915,-1.1791575,4.242718,1.9306675,1.0202534,2.38057,3.1090045,-8.059311,1.6720583,-1.6563998,-3.2753487,49.98412,33.095707,27.901907,19.455872,20.239508,16.794523,11.55914,9.600042,13.576299,10.164414,9.630684,7.446639,7.5979176,7.24506,7.3163166,7.8688116,8.283145,7.944232,6.6204205,6.9414625,0.63198155,0.3573032,0.2639221,0.23212546,0.24076149,0.24422088,0.31239712,0.4244916,0.42502767,0.41427925,0.42585108,0.5231764,0.35502875,0.24786563,0.23869738,0.22674787,0.22962163,0.23541377,0.27394804,0.33122867,0.30257526,0.301301,0.29233152,0.29297364,2774.871060337549,928.1815504203311,0.11459341137770898,0.06609017868168536,0.15452561,0.035400257,hiphop,hiphop.00028.wav,c:\Users\darsh\Documents\Codex\2026-04-27\i-am-a-first-year-computer\Data\genres_original\hiphop\hiphop.00028.wav
-72.5143,57.03795,5.94839,25.904427,6.6623893,11.494862,5.109201,10.105276,0.9503965,8.6856165,-1.6870507,5.997685,0.14304203,4.966505,-2.012679,6.097602,0.09555143,4.1566687,0.25136533,5.891547,51.718605,32.713875,23.729914,15.600058,11.082731,11.545168,10.646949,10.751652,8.704623,8.881431,7.0756297,7.3652143,7.4828258,6.523444,6.4639206,7.050756,7.187183,7.287014,6.8831983,7.1361375,0.3648528,0.3830251,0.3614868,0.44854355,0.5145345,0.3790564,0.39667216,0.46671194,0.5853396,0.5046638,0.45657146,0.4248075,0.26959524,0.30383,0.27193838,0.29024684,0.3426882,0.25039923,0.27533853,0.28876182,0.3583891,0.3299712,0.2886908,0.2857046,3131.3432607004365,967.4319987942074,0.11568637529024768,0.07801600889525717,0.16638106,0.055529628,hiphop,hiphop.00029.wav,c:\Users\darsh\Documents\Codex\2026-04-27\i-am-a-first-year-computer\Data\genres_original\hiphop\hiphop.00029.wav
-23.794031,43.71694,30.55069,26.501972,4.336693,21.913748,2.576287,6.990405,-1.4965211,4.5822825,0.41704255,2.464586,-4.074756,-2.0174925,-3.5647283,-0.12832612,-2.4766893,-1.0378424,-4.7686734,-2.6154187,37.7448,17.078474,16.220324,11.596156,11.013557,8.774527,8.259902,6.045492,7.240525,5.959511,5.6807756,4.894308,5.21918,5.511228,4.942341,4.461874,4.516287,4.069526,3.9237518,4.0756125,0.6903629,0.60305,0.49251446,0.4927018,0.49563193,0.5282262,0.5374239,0.5292743,0.4735012,0.49643597,0.5522765,0.57933515,0.2867471,0.23040225,0.21324894,0.23333856,0.22949827,0.24664193,0.24745719,0.27744937,0.2515165,0.28715262,0.26762304,0.22590183,3724.7745542619245,525.3961254291329,0.1727574587606424,0.047966378113796934,0.19396807,0.029408649,hiphop,hiphop.00030.wav,c:\Users\darsh\Documents\Codex\2026-04-27\i-am-a-first-year-computer\Data\genres_original\hiphop\hiphop.00030.wav
-25.108788,60.825592,-4.1871734,14.848388,6.795023,6.0983334,15.451298,3.7847345,5.6598086,10.247507,0.8633308,4.1838894,0.9262049,3.2527385,0.21559039,2.6983185,0.70473063,0.89628994,0.3617592,-0.0064073685,37.16967,23.06752,19.167852,19.551699,11.157302,11.586028,11.313521,12.16493,9.625911,8.617062,8.506383,8.246319,7.9707294,8.26737,7.4616604,7.3667974,7.9436145,7.237203,6.8706417,7.551021,0.43892425,0.41009587,0.4578365,0.40187454,0.4990417,0.4777412,0.37371677,0.46648687,0.5463936,0.6818477,0.54748183,0.4567078,0.27813664,0.2588971,0.3000127,0.25394154,0.28814897,0.29263327,0.21922688,0.2827327,0.26640388,0.2874021,0.2820407,0.28458005,3084.823804546642,744.9798253617553,0.13644361938854488,0.0803616944853105,0.21307458,0.059878297,hiphop,hiphop.00031.wav,c:\Users\darsh\Documents\Codex\2026-04-27\i-am-a-first-year-computer\Data\genres_original\hiphop\hiphop.00031.wav
-148.12134,90.56765,-0.27532327,28.855238,19.306164,15.245029,4.2814665,15.519956,1.2726043,11.129077,8.849078,6.316172,1.631252,1.4264011,-3.4119387,1.1954081,-0.7235132,0.7817317,-0.45094877,1.7203566,68.425766,36.9411,24.763544,19.425903,15.973498,13.213865,9.879151,8.779977,9.2984,8.812636,9.362671,8.5815115,6.393073,6.4456325,5.7986217,5.8417187,6.215322,6.57964,6.5563693,8.156796,0.5252238,0.54530656,0.48688838,0.4984973,0.50874686,0.44167832,0.4742636,0.42628965,0.47757867,0.42958128,0.41411015,0.47579932,0.32199973,0.29122007,0.29720852,0.30635998,0.30516782,0.27690676,0.3088288,0.26820308,0.28258333,0.29571816,0.28137302,0.2928225,2145.890945678912,975.1660857035462,0.07872191436531008,0.06621472635301993,0.13448663,0.07220633,hiphop,hiphop.00032.wav,c:\Users\darsh\Documents\Codex\2026-04-27\i-am-a-first-year-computer\Data\genres_original\hiphop\hiphop.00032.wav
-31.93763,59.89348,-2.7075214,33.514893,13.086964,9.461902,-1.6719099,14.184528,3.138348,6.803654,1.16956,3.8993716,1.6967894,1.254311,-1.4599715,-0.16600098,-1.5947375,1.8287376,1.5520314,-2.3023357,48.842552,34.05498,24.534782,22.87427,16.439636,12.553874,13.79627,9.110175,9.751841,8.646197,8.799848,7.784495,6.9302053,6.3833814,7.4788494,6.759282,6.4444113,6.162927,6.164783,5.6250205,0.47040325,0.50187105,0.5407397,0.5889769,0.5379672,0.58329356,0.49586493,0.40567875,0.4448596,0.44247437,0.5158273,0.47596112,0.2781399,0.23844454,0.26735657,0.31522474,0.28019392,0.2942118,0.26588494,0.25399366,0.2676765,0.25118363,0.27422526,0.30261412,2982.0828218625525,913.5862642526649,0.15224662284732973,0.08798248443422266,0.21436137,0.055545572,hiphop,hiphop.00033.wav,c:\Users\darsh\Documents\Codex\2026-04-27\i-am-a-first-year-computer\Data\genres_original\hiphop\hiphop.00033.wav
5.8419895,53.237312,-8.979136,26.946,0.44115087,15.555138,1.657118,7.6658325,4.9847784,8.606436,3.414468,8.525943,1.1329908,4.909482,0.8620598,3.4024034,-2.8807526,2.7900436,-1.7171189,-0.27817854,31.482647,17.3067,15.363962,12.1081295,12.774593,8.64664,10.201859,7.9253855,8.290642,8.147735,6.4360194,6.880337,6.1439133,5.898453,6.117358,6.245288,6.4371133,6.5945826,7.100242,7.474049,0.44533953,0.4711779,0.48211443,0.5124897,0.5016035,0.48633832,0.455243,0.43672803,0.45974714,0.4307071,0.49949944,0.45778757,0.27924675,0.28558818,0.27208984,0.28027216,0.28740475,0.28902638,0.28861496,0.2833868,0.30390936,0.27138966,0.2984055,0.2736835,3191.1765117370255,509.2171792700731,0.16916602167182662,0.05688144857263324,0.22781995,0.052785654,hiphop,hiphop.00034.wav,c:\Users\darsh\Documents\Codex\2026-04-27\i-am-a-first-year-computer\Data\genres_original\hiphop\hiphop.00034.wav
-100.91944,64.29094,12.551603,26.481697,12.40743,12.13596,2.469894,18.496998,1.505779,12.0577135,-1.4862083,6.7316265,3.8606362,3.0960424,1.7575846,4.5550957,-2.365775,5.4360013,2.7719078,3.7227254,55.59692,32.155758,27.244965,15.415122,18.12053,11.33514,11.981148,9.84659,9.3875,9.948853,8.66597,8.191796,8.077935,7.674782,7.3757424,6.5403004,6.5534625,7.103508,6.6468167,6.540004,0.5845925,0.48605743,0.39670843,0.33250338,0.34283987,0.38702345,0.48193142,0.53508246,0.6569204,0.75617427,0.7163575,0.66978705,0.27147713,0.24652007,0.23125567,0.23128696,0.24267751,0.27064595,0.2662143,0.23771513,0.24006206,0.27885202,0.27615425,0.2661494,2825.5302060644444,1049.2097386529208,0.10329945094814241,0.09464071940812725,0.19127107,0.09198521,hiphop,hiphop.00035.wav,c:\Users\darsh\Documents\Codex\2026-04-27\i-am-a-first-year-computer\Data\genres_original\hiphop\hiphop.00035.wav
-220.95444,41.13651,-13.99925,33.61879,12.183349,13.665729,5.9543242,7.631933,5.290375,10.4727125,4.765573,6.5006533,6.4908986,5.4590783,2.5724356,-1.635883,-1.5488938,3.0862727,4.928209,3.715603,161.82425,42.50718,29.57166,21.479437,15.6594305,11.4319315,10.34677,9.845221,8.900037,9.96902,9.266538,9.17057,9.571381,9.056477,7.894312,7.418587,7.2618966,7.632878,8.562232,10.635023,0.4265785,0.40974402,0.51291984,0.6125114,0.4590283,0.42909783,0.44083408,0.52619404,0.6416675,0.661984,0.62784576,0.47703522,0.2563088,0.25024992,0.29831728,0.31556886,0.26156616,0.2555361,0.2301141,0.23847464,0.29959905,0.28462863,0.24896504,0.2551572,2960.013105340155,1213.5007504894984,0.12089987362132353,0.10113699469978117,0.08916087,0.06418156,hiphop,hiphop.00036.wav,c:\Users\darsh\Documents\Codex\2026-04-27\i-am-a-first-year-computer\Data\genres_original\hiphop\hiphop.00036.wav
-96.6639,30.600752,2.5303547,12.69253,-10.973727,-2.1038084,-3.6324108,-7.5899434,-5.3217125,-0.68403137,-4.1489954,-3.1092334,-4.8592544,-3.0990717,-4.161172,-2.563374,-3.4825435,-0.34579775,-2.8692477,2.3299165,82.456406,43.820393,36.617325,22.321945,21.059551,20.724758,16.204546,12.634672,12.221342,10.056899,9.759945,9.146881,9.255911,8.772153,9.506991,9.123918,9.827826,9.270712,12.898343,12.321578,0.40668952,0.431601,0.45290017,0.36940676,0.36950153,0.4096648,0.3917788,0.48391497,0.4099034,0.35442984,0.41972828,0.40862244,0.30451545,0.32898113,0.3370084,0.2907433,0.28678423,0.31266826,0.2876546,0.3398101,0.31230113,0.29643205,0.32843181,0.3013559,3770.0765106624654,1320.648512041558,0.21284149453366874,0.1213583212169293,0.15945259,0.1313063,hiphop,hiphop.00037.wav,c:\Users\darsh\Documents\Codex\2026-04-27\i-am-a-first-year-computer\Data\genres_original\hiphop\hiphop.00037.wav
-62.8069,72.1019,-16.114138,27.418505,5.5609536,1.821428,3.9023924,8.463778,-2.0074487,5.825009,0.15586376,-0.30150035,-0.6675375,-1.4833,-0.06580478,3.2086806,0.66973525,1.12439,-0.9367661,-3.0775099,142.3813,32.564705,27.330652,24.232086,16.415352,16.67856,11.5949335,12.580564,11.717568,9.6819,10.209535,9.220075,8.627396,8.404018,7.346252,7.2022614,7.1242957,6.832883,6.8932695,7.7647095,0.29257774,0.27934727,0.38540187,0.3062435,0.33356854,0.43795493,0.47193715,0.48045164,0.43394002,0.528318,0.4777049,0.35359994,0.27332124,0.24474795,0.29272363,0.24329312,0.27317294,0.33546716,0.30516428,0.3277454,0.30545735,0.33934858,0.3206787,0.2885377,2202.2948946843676,866.3593142520537,0.09668724603328173,0.05123288030193029,0.2692118,0.13875258,hiphop,hiphop.00038.wav,c:\Users\darsh\Documents\Codex\2026-04-27\i-am-a-first-year-computer\Data\genres_original\hiphop\hiphop.00038.wav
-121.61006,76.91941,29.013481,9.935919,3.1737647,5.175322,4.968313,-1.0265123,1.1707611,2.1393538,3.117648,1.1366775,-0.78206104,-4.9822216,-0.12525722,-4.5053763,-2.1900976,-1.3730917,-3.1559749,-7.364276,94.127655,38.56451,34.490295,22.391464,17.696764,18.897152,16.555487,15.068524,13.896665,12.845072,10.924739,11.051312,8.37002,8.642479,8.453901,8.103963,8.428648,8.629193,10.1479,9.914599,0.4363279,0.40017343,0.40943152,0.41104394,0.38353246,0.37307274,0.35404035,0.40637788,0.33794573,0.39191806,0.40940574,0.3673785,0.33914134,0.30038682,0.3238636,0.31735882,0.3273165,0.3488763,0.31558347,0.3427313,0.28346178,0.31798205,0.30881104,0.2858048,2706.6714628489012,1254.5204610595217,0.1125715037248452,0.10571356898252686,0.18296981,0.094229,hiphop,hiphop.00039.wav,c:\Users\darsh\Documents\Codex\2026-04-27\i-am-a-first-year-computer\Data\genres_original\hiphop\hiphop.00039.wav
-185.25148,96.74281,44.600403,13.892823,6.0146594,-2.9065557,3.261851,-9.664786,-3.6485925,5.251207,-0.9549688,7.687712,6.0880246,-0.112322025,0.5732216,0.50927204,-5.8695807,-5.4587727,-3.0603397,-4.7819695,99.84675,46.108784,27.204323,17.566126,15.725666,15.444996,14.3294,11.929173,11.871568,11.988898,11.212322,11.409919,10.157899,10.5873375,8.852038,9.486387,9.547836,9.476263,9.331112,11.18775,0.24407701,0.4159742,0.33375126,0.52781504,0.32463974,0.33601695,0.41474792,0.30629215,0.28799212,0.2643569,0.3538686,0.3614872,0.20420222,0.358121,0.24867693,0.37162465,0.2607737,0.28861874,0.3289579,0.2916822,0.31651837,0.27701032,0.27213156,0.31649837,2431.6745536158296,1439.2687543374525,0.10152508526025542,0.11565550089439311,0.13060717,0.104413696,hiphop,hiphop.00040.wav,c:\Users\darsh\Documents\Codex\2026-04-27\i-am-a-first-year-computer\Data\genres_original\hiphop\hiphop.00040.wav
-76.582634,68.337524,-0.9878047,30.346247,3.6340492,5.2012157,3.2781923,2.9408545,5.555166,4.673672,4.3292913,3.4459429,2.8557053,1.4406078,-2.3228574,-2.6037674,-5.0569625,-3.9807496,-5.5648823,-0.00071191933,66.9845,33.588375,21.26101,21.591845,20.357887,13.145745,12.375168,12.832703,11.322875,8.873826,8.615429,8.953441,8.662197,7.829439,8.714492,7.9166327,7.687717,8.46155,9.617619,8.963013,0.40686893,0.4707158,0.42924896,0.36301306,0.4005357,0.40274614,0.4424349,0.5180116,0.5340588,0.4394336,0.33734623,0.3553955,0.2906064,0.32861724,0.3111657,0.28136748,0.28487867,0.28318748,0.29168367,0.33488417,0.32301924,0.29481608,0.25459895,0.2728187,2708.8083141428915,841.0745355555416,0.12015460223974458,0.06731346206888379,0.18603957,0.10656504,hiphop,hiphop.00041.wav,c:\Users\darsh\Documents\Codex\2026-04-27\i-am-a-first-year-computer\Data\genres_original\hiphop\hiphop.00041.wav
-74.35975,48.817753,4.047643,35.84637,12.4972315,13.47496,9.024468,12.56751,2.486558,12.132177,9.134347,3.9287133,4.571033,1.3762095,3.193234,4.332538,-4.2572207,2.8328748,2.6930997,2.7469275,65.942795,33.81038,27.423513,18.166897,16.191095,12.7323475,12.856594,11.586715,10.960347,10.080534,9.767495,9.001749,11.080639,9.668824,9.818512,10.135738,8.116825,9.854315,11.27174,10.612316,0.4268149,0.49509418,0.6586375,0.7593486,0.59080493,0.45080477,0.36822778,0.37191203,0.34221637,0.3022711,0.28750062,0.33237162,0.23407803,0.22763962,0.27641353,0.29653266,0.2354672,0.25238174,0.27068582,0.32447374,0.31009787,0.26533732,0.22944981,0.2183226,2908.796471318714,996.9112028804341,0.10257420967976007,0.07562321148987147,0.24808368,0.091053896,hiphop,hiphop.00042.wav,c:\Users\darsh\Documents\Codex\2026-04-27\i-am-a-first-year-computer\Data\genres_original\hiphop\hiphop.00042.wav
-155.63774,113.65833,-4.0242286,18.278229,13.483908,8.251857,8.810651,11.110943,8.910264,10.224346,6.1002116,9.738549,9.320228,2.259448,2.8474395,7.5475535,-2.662322,0.91734827,0.44310457,0.7698159,70.705635,40.328003,23.976603,18.103622,12.783439,12.088475,11.3214855,10.5992155,10.968831,8.611611,8.039099,8.74047,6.4183974,6.8393626,6.860639,7.5598793,7.4722686,6.7198105,6.2636056,6.6446934,0.423795,0.43223897,0.3202175,0.403343,0.6414913,0.35447952,0.31008527,0.40819907,0.5463397,0.65830535,0.45176074,0.39236742,0.27271867,0.30909982,0.23643872,0.24694832,0.32324523,0.23272061,0.24936888,0.27415588,0.3241517,0.31668964,0.2780314,0.2536732,1834.8226201664872,950.3819455444237,0.06156538735971362,0.039680252917284414,0.13564475,0.0889286,hiphop,hiphop.00043.wav,c:\Users\darsh\Documents\Codex\2026-04-27\i-am-a-first-year-computer\Data\genres_original\hiphop\hiphop.00043.wav
-267.52255,77.79211,-18.189768,18.888138,1.9943973,-7.5887733,4.7138777,-7.6983323,-10.356959,10.975267,-2.8659422,-5.7574377,2.347153,-7.099608,0.4050518,-1.8043371,-8.364889,-3.0725448,-4.3998694,-1.651445,88.57857,44.952805,40.02318,18.980719,15.922312,18.597517,14.517775,12.047398,11.214598,13.258368,10.719503,12.096488,10.129297,8.9200535,9.211523,9.626239,9.720431,9.622715,8.763575,10.601268,0.30715135,0.27871415,0.34691584,0.30558726,0.36296314,0.3308724,0.43310288,0.41951346,0.36703146,0.42929578,0.3317053,0.35364288,0.27750647,0.25131997,0.34076163,0.27444345,0.3001083,0.27471358,0.30122954,0.32708907,0.28837362,0.33637297,0.2550995,0.3010116,2548.7636099360616,1061.7042924112307,0.14338613220781735,0.09255537616275325,0.038039632,0.03186978,hiphop,hiphop.00044.wav,c:\Users\darsh\Documents\Codex\2026-04-27\i-am-a-first-year-computer\Data\genres_original\hiphop\hiphop.00044.wav
-121.61006,76.91941,29.013481,9.935919,3.1737647,5.175322,4.968313,-1.0265123,1.1707611,2.1393538,3.117648,1.1366775,-0.78206104,-4.9822216,-0.12525722,-4.5053763,-2.1900976,-1.3730917,-3.1559749,-7.364276,94.127655,38.56451,34.490295,22.391464,17.696764,18.897152,16.555487,15.068524,13.896665,12.845072,10.924739,11.051312,8.37002,8.642479,8.453901,8.103963,8.428648,8.629193,10.1479,9.914599,0.4363279,0.40017343,0.40943152,0.41104394,0.38353246,0.37307274,0.35404035,0.40637788,0.33794573,0.39191806,0.40940574,0.3673785,0.33914134,0.30038682,0.3238636,0.31735882,0.3273165,0.3488763,0.31558347,0.3427313,0.28346178,0.31798205,0.30881104,0.2858048,2706.6714628489012,1254.5204610595217,0.1125715037248452,0.10571356898252686,0.18296981,0.094229,hiphop,hiphop.00045.wav,c:\Users\darsh\Documents\Codex\2026-04-27\i-am-a-first-year-computer\Data\genres_original\hiphop\hiphop.00045.wav
-75.66786,91.0224,9.864941,25.09408,11.801716,10.166983,0.124580994,8.227129,1.6348945,0.4970397,1.8070879,5.4929857,1.2929039,1.1345568,-1.1895077,0.37554055,-1.2076176,-2.0606055,-1.2071042,-2.6347067,68.09415,32.857822,26.29071,16.031164,14.846216,10.477046,10.596505,10.059565,9.832693,9.56161,7.902063,8.635907,7.7839127,6.5375085,8.281542,6.328939,7.8334317,5.6970124,5.347122,6.244741,0.53666997,0.50146043,0.48201343,0.5023898,0.5397164,0.51875466,0.4263271,0.40768498,0.45022485,0.5171728,0.52955896,0.49414498,0.29566017,0.28681815,0.28815892,0.28367627,0.28025952,0.28656855,0.26665884,0.2733692,0.27297083,0.29919907,0.30823198,0.27764615,2306.786333638483,950.7111313771452,0.09149226610874613,0.06355147160209093,0.2280169,0.13402128,hiphop,hiphop.00046.wav,c:\Users\darsh\Documents\Codex\2026-04-27\i-am-a-first-year-computer\Data\genres_original\hiphop\hiphop.00046.wav
-76.64228,52.776497,34.640076,26.187645,16.660328,11.346408,5.853892,6.9042377,3.664476,-0.960427,3.8758972,4.4879446,0.63659954,5.4337535,4.1940684,0.8124227,1.6306314,0.69435334,-2.806063,-3.4109476,60.19556,27.307049,22.929039,17.25598,15.96769,13.545154,11.416583,11.974951,10.630727,10.127743,9.545592,8.758479,8.572313,8.155784,7.3958845,7.171564,6.8126125,6.143456,5.6969976,6.4861217,0.3788105,0.37046027,0.3883917,0.4102239,0.48056445,0.5237683,0.5399743,0.56931216,0.53060377,0.44355354,0.3777455,0.37946668,0.28823537,0.27800027,0.2798027,0.25730756,0.28324482,0.31106055,0.30759662,0.32529652,0.33157706,0.32950318,0.29343548,0.3003967,3236.2092131808367,1133.6684811878556,0.10935685952012383,0.09608074842083754,0.24710079,0.1208832,hiphop,hiphop.00047.wav,c:\Users\darsh\Documents\Codex\2026-04-27\i-am-a-first-year-computer\Data\genres_original\hiphop\hiphop.00047.wav
-87.680786,79.37558,25.071247,45.16531,11.199144,18.170174,3.5208578,6.9955754,1.2674153,2.3607879,-1.7764663,-0.012601835,-2.7059743,-0.488284,-5.2594147,-3.8652692,-2.5075834,-4.6821017,-4.984883,-4.4234257,94.37095,31.304096,19.393,16.686323,11.886375,8.820121,8.264765,6.5303,7.627761,7.5107837,6.4804163,5.1833425,5.4861174,4.9394984,5.2519207,4.796624,5.181367,4.3778734,4.274146,4.8281326,0.3214667,0.2855902,0.27935314,0.36181757,0.5339646,0.49250457,0.45296305,0.46117267,0.46688247,0.5874323,0.44257432,0.3104564,0.24600387,0.21683434,0.21608593,0.24960357,0.3522649,0.29184556,0.32544485,0.32765788,0.26443693,0.3504455,0.26165134,0.23002794,2344.385703637443,925.8832945426167,0.07745040090460527,0.048858479858739,0.23021632,0.111451894,hiphop,hiphop.00048.wav,c:\Users\darsh\Documents\Codex\2026-04-27\i-am-a-first-year-computer\Data\genres_original\hiphop\hiphop.00048.wav
-44.555233,41.6235,29.91263,51.863686,12.875628,13.724889,7.962605,9.290234,8.388368,1.899423,1.1413115,4.564992,5.5246224,1.3144535,2.3494503,-0.7992,-4.252003,-3.5728974,-3.835539,-4.442142,51.49867,23.79746,23.860807,17.284801,17.225433,10.67578,13.80796,9.303301,10.852764,8.303099,8.933683,8.107921,7.3048534,6.1039004,5.7904835,5.8527565,6.3878202,5.7652106,6.6621885,6.8544564,0.50144476,0.5058047,0.48425698,0.44040117,0.40572762,0.3978329,0.38206965,0.418212,0.5198115,0.62861544,0.57795215,0.54663306,0.28659973,0.28752783,0.28828084,0.28703293,0.27714756,0.30137423,0.24507336,0.26320073,0.26694998,0.31880957,0.2821815,0.275813,3084.4973664314452,791.9376028550727,0.10872005309113777,0.05845284458069472,0.28883296,0.07705596,hiphop,hiphop.00049.wav,c:\Users\darsh\Documents\Codex\2026-04-27\i-am-a-first-year-computer\Data\genres_original\hiphop\hiphop.00049.wav
-114.06302,110.11895,17.930183,37.930096,27.968828,1.4038033,15.55362,1.4255452,7.354289,-3.3255098,8.241861,-0.18475705,0.6828673,3.3338144,-2.4720285,0.75097793,-4.847811,-2.3932738,-3.29144,-4.6098485,66.248764,34.96847,28.098366,17.632345,17.87906,14.11875,12.914232,10.660193,9.562906,10.249956,9.155342,8.048259,8.844851,7.503192,6.8931417,6.3963084,6.2185445,6.6397715,6.764444,6.7461495,0.4206412,0.40918192,0.39060652,0.47491536,0.4584747,0.4609751,0.43126023,0.4102898,0.388368,0.3915144,0.45558813,0.43265015,0.32051054,0.31112927,0.28612363,0.3230648,0.30981302,0.33143082,0.30087715,0.29937446,0.27004296,0.2814743,0.3369746,0.3221968,1683.7287656142807,805.7876609404717,0.04244418779024768,0.031010006967336638,0.27364036,0.1028743,hiphop,hiphop.00050.wav,c:\Users\darsh\Documents\Codex\2026-04-27\i-am-a-first-year-computer\Data\genres_original\hiphop\hiphop.00050.wav
-78.71352,73.09978,21.83404,49.21601,3.1142888,18.307453,1.8565904,8.398898,1.4257843,4.2191653,-1.3232716,1.2506558,-3.0139785,1.7983278,-1.8407835,-0.99266994,-1.9069359,-2.634608,-4.791962,-4.8620996,70.4662,39.064484,31.269009,18.609392,16.180328,10.321462,10.375552,8.414217,8.3640995,8.959476,7.1286097,7.502865,7.210121,6.3779664,6.2991548,6.544032,7.4945364,7.315487,6.357427,6.6093073,0.39947903,0.37700796,0.4189202,0.47367004,0.4661672,0.3307982,0.288523,0.3190393,0.3204565,0.45852712,0.44665658,0.42395937,0.31142002,0.29361302,0.29434866,0.34534726,0.3350236,0.27024326,0.24364465,0.25908569,0.25018758,0.36240524,0.29772645,0.30374244,2500.521404911738,1116.1502094814075,0.09951791674729102,0.08669220888120782,0.24401791,0.08709159,hiphop,hiphop.00051.wav,c:\Users\darsh\Documents\Codex\2026-04-27\i-am-a-first-year-computer\Data\genres_original\hiphop\hiphop.00051.wav
-146.51694,81.558525,31.962297,22.430374,5.0983553,13.628087,6.495129,8.408917,4.438316,5.010662,1.8354231,2.8645813,4.5268016,3.8527682,1.3351526,1.230336,0.5773533,-0.1709411,-0.659073,-0.088919446,69.752174,34.431755,22.142778,14.582527,13.3078165,10.717813,10.252351,9.907332,9.103992,8.220083,7.205781,6.194383,6.845435,7.2093716,6.83778,6.986649,6.728555,5.436564,5.661859,6.4944186,0.528315,0.42520136,0.4432868,0.43859646,0.35621002,0.37858385,0.36617047,0.3749043,0.42087075,0.50967044,0.6311762,0.6637934,0.28296056,0.2652779,0.29943734,0.33248818,0.2650114,0.28634992,0.24313113,0.24645963,0.26798376,0.31386474,0.2987336,0.2795402,2595.782821610755,1172.142342201159,0.08231280536474458,0.06507038333973547,0.10996669,0.040237013,hiphop,hiphop.00052.wav,c:\Users\darsh\Documents\Codex\2026-04-27\i-am-a-first-year-computer\Data\genres_original\hiphop\hiphop.00052.wav
-144.97781,66.67153,44.280052,22.528505,6.5213594,8.85033,11.895541,5.837181,3.0436742,6.451863,3.56229,2.522852,3.8309376,3.7200966,6.821516,5.0689015,0.4771591,1.0826528,1.956073,-0.07564606,81.033455,33.435318,25.33791,21.362127,15.051017,11.236085,11.664547,9.461426,8.862309,9.821227,8.828681,7.9310784,7.534891,7.0413585,7.7477508,9.020554,7.264429,6.0974283,7.405087,6.148591,0.5522601,0.47318885,0.44863844,0.4703817,0.44484362,0.46077716,0.4017023,0.50051355,0.60740364,0.5618932,0.59470403,0.566359,0.29908797,0.27207732,0.27916017,0.30245575,0.28374583,0.30288556,0.24725035,0.2639634,0.27841917,0.26318488,0.30428854,0.28952906,3079.1103340087907,1147.6506742484228,0.10707796173568111,0.07020433641296625,0.10891584,0.037407216,hiphop,hiphop.00053.wav,c:\Users\darsh\Documents\Codex\2026-04-27\i-am-a-first-year-computer\Data\genres_original\hiphop\hiphop.00053.wav
-104.715996,64.0346,28.791668,10.54608,15.168903,13.066784,8.023293,5.2342043,6.73682,5.1248503,4.4460244,4.464318,3.354734,2.422061,0.18586996,-1.5202584,-2.5679927,-1.1960529,-2.1893506,-1.8801897,55.469826,25.641308,24.781963,15.820549,14.228209,9.50842,10.8258705,10.641252,9.402884,8.065819,8.17053,7.4278355,8.288964,6.5305305,6.6906676,6.1578145,5.9962096,5.2800784,5.31854,5.7728624,0.56526846,0.5088657,0.41812116,0.37020043,0.36655888,0.37628955,0.4141138,0.4409992,0.44182462,0.44273588,0.49032432,0.528418,0.3055224,0.3106051,0.30657905,0.28459606,0.28197393,0.28197655,0.2954797,0.2889313,0.29723057,0.30536744,0.30557808,0.29264665,3258.7937668169607,915.2901063183955,0.12631934198432662,0.07736549532802195,0.124151625,0.04310353,hiphop,hiphop.00054.wav,c:\Users\darsh\Documents\Codex\2026-04-27\i-am-a-first-year-computer\Data\genres_original\hiphop\hiphop.00054.wav
-161.4768,104.041115,-10.936409,43.69308,13.973775,14.462216,7.5062613,9.4815645,6.4391675,6.9952273,1.3608631,4.4386225,-2.926756,-3.2144325,0.04458486,4.159957,-6.4395256,-4.9638324,-4.2142115,-2.2782378,53.415874,27.449621,19.859287,14.9085655,13.810039,11.107328,12.492292,7.5721135,7.4167595,7.9309063,7.444611,8.498783,6.018054,6.3445835,5.9195666,7.1520114,7.79482,6.4083557,6.640077,5.774974,0.2788368,0.37668052,0.4515439,0.58528215,0.56272763,0.44963115,0.40959054,0.3310117,0.27987573,0.28151265,0.36243284,0.3187797,0.20847854,0.30149868,0.2661547,0.35793227,0.34953812,0.3288927,0.3131468,0.26752406,0.2567899,0.27352113,0.3275964,0.25559434,1735.5854903743884,724.7276209750005,0.07250031745839783,0.05482965274746658,0.1337594,0.07005619,hiphop,hiphop.00055.wav,c:\Users\darsh\Documents\Codex\2026-04-27\i-am-a-first-year-computer\Data\genres_original\hiphop\hiphop.00055.wav
-101.081245,72.40871,-2.374791,46.051167,5.5450935,24.215149,3.540355,14.531002,5.654686,13.53511,4.972193,9.905891,2.9368954,-2.9988053,-1.2425075,2.3058746,-2.8192255,1.7559552,0.85589564,-4.3526983,53.63343,21.017982,22.240034,14.864915,12.355088,9.200353,9.165765,8.280829,9.175775,9.760336,7.3363614,7.3510385,7.1227355,8.284627,6.6534286,5.8814287,5.365805,6.5834985,5.9499116,6.9998326,0.47904897,0.39339167,0.3623459,0.40715745,0.4929555,0.57167155,0.55199087,0.52216065,0.49316567,0.52117956,0.5465452,0.5585528,0.30009446,0.22596075,0.19659941,0.24216592,0.28881148,0.3378555,0.2975314,0.26520297,0.25219592,0.3289424,0.3270431,0.33956796,2355.621296823601,596.0906387649645,0.07013033934791021,0.03323799871690147,0.16661067,0.041790657,hiphop,hiphop.00056.wav,c:\Users\darsh\Documents\Codex\2026-04-27\i-am-a-first-year-computer\Data\genres_original\hiphop\hiphop.00056.wav
-113.628265,87.07087,-0.6380835,52.25518,19.377625,19.676193,15.387045,13.71075,6.951093,9.07707,7.965796,4.412705,-0.15473133,-0.43290403,0.22154203,-0.83721715,-2.17967,-1.9916911,-4.4428053,-4.3010197,62.04765,22.690346,22.490751,13.245677,11.710488,9.653486,9.199823,8.307735,6.206437,7.24303,6.495556,7.596911,8.029611,7.6352897,5.192837,6.1265163,7.4945936,6.6777716,5.9983497,7.289295,0.20128834,0.20914216,0.29343534,0.39400557,0.41816565,0.35121033,0.44629374,0.6297242,0.65768605,0.602459,0.36765856,0.23699448,0.21646093,0.20994452,0.28186816,0.34529722,0.32390893,0.21088575,0.22638029,0.32795596,0.29821658,0.32755914,0.21798891,0.20219344,1811.0907893923022,642.8018077248835,0.05145433738873839,0.03853808811820523,0.22475857,0.06414906,hiphop,hiphop.00057.wav,c:\Users\darsh\Documents\Codex\2026-04-27\i-am-a-first-year-computer\Data\genres_original\hiphop\hiphop.00057.wav
-109.83064,63.104633,-13.840905,43.019493,6.142044,23.18746,8.019649,10.65603,0.9803228,5.321308,-1.832165,-1.4251207,-1.8639747,-3.1835,-4.740081,-3.8052502,-5.5368443,-3.185932,-3.2629235,-3.928107,68.57036,29.455761,24.88385,18.011915,14.847526,11.900576,12.967462,11.127409,9.541053,9.588413,8.870634,8.2996855,7.314714,6.8275285,6.397384,6.4476104,5.335233,5.099758,5.349653,5.8768487,0.50541556,0.5013134,0.47637865,0.44594723,0.47719157,0.43457434,0.44941372,0.5068961,0.54253703,0.6284096,0.58256716,0.52303183,0.2918159,0.29923204,0.27996248,0.254477,0.2875591,0.27293885,0.26242703,0.28873608,0.2718767,0.29969844,0.27210814,0.26876074,2676.5339159173477,981.7114337126721,0.13613863257062694,0.09681372924227465,0.13039982,0.06643223,hiphop,hiphop.00058.wav,c:\Users\darsh\Documents\Codex\2026-04-27\i-am-a-first-year-computer\Data\genres_original\hiphop\hiphop.00058.wav
-133.22668,93.950745,-2.2413454,50.195454,12.518455,15.036698,11.511907,10.2486,7.9517236,10.803761,1.9746124,5.1986346,1.0662619,2.1747072,-1.5162952,-0.4487204,-2.4607768,-3.8682592,-1.7064383,-2.774622,57.827538,29.777546,25.978767,16.91518,14.374125,10.840813,12.258594,8.8852415,7.94367,10.379897,7.181796,6.264848,6.307883,6.0656824,6.5441794,6.0639043,6.039652,6.183638,5.887603,6.0461583,0.52693224,0.45214748,0.44613424,0.47264355,0.54876447,0.6857482,0.5459302,0.4487031,0.45328316,0.50337976,0.45507014,0.4560956,0.3158297,0.25453243,0.26120543,0.26655954,0.25377333,0.3263722,0.23968843,0.24127541,0.251565,0.30589694,0.240078,0.28107375,1949.3068336318568,808.7427180036368,0.06300302038989938,0.04414998668624636,0.15126342,0.051931437,hiphop,hiphop.00059.wav,c:\Users\darsh\Documents\Codex\2026-04-27\i-am-a-first-year-computer\Data\genres_original\hiphop\hiphop.00059.wav
-153.50096,92.7777,-15.882087,57.952423,8.575668,18.462399,13.276261,11.162719,7.6137323,12.974225,5.6612053,7.017446,2.8843374,1.6163465,0.012031012,3.0243316,-0.23418818,-1.38703,-2.3182173,-1.3271761,71.587715,22.263191,26.255537,18.804735,16.318047,11.101631,11.207008,9.384257,8.3754,9.995228,8.132006,7.4449058,7.6941657,7.584891,7.156916,6.504934,6.3408995,6.2633257,6.0242352,6.5231514,0.46897647,0.4223185,0.43722758,0.40033904,0.30945155,0.273113,0.32593283,0.42982265,0.57754785,0.58332723,0.52254826,0.5256127,0.3162636,0.33500233,0.38012865,0.34581858,0.25739783,0.2298801,0.22401062,0.30415496,0.36132774,0.32906267,0.25965634,0.2853426,1717.834483382323,588.0409695805699,0.05390783729198916,0.0467870986579001,0.18021107,0.06272854,hiphop,hiphop.00060.wav,c:\Users\darsh\Documents\Codex\2026-04-27\i-am-a-first-year-computer\Data\genres_original\hiphop\hiphop.00060.wav
-127.29857,95.78884,-12.756139,37.96444,20.579317,23.185549,8.276987,9.615845,8.68504,5.52123,6.6797314,4.0264277,1.7274877,0.7245981,-0.42298803,2.2443924,-1.6068019,-1.2154621,-2.2126098,-0.7387683,56.24597,22.457823,23.457773,18.497633,18.942318,12.515906,11.266676,9.041219,9.865306,9.54641,8.971293,8.151522,7.414636,7.2326813,7.4033456,6.927751,6.5729265,7.836911,8.635371,7.029364,0.5904589,0.4820497,0.40261096,0.36014634,0.45931223,0.5013032,0.4808694,0.48425955,0.45890996,0.44556457,0.5019081,0.5162303,0.31888747,0.29172653,0.2521706,0.22045954,0.26709664,0.30450743,0.2779,0.30280477,0.27822083,0.2651893,0.25355616,0.25642294,1811.4872110056333,570.7011664731017,0.06727699303405572,0.0384630085615179,0.15561001,0.056644015,hiphop,hiphop.00061.wav,c:\Users\darsh\Documents\Codex\2026-04-27\i-am-a-first-year-computer\Data\genres_original\hiphop\hiphop.00061.wav
-144.1154,73.38274,4.689501,24.034184,12.896575,14.024166,8.642745,6.9087353,-1.2130749,-0.8405232,1.1626186,2.5793064,-1.1129528,3.141817,-4.232443,-0.45609263,1.6542614,1.21355,-0.4755747,-2.0354862,91.673935,48.072502,43.0916,24.83911,21.390713,16.985264,13.393664,13.2062435,12.520826,11.576085,10.609592,10.133545,11.307823,9.853767,8.684242,8.390453,8.056926,7.6638713,6.9194827,7.847354,0.4448096,0.40886596,0.44856578,0.48260507,0.55026233,0.49290112,0.50674945,0.48166555,0.4709501,0.45381948,0.45356315,0.46825758,0.32427084,0.28541994,0.30806842,0.30538413,0.3230205,0.3047082,0.30433738,0.28915793,0.32628447,0.3110467,0.2924895,0.29306227,2449.072471257414,1319.661163991461,0.10955073589880031,0.0989761484429806,0.19092278,0.14563152,hiphop,hiphop.00062.wav,c:\Users\darsh\Documents\Codex\2026-04-27\i-am-a-first-year-computer\Data\genres_original\hiphop\hiphop.00062.wav
-98.840996,71.10852,-10.045742,31.72339,5.1446595,1.8752184,-8.893278,-4.26445,-5.962237,-4.269474,-0.65870404,-1.8606147,-0.51698005,2.5744352,-1.0586432,2.2042825,-3.9438968,1.2048683,0.28331423,0.069572374,71.029236,37.38652,31.27154,23.02005,16.920786,16.300842,14.847449,13.336262,13.275771,12.500038,12.124823,11.251269,9.511696,9.429171,9.008015,8.282598,8.713578,8.194043,7.1031213,7.5300255,0.40628505,0.40397432,0.35456362,0.39252886,0.38469726,0.42467105,0.5346254,0.44555578,0.44560516,0.49163043,0.581753,0.47974327,0.2982537,0.30000344,0.2763225,0.2852499,0.27607468,0.2603686,0.3047102,0.28028172,0.3088932,0.32658717,0.33055514,0.30156958,2671.0740466843918,1116.0447371962234,0.12218709183920279,0.08564761922394243,0.18616363,0.13190763,hiphop,hiphop.00063.wav,c:\Users\darsh\Documents\Codex\2026-04-27\i-am-a-first-year-computer\Data\genres_original\hiphop\hiphop.00063.wav
-82.424774,69.95745,10.693318,48.804077,4.6395693,13.286027,-1.7903581,5.122208,-1.0849245,-2.7959132,-2.5498505,0.21808513,-3.1269517,2.3010356,-2.7060978,-0.78290904,1.7319456,-5.139214,-5.694949,-3.7939513,62.51457,26.324165,24.507214,18.653788,17.628069,14.869349,12.597612,12.018944,11.5713415,10.017522,8.814234,9.518976,8.677658,7.7761025,7.3708944,8.001191,6.961672,7.374843,6.4886937,5.7743754,0.35329401,0.34746483,0.33432263,0.36401692,0.3750909,0.38976976,0.37425792,0.40017965,0.5555831,0.5536648,0.46059194,0.38783553,0.3150818,0.30549696,0.2877077,0.3090277,0.29878363,0.3280777,0.29228687,0.3006418,0.33927438,0.32970142,0.327778,0.3029868,2429.9366980056257,815.1815497079303,0.07981168670181889,0.06010688796406778,0.23596337,0.11903664,hiphop,hiphop.00064.wav,c:\Users\darsh\Documents\Codex\2026-04-27\i-am-a-first-year-computer\Data\genres_original\hiphop\hiphop.00064.wav
-140.14876,77.06105,42.029648,31.239225,12.191809,10.215243,3.7374847,8.286639,-1.5532026,-1.7558186,3.6267605,4.589858,-2.549267,1.8537717,-2.7621262,-3.623143,-2.6331491,-1.5240896,-2.6590376,-5.086118,93.1678,46.248695,26.128819,19.80274,17.328474,14.574581,11.586735,10.239041,10.468053,11.079919,8.858566,8.1634865,9.817539,7.194915,6.612582,7.612686,6.8864174,6.225187,6.067039,5.8279266,0.44587883,0.48705176,0.5250639,0.5317697,0.4989129,0.43894345,0.39485392,0.3153826,0.28641617,0.31989798,0.3655231,0.40372238,0.31477425,0.32782406,0.34103167,0.33759284,0.31657192,0.2897826,0.31813112,0.27824178,0.2566292,0.28125027,0.31002626,0.30792856,2447.981517210075,1384.6841054136642,0.0886033946884675,0.09532570834495797,0.20674568,0.13688642,hiphop,hiphop.00065.wav,c:\Users\darsh\Documents\Codex\2026-04-27\i-am-a-first-year-computer\Data\genres_original\hiphop\hiphop.00065.wav
-111.84788,89.10123,13.179904,36.344612,-3.2759247,3.877823,0.56384236,6.3377275,-2.17961,2.979102,-1.636557,-0.36629117,-3.4718986,0.7764609,-0.23096861,-3.1901183,-3.7024403,-4.001075,-3.0203526,-2.4579573,86.14812,32.953342,24.608883,20.06639,16.161413,13.1881075,9.972234,10.382311,11.460656,10.041057,9.710211,8.298805,9.369449,8.598899,7.209656,7.215695,6.8840885,6.04408,6.635092,6.500523,0.6214186,0.53922224,0.34837508,0.28171772,0.24999043,0.21833211,0.37385538,0.3219404,0.37803224,0.4336921,0.49542332,0.6551182,0.30736804,0.31532496,0.25375217,0.25988647,0.2360782,0.1921878,0.29607028,0.22749099,0.2627645,0.3256387,0.29508525,0.29962572,2245.1543617872862,868.4423808926737,0.0793853854247291,0.05929538458514303,0.18986075,0.12274705,hiphop,hiphop.00066.wav,c:\Users\darsh\Documents\Codex\2026-04-27\i-am-a-first-year-computer\Data\genres_original\hiphop\hiphop.00066.wav
-74.77094,58.740543,9.939784,21.570108,15.071628,4.937729,2.282748,5.4688973,3.1200333,0.6039443,2.466406,4.21144,3.4745803,3.5953388,2.7740333,1.884574,-1.7012314,-1.1449336,-1.3548874,-4.013696,58.97711,28.17818,25.924925,17.131687,16.485191,13.237716,13.8989,12.653849,11.852776,10.33307,10.233441,10.575471,9.491336,9.256437,8.559386,7.3489623,7.849559,6.273213,6.5342045,7.4657936,0.5529338,0.4836949,0.50309855,0.44187647,0.40494362,0.42907092,0.45791975,0.5269034,0.5466471,0.54320747,0.5382267,0.55211985,0.2866277,0.24956515,0.27863064,0.26555842,0.2586603,0.30418602,0.2950572,0.31247205,0.3303054,0.31272116,0.2695708,0.2799276,3053.2752032918966,1070.9297927130442,0.1268197168875774,0.0986723826081829,0.21792412,0.13911241,hiphop,hiphop.00067.wav,c:\Users\darsh\Documents\Codex\2026-04-27\i-am-a-first-year-computer\Data\genres_original\hiphop\hiphop.00067.wav
-66.06443,74.91577,20.634378,39.27426,8.157337,15.135332,-0.38283703,5.5729513,1.4617357,-0.63366073,-1.571073,1.4559902,-2.414519,-2.1937199,-4.3210588,-4.420351,-5.131101,-4.2903647,-6.337594,-5.0165033,74.190285,28.477474,21.168945,19.0557,14.238082,9.91925,10.010382,9.150186,8.905497,9.143782,7.190794,6.522527,6.167862,6.6611023,5.876144,5.4830213,6.0819106,5.301827,6.1530275,5.610595,0.3339761,0.33248353,0.34684703,0.40522176,0.4759662,0.45107362,0.44373292,0.44600126,0.4724124,0.5801655,0.4503968,0.3270213,0.24958704,0.2530143,0.2675829,0.28476813,0.31462294,0.2907046,0.32222572,0.3238175,0.27519858,0.34271932,0.27387038,0.24590538,2545.058137328884,849.398647151204,0.09572391096652477,0.05484551611564479,0.22879635,0.10945791,hiphop,hiphop.00068.wav,c:\Users\darsh\Documents\Codex\2026-04-27\i-am-a-first-year-computer\Data\genres_original\hiphop\hiphop.00068.wav
-59.209255,36.20804,39.83428,49.976192,10.15085,16.890432,9.769879,4.446044,2.4115605,1.7071004,2.3673708,3.909562,3.2013638,2.6227627,3.218716,1.475742,-0.69441235,-3.1585226,-2.104499,-2.3737836,62.187237,30.510567,24.061802,19.819822,16.637878,11.313635,12.490449,11.166883,10.530716,9.744578,10.203915,8.4535,7.6632705,6.4382343,7.119817,6.133515,6.0225034,5.634474,5.399371,6.0144176,0.42728493,0.41079298,0.4244971,0.4196071,0.4151951,0.43079007,0.45414,0.5111299,0.60290825,0.6815228,0.59054303,0.5065129,0.28527594,0.27712628,0.287869,0.2809411,0.27501717,0.29323936,0.27394512,0.29731247,0.28739718,0.31422985,0.27407515,0.277531,3299.440188118393,997.6553343027208,0.1209660107875387,0.08406286091375782,0.27176604,0.08286679,hiphop,hiphop.00069.wav,c:\Users\darsh\Documents\Codex\2026-04-27\i-am-a-first-year-computer\Data\genres_original\hiphop\hiphop.00069.wav
-81.68595,82.33596,53.54203,25.494244,15.711485,19.212008,8.4409275,6.372037,0.20460086,0.15445592,1.1984615,1.5259029,-0.725247,1.3517001,-0.38283345,-3.129231,-0.49216723,-0.73947495,-3.7766733,-2.505176,70.41348,32.43349,27.377565,16.597015,14.603503,9.400111,8.821238,7.944572,8.885416,7.6976624,6.763733,6.1061497,6.186425,5.97792,6.1588793,4.948622,4.9134583,4.802352,5.171222,4.8295255,0.33892247,0.2944775,0.31911615,0.33408666,0.4201106,0.5590132,0.538977,0.5136187,0.4812253,0.45308545,0.4971755,0.42107353,0.27752575,0.23735732,0.25353917,0.25392509,0.26262426,0.3260148,0.30454284,0.3069223,0.27757025,0.2618559,0.3437265,0.3004307,2501.25903379901,1115.013292127112,0.06926450936048761,0.05538221686108912,0.2787715,0.07466477,hiphop,hiphop.00070.wav,c:\Users\darsh\Documents\Codex\2026-04-27\i-am-a-first-year-computer\Data\genres_original\hiphop\hiphop.00070.wav
-78.69876,51.460278,42.21705,30.076286,20.110865,6.9933424,8.018718,6.883307,-4.6201587,3.6496065,3.6401927,4.324948,2.607875,0.76624185,-9.1659775,-2.1590145,-2.6716974,-5.5222917,-1.3241625,-2.4780138,56.527405,32.1777,17.24027,15.529725,15.004673,10.428093,10.763316,11.002093,10.588813,9.905926,9.512928,8.396316,8.5415745,8.306062,8.288138,7.116959,7.37707,5.8052154,5.6617126,5.867316,0.4833056,0.5362444,0.56326246,0.49955004,0.38253865,0.34994477,0.35159835,0.38649675,0.3464593,0.32895297,0.30129737,0.31691203,0.35889152,0.32944396,0.32201743,0.33155566,0.27876002,0.29722512,0.31373823,0.34838453,0.27715173,0.2654588,0.2393125,0.24801143,3186.910019337875,1154.579514216882,0.10757606907894737,0.09980100434615782,0.2470289,0.09063139,hiphop,hiphop.00071.wav,c:\Users\darsh\Documents\Codex\2026-04-27\i-am-a-first-year-computer\Data\genres_original\hiphop\hiphop.00071.wav
-118.020584,102.3068,20.772593,37.010674,24.395523,7.802754,15.927474,-1.5940946,6.763179,-0.7802006,8.579758,1.473606,-4.2227297,3.0189223,1.0109892,-0.98029953,-5.466814,-1.3039749,-4.241458,-5.0074196,66.70081,34.922726,23.543596,16.774908,15.905177,14.570667,10.379999,11.872778,9.758238,9.169295,8.457245,8.237645,8.684007,7.359423,7.892457,7.045287,7.19846,6.5081286,6.31807,7.633792,0.42928535,0.38966018,0.3812032,0.5117002,0.50105584,0.48009074,0.46960512,0.45132598,0.4139971,0.3737343,0.43622738,0.41896245,0.32465333,0.29660794,0.27712443,0.31434754,0.3010281,0.32989877,0.30806705,0.3071378,0.28566557,0.2678833,0.3268111,0.30985725,1818.8189646845494,858.3799195899975,0.05136250120936533,0.0429036224468246,0.25294384,0.11673583,hiphop,hiphop.00072.wav,c:\Users\darsh\Documents\Codex\2026-04-27\i-am-a-first-year-computer\Data\genres_original\hiphop\hiphop.00072.wav
-78.25045,70.18874,45.90895,42.07599,15.097313,10.689846,-0.69202554,-0.61052036,0.37156427,-0.35092282,1.102735,-0.6717469,-0.81453276,-0.8111803,-4.241297,-6.08405,-2.9617288,-3.7095816,-4.6067276,-4.981908,78.31841,34.83954,25.897127,17.90114,14.616725,11.133667,13.861881,10.110739,10.796855,10.126794,8.844344,7.0762634,6.7346315,7.114622,6.692335,5.903481,5.6909623,5.8911552,5.825709,5.562781,0.33598438,0.30694506,0.402892,0.4598538,0.5425672,0.477324,0.5244106,0.51584756,0.37044987,0.31284824,0.3798362,0.44122252,0.26633054,0.23491901,0.26932648,0.307678,0.34978497,0.28514636,0.29905832,0.32834303,0.2593375,0.2689414,0.3037273,0.30899784,2566.5587161240874,1201.2357318741795,0.08562004160216719,0.09636948454785406,0.30033332,0.1181736,hiphop,hiphop.00073.wav,c:\Users\darsh\Documents\Codex\2026-04-27\i-am-a-first-year-computer\Data\genres_original\hiphop\hiphop.00073.wav
-68.78752,62.373886,24.279097,53.785713,-1.9191564,12.823493,-4.35876,12.354515,-0.2201934,9.053527,-0.97755194,3.94197,1.9162539,2.2540576,-2.5221894,-3.5294874,-2.924685,-3.6497655,-3.4206944,-3.7197106,57.3651,26.576069,26.268711,19.726019,15.506087,10.340503,10.678341,8.567975,9.999632,8.437112,8.038999,8.006044,8.555869,6.959349,7.580054,6.536173,6.6689005,5.728713,5.606504,5.5407014,0.37533125,0.4215308,0.50894654,0.5486423,0.5274854,0.5135294,0.44495445,0.4647768,0.4971752,0.5541998,0.43978316,0.39098176,0.2559193,0.25792754,0.31767535,0.3079233,0.27754557,0.28846633,0.2693706,0.30444482,0.29743627,0.3047554,0.253833,0.26351455,2775.2916756205336,852.5090240662815,0.11079033535700464,0.0685627744887422,0.2083498,0.1016799,hiphop,hiphop.00074.wav,c:\Users\darsh\Documents\Codex\2026-04-27\i-am-a-first-year-computer\Data\genres_original\hiphop\hiphop.00074.wav
-94.57142,51.723648,17.519943,28.904242,2.063757,3.7271113,-1.85162,4.36836,8.781322,2.1316025,-1.3799784,4.6916013,4.077907,0.014573065,0.21375865,-0.43703666,-4.119476,-1.1030107,-0.12764856,-2.7631567,66.224915,43.112194,28.937916,24.354559,18.964603,16.709812,15.342034,12.979555,13.903642,13.923013,10.613435,10.24382,9.933455,9.091389,7.9361744,7.430287,7.330827,6.8853374,6.798381,6.718961,0.44054523,0.38206896,0.4023866,0.38874605,0.37330908,0.4053582,0.45229787,0.53290313,0.53840053,0.52964723,0.49272454,0.47580236,0.33062202,0.28431937,0.29099524,0.28238466,0.27247554,0.30125007,0.29990676,0.3219534,0.31393096,0.32772723,0.30939505,0.32301867,3139.605595979825,1334.6313196853064,0.146737207938274,0.12990981339934424,0.19167505,0.122510776,hiphop,hiphop.00075.wav,c:\Users\darsh\Documents\Codex\2026-04-27\i-am-a-first-year-computer\Data\genres_original\hiphop\hiphop.00075.wav
-111.22915,89.94116,4.453146,14.530579,9.934057,-9.441969,2.9049582,-0.13894068,-3.0650673,3.272368,-1.4969655,1.5704436,2.3964047,-1.1631626,0.8710986,0.6744047,-5.169126,2.7299318,2.3492882,-0.2558081,83.850876,38.037388,32.65532,19.927769,17.654823,17.699108,12.416236,13.241564,12.782623,10.947417,10.621976,9.443118,10.742346,8.127064,8.595346,8.7936945,9.181849,8.300631,7.7226534,7.4237695,0.55653787,0.54610306,0.49201337,0.35870913,0.40002796,0.38380367,0.42743656,0.33957657,0.32011724,0.36479786,0.39827278,0.512486,0.36661255,0.3188889,0.30669138,0.25431386,0.33363852,0.2991819,0.3083149,0.2678245,0.2588775,0.27051494,0.28109488,0.3459165,2328.3253525938053,1137.4009677605445,0.09669745005321208,0.09072237596777008,0.23721823,0.1664575,hiphop,hiphop.00076.wav,c:\Users\darsh\Documents\Codex\2026-04-27\i-am-a-first-year-computer\Data\genres_original\hiphop\hiphop.00076.wav
-25.853546,70.946365,9.54849,17.47975,-1.6311874,-0.54743624,0.26069012,-4.6436267,-0.5859255,-3.086073,-2.4065418,0.38653892,-2.158143,-0.3449555,-2.3784094,1.9354966,1.3124205,-1.2795856,-2.0184257,-0.19688794,57.511536,33.755394,24.999962,19.976189,18.354015,16.180016,13.044826,10.878168,10.795126,10.2035055,12.04671,9.073529,8.844164,8.699334,8.641981,8.402934,8.25719,8.126525,9.171834,7.789922,0.52599096,0.44858813,0.4353208,0.5317114,0.41271907,0.336928,0.38562232,0.5018418,0.46861842,0.44258964,0.509996,0.5312121,0.3210067,0.27553847,0.25751504,0.30374137,0.26323235,0.25939724,0.26878715,0.30739987,0.30204272,0.29195777,0.3039284,0.30879688,2986.424482322364,972.5485708663354,0.13766243288022445,0.07940125650442796,0.23842552,0.08487874,hiphop,hiphop.00077.wav,c:\Users\darsh\Documents\Codex\2026-04-27\i-am-a-first-year-computer\Data\genres_original\hiphop\hiphop.00077.wav
-111.22915,89.94116,4.453146,14.530579,9.934057,-9.441969,2.9049582,-0.13894068,-3.0650673,3.272368,-1.4969655,1.5704436,2.3964047,-1.1631626,0.8710986,0.6744047,-5.169126,2.7299318,2.3492882,-0.2558081,83.850876,38.037388,32.65532,19.927769,17.654823,17.699108,12.416236,13.241564,12.782623,10.947417,10.621976,9.443118,10.742346,8.127064,8.595346,8.7936945,9.181849,8.300631,7.7226534,7.4237695,0.55653787,0.54610306,0.49201337,0.35870913,0.40002796,0.38380367,0.42743656,0.33957657,0.32011724,0.36479786,0.39827278,0.512486,0.36661255,0.3188889,0.30669138,0.25431386,0.33363852,0.2991819,0.3083149,0.2678245,0.2588775,0.27051494,0.28109488,0.3459165,2328.3253525938053,1137.4009677605445,0.09669745005321208,0.09072237596777008,0.23721823,0.1664575,hiphop,hiphop.00078.wav,c:\Users\darsh\Documents\Codex\2026-04-27\i-am-a-first-year-computer\Data\genres_original\hiphop\hiphop.00078.wav
-79.74996,62.27512,-5.1084466,18.229969,12.862356,-14.114573,4.9116673,1.6750953,-5.7800555,0.81444377,-3.8078806,2.0120642,3.4144382,-2.8724234,1.2645156,1.752267,-2.2722964,-1.0350906,-4.609198,-2.8224661,92.23022,38.604103,30.624521,23.507395,17.315184,19.884792,15.12267,14.721407,12.056768,11.736747,9.990953,9.163191,9.110566,8.899111,8.106775,8.147717,8.010113,8.860775,7.8367476,7.441815,0.4393623,0.4936317,0.45549747,0.4333555,0.38191777,0.36538318,0.35709992,0.37230313,0.38679862,0.44824928,0.5279393,0.46575096,0.30575985,0.3228655,0.30073664,0.31437364,0.26716492,0.2642987,0.27474302,0.28520927,0.28886494,0.30738774,0.32731196,0.3084834,3213.1475995725405,1188.1316910277942,0.17240182976973684,0.0990537943228101,0.15468617,0.068735406,hiphop,hiphop.00079.wav,c:\Users\darsh\Documents\Codex\2026-04-27\i-am-a-first-year-computer\Data\genres_original\hiphop\hiphop.00079.wav
-64.00121,50.804565,6.6021595,27.830774,6.6337037,0.29855335,2.8219569,3.2134213,0.1652419,0.61031973,0.09556531,-5.067103,2.66281,-1.6379569,3.1019537,5.1521454,-0.835596,4.8471527,0.24540177,-4.849838,42.47057,25.731796,22.130013,15.9736,13.7839,11.438692,10.894972,9.866435,10.699673,8.685261,8.4214525,8.205915,8.77296,7.948686,7.8803906,7.7828465,8.625813,7.287589,6.3717213,7.134487,0.3759933,0.33835268,0.3260328,0.34304062,0.33509102,0.33203498,0.33590695,0.40213382,0.546695,0.5713099,0.5039466,0.43228874,0.30774787,0.29531708,0.2840131,0.29171333,0.27889797,0.2804777,0.27672705,0.3117327,0.34094274,0.30916402,0.30538437,0.31462738,3377.342805929625,905.5306248219549,0.15500095237519348,0.08521252116440894,0.14134684,0.025478497,hiphop,hiphop.00080.wav,c:\Users\darsh\Documents\Codex\2026-04-27\i-am-a-first-year-computer\Data\genres_original\hiphop\hiphop.00080.wav
-216.06976,122.55899,0.9373186,39.356617,9.28822,26.045794,-4.027803,18.25638,-6.5114083,13.911771,-3.0722864,8.876829,-4.358552,4.691728,-0.10699897,0.91018575,-1.9222292,-1.7801155,1.1610228,-4.0251594,70.84854,23.079098,27.715181,17.61355,15.914776,12.638854,13.137777,10.476891,9.891802,9.514298,9.095381,7.155268,7.630332,6.774652,7.5783815,5.746412,6.0697355,6.3782063,7.111863,6.397151,0.70800066,0.7792871,0.66867876,0.47638354,0.4397654,0.3833475,0.367595,0.39512846,0.5493141,0.49909166,0.456721,0.5237098,0.24675553,0.25078544,0.24634674,0.24037698,0.26291636,0.2712818,0.2857072,0.23818721,0.2827675,0.30697232,0.27925938,0.24988447,1469.3760072038706,595.427806701437,0.05177973224651703,0.0340655774958351,0.08638297,0.05822854,hiphop,hiphop.00081.wav,c:\Users\darsh\Documents\Codex\2026-04-27\i-am-a-first-year-computer\Data\genres_original\hiphop\hiphop.00081.wav
-122.780525,95.06129,-29.36325,46.780045,-15.998561,27.117586,-13.113777,20.258003,-5.389465,15.459252,-6.909567,15.645838,-6.707096,8.281757,-0.75310975,9.420004,1.2628134,1.6747187,0.48605144,1.6133194,30.961432,22.570795,16.996162,10.978466,11.412783,9.443745,11.11473,9.740008,9.049091,7.5914326,8.254223,7.614941,7.556241,7.2618876,6.9816737,6.153193,8.002019,7.4494743,6.5051184,6.76013,0.46305352,0.47137037,0.46447447,0.43799376,0.47152638,0.4651566,0.48364168,0.5854247,0.52975994,0.5451236,0.6280491,0.4978574,0.27269927,0.28178826,0.267164,0.25935072,0.28071815,0.2785397,0.28446606,0.30386645,0.301555,0.28796643,0.3062173,0.26878187,2290.107317796501,618.6366940039868,0.11322947404702012,0.06968862347025029,0.10228207,0.046146013,hiphop,hiphop.00082.wav,c:\Users\darsh\Documents\Codex\2026-04-27\i-am-a-first-year-computer\Data\genres_original\hiphop\hiphop.00082.wav
-122.01623,89.59382,-25.749514,40.978493,-4.280537,27.57391,-15.565974,22.4104,-10.840677,19.818462,-8.638996,19.10022,-8.472635,9.432506,-3.4016783,0.98333335,-5.649017,2.0140295,-4.319846,1.8859324,43.066223,19.957981,18.56244,15.457911,13.535423,11.872677,12.732246,10.521813,8.794215,9.686815,8.833035,8.705739,7.870273,8.178551,7.9032283,8.100957,8.379727,7.949364,8.180081,8.143013,0.43708673,0.49695027,0.5073263,0.46173143,0.421529,0.44694468,0.42578527,0.42503613,0.45195952,0.43063638,0.43348926,0.43663445,0.28618795,0.30369005,0.30463424,0.2789316,0.28773302,0.29523394,0.27925006,0.28945318,0.30877817,0.28404722,0.28486797,0.28632754,2368.0288949553296,559.9765796520634,0.11085004776993033,0.05949677964130322,0.11063568,0.0520417,hiphop,hiphop.00083.wav,c:\Users\darsh\Documents\Codex\2026-04-27\i-am-a-first-year-computer\Data\genres_original\hiphop\hiphop.00083.wav
-214.31303,100.31755,-33.45657,47.25948,-8.953328,12.991591,-17.322504,11.068475,-11.724059,8.812742,-7.8322988,6.2648187,-0.10495932,4.896774,1.1980615,3.7862828,1.4717627,3.4848027,0.6526583,4.15107,64.964264,40.494778,25.165005,23.737991,19.424643,18.584188,15.187782,13.307436,13.013621,11.1115465,10.019125,9.320723,9.946442,8.220011,7.916248,7.0147,7.5265822,6.9039135,6.679732,6.5326447,0.43966538,0.46548912,0.46582276,0.5163848,0.5874706,0.6246184,0.5704277,0.56334794,0.5143517,0.46786016,0.48090518,0.46393144,0.26606202,0.27367207,0.2484871,0.2720305,0.3064963,0.3402431,0.3092244,0.28179812,0.27389738,0.26473603,0.2711473,0.2763602,2044.4018831699113,767.885329632279,0.10514864611551858,0.07075722774378784,0.065886386,0.044810835,hiphop,hiphop.00084.wav,c:\Users\darsh\Documents\Codex\2026-04-27\i-am-a-first-year-computer\Data\genres_original\hiphop\hiphop.00084.wav
-114.30269,80.86408,-18.181608,50.662544,-14.933624,29.2647,-20.050333,18.588346,-17.686916,16.67295,-11.416135,16.297127,-4.473333,10.56288,-4.071208,9.144475,-2.8473766,0.63792795,-1.996902,0.57026917,39.849854,19.153135,19.838165,14.01778,14.048143,9.319245,9.9293375,9.001485,8.189671,7.6800237,7.5425243,7.669122,7.9429426,7.2476406,6.7856903,6.208147,7.3606515,8.070591,7.319952,8.598386,0.4281348,0.47543368,0.4525944,0.46697465,0.47373873,0.4533675,0.43607786,0.47923028,0.49392766,0.51591843,0.5556899,0.4904942,0.2688519,0.2902654,0.28482845,0.286399,0.28380185,0.2862153,0.27608237,0.29661477,0.3021721,0.32808876,0.33977982,0.2910276,2607.901477732147,552.168719023096,0.1272399713380418,0.06848580563477694,0.1062111,0.044128634,hiphop,hiphop.00085.wav,c:\Users\darsh\Documents\Codex\2026-04-27\i-am-a-first-year-computer\Data\genres_original\hiphop\hiphop.00085.wav
-198.97505,92.61563,-19.53599,39.540478,-0.6448094,33.591434,-6.4655647,27.51714,-2.412998,14.994365,-2.9805148,14.907302,-3.3871675,9.281903,0.8351726,8.28487,-0.5857253,-1.6136752,1.2587285,3.0526361,56.609875,27.200611,19.555326,19.696857,17.194221,12.952146,11.336396,10.397577,9.59584,10.917262,10.417505,9.80042,9.315124,8.059222,8.538064,7.5068297,7.8635006,7.984476,6.784014,7.5862956,0.4492401,0.434858,0.42451704,0.40108162,0.35424477,0.37072647,0.47580117,0.56875837,0.6631306,0.70836747,0.5002146,0.40713105,0.3071757,0.2842387,0.30190355,0.28693447,0.24824302,0.2524097,0.25290352,0.29105082,0.30075568,0.28631,0.26442066,0.28133965,2083.393807295725,666.0861683484418,0.0798679977747678,0.054212003302452946,0.07905022,0.042461634,hiphop,hiphop.00086.wav,c:\Users\darsh\Documents\Codex\2026-04-27\i-am-a-first-year-computer\Data\genres_original\hiphop\hiphop.00086.wav
-168.3471,70.93957,-3.0408056,54.825478,-12.10462,30.515268,-1.521291,28.844463,-8.925714,18.759966,-6.6007915,14.6028805,-3.5750635,14.192752,-3.9637115,6.93011,-4.171835,5.868638,-1.5135263,1.2838981,53.234596,16.545002,19.9694,11.123246,12.738067,11.45788,12.996946,9.619659,10.517389,7.156779,8.995492,6.341418,6.964828,5.3437357,7.003396,5.3459673,6.129782,5.0849204,7.355807,5.740204,0.5285792,0.49384838,0.5459864,0.5658144,0.56950825,0.5820966,0.60615605,0.6739354,0.6517299,0.6397146,0.6033672,0.5448219,0.28257614,0.24892391,0.26182693,0.23856689,0.27199787,0.28549704,0.19024362,0.20900269,0.2831641,0.30931446,0.28045988,0.26371908,2472.488643988058,714.3774531225263,0.08769334728134674,0.07454955775346428,0.10804736,0.052359212,hiphop,hiphop.00087.wav,c:\Users\darsh\Documents\Codex\2026-04-27\i-am-a-first-year-computer\Data\genres_original\hiphop\hiphop.00087.wav
-89.86678,79.76334,-25.737305,47.726387,-10.019151,31.556944,-22.19752,26.661226,-10.976784,18.823183,-15.565013,14.414716,-10.038895,8.900903,-8.932949,7.2392864,-5.013773,3.1289532,-4.7381425,-1.5847808,44.824085,19.016487,20.618301,15.078652,13.820609,13.265565,10.520953,10.37454,9.491953,9.333162,7.4249234,8.5659895,7.8395495,7.858786,7.121065,7.851221,7.254807,8.061132,6.7450285,7.6060987,0.46507815,0.47277814,0.48848614,0.40749782,0.46004596,0.46310967,0.38470158,0.41165015,0.4282405,0.51922137,0.52203536,0.4972664,0.2836189,0.27862903,0.2927153,0.2513063,0.30681837,0.31911668,0.26624247,0.27494788,0.27855623,0.30833665,0.31122485,0.2936125,2694.9757203214963,524.813573088153,0.14991216984326625,0.05604475089565262,0.118590504,0.041931268,hiphop,hiphop.00088.wav,c:\Users\darsh\Documents\Codex\2026-04-27\i-am-a-first-year-computer\Data\genres_original\hiphop\hiphop.00088.wav
-103.13827,74.090225,-22.43464,51.60479,-7.0798135,32.670975,-14.993524,19.642502,-7.0712337,22.27215,-7.3240576,17.61178,-0.045685332,14.720984,-4.2429547,10.659666,-6.3376107,1.0340246,-1.8354768,5.550285,41.345066,19.923952,17.707705,11.6352005,11.927184,8.473227,8.221327,7.957322,7.7745757,6.716802,7.7276697,6.731166,8.058331,6.4491234,6.547594,6.3631144,7.27005,6.8584414,7.184413,8.173281,0.4925763,0.6311308,0.5252247,0.47302955,0.51031196,0.5472689,0.47850925,0.4680506,0.54301876,0.46151307,0.41944942,0.42965978,0.27567664,0.31928724,0.286773,0.27333337,0.28848764,0.31000736,0.30842656,0.29754224,0.30403373,0.27625054,0.26857537,0.26352116,2670.154564498446,581.6749314015085,0.11762400529702012,0.058755908846497555,0.12070812,0.044218782,hiphop,hiphop.00089.wav,c:\Users\darsh\Documents\Codex\2026-04-27\i-am-a-first-year-computer\Data\genres_original\hiphop\hiphop.00089.wav
-109.50919,97.389565,-20.619621,37.366673,-3.1259978,28.611204,-14.169424,23.862112,-8.736171,19.892464,-11.298631,17.939692,-3.482387,8.219098,-8.952912,9.264581,-4.989858,1.8386624,-2.2514331,0.6753709,30.750668,15.7194605,14.971019,11.362642,11.096058,8.866919,11.387833,8.557437,8.883478,7.7517614,7.6717396,7.135583,7.060574,6.799115,6.72511,6.2880383,7.233763,7.890762,7.512415,7.548683,0.5084265,0.43667942,0.4234528,0.4749788,0.5690552,0.52269083,0.4586691,0.45641595,0.46733537,0.49234378,0.4979902,0.48113465,0.3059433,0.27432907,0.2801616,0.2712703,0.30681622,0.29834434,0.29180747,0.29431224,0.29107904,0.3029821,0.29108667,0.28382903,2272.8344394005203,471.6133962946825,0.10450163566660217,0.04792195262566319,0.109101996,0.042227626,hiphop,hiphop.00090.wav,c:\Users\darsh\Documents\Codex\2026-04-27\i-am-a-first-year-computer\Data\genres_original\hiphop\hiphop.00090.wav
-105.56951,76.67492,-24.774305,55.19899,-8.257657,28.899265,-15.7475815,26.304575,-8.49144,20.454641,-8.151382,13.922347,-6.5663133,9.86924,-4.8636723,5.876529,-1.9471784,3.9654107,-3.6028059,-2.2880113,45.571636,18.518347,20.0115,14.18411,14.802141,11.298411,11.991384,10.340538,9.736747,9.035248,9.349999,8.919997,8.355463,7.299575,8.738638,7.6267304,8.394885,7.093503,7.8785725,8.217223,0.48958293,0.50616765,0.50156194,0.5258125,0.60870737,0.6299617,0.54869974,0.50465167,0.5137081,0.53796905,0.56138283,0.47718337,0.28506202,0.28199127,0.25929376,0.24322088,0.26512307,0.2701248,0.25662702,0.25748888,0.26672667,0.27481794,0.2848663,0.2632728,2628.9767336632103,510.77867525020974,0.1385550956607972,0.06432433103985193,0.11357303,0.043359824,hiphop,hiphop.00091.wav,c:\Users\darsh\Documents\Codex\2026-04-27\i-am-a-first-year-computer\Data\genres_original\hiphop\hiphop.00091.wav
-144.99234,84.061775,10.848204,43.601334,6.2819,36.12911,-14.662279,26.805468,-10.33603,24.696184,-8.72415,18.79265,-4.3968787,9.877954,-8.135771,8.817563,-7.885718,2.8736496,-4.3461523,-1.117504,43.78442,16.755926,21.109894,13.643213,18.862417,10.895156,11.467673,10.577126,8.852646,8.757903,8.127778,7.4643655,9.774981,8.164451,7.2315083,7.14546,7.021683,8.204241,7.193353,7.1724434,0.42481002,0.4023854,0.3875669,0.43820658,0.48103067,0.41440892,0.39721826,0.46261612,0.56817317,0.6984354,0.58647907,0.4720605,0.26693317,0.27098885,0.25840628,0.284141,0.31044084,0.2635117,0.24238876,0.24924845,0.24850295,0.3153257,0.28390855,0.25582537,2330.8396284977375,526.0419075507376,0.07263901654411764,0.03913107712171369,0.12256441,0.03985091,hiphop,hiphop.00092.wav,c:\Users\darsh\Documents\Codex\2026-04-27\i-am-a-first-year-computer\Data\genres_original\hiphop\hiphop.00092.wav
-191.63844,41.317802,4.9924994,65.465614,-4.3202295,42.641537,-12.25316,23.817207,-4.2732596,16.03992,-5.085685,16.431042,-9.372979,6.6640677,-2.7305555,-0.44324708,-7.4212728,4.5704145,-6.974581,2.468442,57.490124,20.09431,21.15953,14.867857,14.511747,11.645108,10.807993,9.105279,9.860633,9.371859,9.894496,8.63956,7.718071,7.0725784,7.487861,7.6475596,7.67841,8.780613,9.083846,11.119693,0.4468454,0.42709497,0.42589575,0.46762854,0.56522685,0.62458104,0.49716365,0.4691977,0.4617617,0.44724602,0.44282788,0.4427869,0.2672869,0.24957992,0.25905666,0.27023765,0.28077808,0.31067285,0.23956122,0.2803735,0.28790218,0.30188414,0.28885224,0.2730001,3185.1421645019136,653.3334091803284,0.15219749238099844,0.07451131650185373,0.06723458,0.044226043,hiphop,hiphop.00093.wav,c:\Users\darsh\Documents\Codex\2026-04-27\i-am-a-first-year-computer\Data\genres_original\hiphop\hiphop.00093.wav
-169.93532,98.05762,-11.311488,38.265522,5.069619,25.395584,-11.830673,25.108501,-5.5583887,19.205223,-2.9109883,18.213062,6.10538,13.954817,-0.30130035,12.484424,0.4084341,1.6486975,1.5285937,2.8091319,53.418354,26.386795,20.15293,16.194994,17.504477,14.910469,13.363026,10.19547,12.106993,9.55475,9.76623,9.115161,9.412605,7.7097845,8.411141,7.8080053,7.6337795,7.148063,6.8178205,7.229153,0.5304391,0.43048,0.35271278,0.34291098,0.35186398,0.34101295,0.3641917,0.43131196,0.536659,0.61505085,0.6036299,0.60704273,0.2994427,0.28125867,0.24943516,0.26145038,0.2662502,0.25910538,0.24564229,0.25490665,0.30746296,0.33579037,0.29282787,0.27707353,1929.5861395660595,557.4955017550604,0.054190904363390094,0.031067624946908803,0.110711865,0.03650249,hiphop,hiphop.00094.wav,c:\Users\darsh\Documents\Codex\2026-04-27\i-am-a-first-year-computer\Data\genres_original\hiphop\hiphop.00094.wav
-92.59165,77.41268,-32.75637,54.59612,-13.199195,33.65628,-12.085772,28.015388,-11.966782,18.82935,-6.6704774,13.036639,-7.0213475,7.0742083,-4.5371237,6.497911,-2.9733756,3.7062724,-5.411391,-4.21347,37.59501,19.05187,17.202415,11.7049465,9.31059,9.09537,8.920383,8.256363,7.742747,7.144256,6.833347,5.4597178,5.7338057,5.6171346,5.5480514,6.1746054,6.6016803,5.9997635,5.855489,5.8329883,0.5782085,0.51252764,0.51765776,0.52416664,0.55050737,0.55556536,0.57127166,0.6083286,0.6382326,0.6060566,0.533734,0.5520481,0.27275017,0.24607663,0.25721198,0.25436243,0.2572833,0.26925033,0.2554359,0.25490502,0.25573593,0.2695127,0.24628477,0.25594229,2735.79580212033,529.2709606822581,0.15760335538409442,0.053788006120084185,0.10348285,0.04232817,hiphop,hiphop.00095.wav,c:\Users\darsh\Documents\Codex\2026-04-27\i-am-a-first-year-computer\Data\genres_original\hiphop\hiphop.00095.wav
-128.15352,124.5842,-37.200493,43.892124,-12.789882,18.988997,-9.285406,19.78161,-6.8781185,13.47749,-5.979898,12.329025,-4.6527686,5.8328543,-2.8728828,3.682468,-1.8806285,-0.13902049,-2.0508018,-3.2196095,47.084938,21.481504,20.380917,16.376894,18.150007,13.088835,11.795627,9.45263,9.392748,8.305255,7.9556603,7.4653897,7.420415,7.25152,7.3742766,6.6210876,6.6748333,6.072343,6.2444997,6.344616,0.37717727,0.37523997,0.41556367,0.48966253,0.5750036,0.5030999,0.36736965,0.3450833,0.4065753,0.42024362,0.40545398,0.41650295,0.2752242,0.27743474,0.27589306,0.29325274,0.341538,0.3083261,0.25715536,0.26085716,0.2967674,0.30028403,0.28521553,0.2861206,1752.0147471390123,402.5986833623539,0.08312648147252322,0.03025657754202929,0.11082602,0.03707976,hiphop,hiphop.00096.wav,c:\Users\darsh\Documents\Codex\2026-04-27\i-am-a-first-year-computer\Data\genres_original\hiphop\hiphop.00096.wav
-111.189964,80.63883,-0.8759601,50.6178,-13.474105,35.325798,-14.840684,21.193808,-13.577968,19.628597,-11.768655,16.968807,-9.362856,8.700684,-9.8925495,5.8139815,-9.137595,0.87771124,-5.991048,-0.30923566,34.673237,20.337034,15.760802,13.72548,14.697983,9.26701,9.719267,9.4809675,7.37109,7.9864264,8.071839,8.647623,7.541147,7.5614915,6.711425,7.2734246,6.7029934,8.060784,8.469615,8.160406,0.47624326,0.485405,0.49322623,0.58294165,0.5244469,0.43195322,0.40933633,0.4066984,0.44015583,0.4442188,0.49655256,0.4944794,0.3039286,0.2827661,0.28106073,0.30201307,0.29413134,0.27002883,0.25945684,0.26257083,0.2973243,0.28513795,0.297517,0.30386955,2581.727525217468,589.0953867445974,0.11598796076818886,0.06468443705546123,0.11850105,0.04175105,hiphop,hiphop.00097.wav,c:\Users\darsh\Documents\Codex\2026-04-27\i-am-a-first-year-computer\Data\genres_original\hiphop\hiphop.00097.wav
-129.95169,72.02137,-23.253374,63.230637,-6.873468,34.400772,-12.189914,30.506071,-7.582159,20.604498,-6.197449,14.683234,-2.9395947,9.047846,-4.740089,5.3837643,-2.414432,1.6269447,-5.98083,-0.82341677,43.884785,20.23504,19.993101,16.715961,13.362683,11.790065,11.198961,8.66393,9.530694,7.5005426,8.046961,7.8435454,8.317756,7.0132957,6.716602,6.973447,7.6000233,6.738779,7.78755,8.018247,0.5032558,0.5881574,0.6252491,0.5389016,0.49189886,0.45909894,0.44030517,0.46691182,0.58307123,0.60882545,0.55630827,0.54007214,0.2312855,0.2522422,0.30971372,0.2589988,0.26567522,0.25976807,0.2390578,0.24662763,0.3037754,0.3015917,0.27881247,0.26965487,2538.2434921295203,552.9533027818932,0.10066983721942724,0.060083712715288694,0.118977465,0.046459913,hiphop,hiphop.00098.wav,c:\Users\darsh\Documents\Codex\2026-04-27\i-am-a-first-year-computer\Data\genres_original\hiphop\hiphop.00098.wav
-138.74834,100.20922,-31.457195,32.444756,-2.7770367,13.111024,-14.509458,13.948756,-15.169027,8.204797,-4.9205856,3.5231583,-7.9803023,0.7993211,-2.975318,-0.7297645,-7.7199607,-1.2179403,-6.522993,-5.395183,60.825478,39.588196,32.408867,23.6007,17.84099,17.908339,15.133062,14.013211,14.445017,12.359145,11.716836,11.12086,10.486011,9.57671,9.76193,7.9363985,7.2271824,8.554072,8.5660715,7.762793,0.3767802,0.45188046,0.5967008,0.4717001,0.40843815,0.3763028,0.4200026,0.41704732,0.4461871,0.480733,0.3727825,0.35286558,0.29368225,0.2929099,0.32068488,0.2827913,0.28648672,0.28155756,0.30969533,0.3163939,0.33261484,0.32934588,0.2811258,0.28601125,1963.1932861624273,822.2186569944605,0.1015708143866099,0.0660666895657862,0.15373959,0.12210288,hiphop,hiphop.00099.wav,c:\Users\darsh\Documents\Codex\2026-04-27\i-am-a-first-year-computer\Data\genres_original\hiphop\hiphop.00099.wav
-251.99103,137.88876,-11.156676,8.355846,0.71759844,1.588884,-3.7369921,-4.138826,-5.5104256,-2.6428099,-3.535575,-3.1450665,-1.8456105,-0.9996877,-2.5880938,-1.9635668,-1.5052296,0.21605925,-1.9949425,-3.3498683,110.23337,38.292732,27.044182,10.955053,10.834596,7.297317,7.502445,6.186865,6.5994725,6.124775,6.563595,7.690278,6.619096,6.4194407,6.9932694,7.0923667,6.4121647,7.460897,7.073491,7.0633454,0.4411801,0.30499005,0.3251485,0.4008048,0.4568832,0.33339864,0.21857183,0.36204484,0.38764858,0.32197258,0.28432775,0.29694718,0.34523046,0.23760533,0.27841312,0.29287553,0.32691315,0.3159689,0.19719757,0.28193778,0.3114344,0.2602017,0.2703827,0.25774074,1504.4850155324564,744.7313239492752,0.07846437814434984,0.0494446034440216,0.046762493,0.039286356,jazz,jazz.00000.wav,c:\Users\darsh\Documents\Codex\2026-04-27\i-am-a-first-year-computer\Data\genres_original\jazz\jazz.00000.wav
-345.7682,146.9814,-0.49109623,22.638971,5.8185916,10.342899,-0.17026801,-1.7211475,-6.119701,-0.5134584,1.0318325,1.2220969,-1.9446281,-5.5536976,-4.4034724,-2.5995617,-5.196268,-5.426081,-3.129261,-0.7939452,100.602615,35.910698,22.84457,11.60735,9.836403,7.394785,7.331483,7.5539246,6.853716,6.948243,7.2162385,6.8019886,8.02657,7.8969145,7.322528,6.6355963,6.5741334,6.7603784,7.247136,9.915125,0.3544138,0.32362086,0.3267255,0.2978436,0.36596563,0.55593157,0.37352976,0.2773183,0.23306803,0.25736475,0.23908202,0.3329978,0.31433186,0.2876794,0.27433902,0.2696906,0.24949585,0.38422704,0.26772153,0.27462846,0.21869037,0.2613459,0.22916447,0.3191602,1266.346201396591,549.6303879927284,0.0592777972619969,0.03278287404369276,0.022791114,0.015462553,jazz,jazz.00001.wav,c:\Users\darsh\Documents\Codex\2026-04-27\i-am-a-first-year-computer\Data\genres_original\jazz\jazz.00001.wav
-257.01797,175.31583,-44.815468,25.663237,-4.2567406,-0.22128806,-11.323123,-9.186279,-4.099932,-8.300055,-22.553421,-7.608669,-7.6533217,-11.745615,-8.175761,-7.5016975,-12.297941,-6.7714224,-3.4978843,-8.646908,79.84788,34.876022,32.908546,20.111507,15.329545,10.609451,9.7083845,8.588815,9.279309,10.313357,9.955557,8.433737,7.5902195,8.966366,8.378683,6.3194933,7.399006,6.7617536,6.4382067,8.569479,0.39922103,0.32671276,0.22911686,0.1875138,0.12928128,0.23963028,0.2066374,0.188662,0.24314883,0.3114471,0.44166225,0.30849823,0.37767956,0.31524545,0.26531103,0.275027,0.12708901,0.23433597,0.24048826,0.21757875,0.26748708,0.2421008,0.38184237,0.27228105,1064.8215157992543,401.4757520134904,0.0578726659249226,0.030455296666549118,0.080827355,0.031509887,jazz,jazz.00002.wav,c:\Users\darsh\Documents\Codex\2026-04-27\i-am-a-first-year-computer\Data\genres_original\jazz\jazz.00002.wav
-297.2327,193.09448,10.135854,-1.6042597,3.403755,9.997605,-7.269057,4.6904345,-5.398844,-2.866193,-10.235335,0.38492396,-4.9660544,3.2423825,-4.478282,-1.8856789,-2.2746387,3.8804512,0.34528288,-2.213221,99.31298,29.56968,33.580288,15.968615,12.075495,10.171669,12.015541,8.853388,9.3997135,9.48395,7.145853,10.044788,8.527118,7.1874175,6.418023,6.8843484,7.392853,6.2345085,7.0768957,7.5043283,0.22550642,0.32352135,0.4928218,0.23907515,0.2727351,0.35309148,0.44136113,0.21447681,0.283066,0.22312759,0.36950997,0.39408058,0.17746587,0.27182525,0.3844647,0.1700433,0.26961574,0.29325485,0.3162215,0.15622728,0.29871824,0.1756493,0.29554355,0.3263417,813.4386379736914,304.7608395053362,0.04467433303502322,0.014439982353072539,0.05947569,0.03603388,jazz,jazz.00003.wav,c:\Users\darsh\Documents\Codex\2026-04-27\i-am-a-first-year-computer\Data\genres_original\jazz\jazz.00003.wav
-270.312,137.55493,5.622032,42.5081,-7.959412,9.935899,-6.823992,8.244322,-6.188955,5.469562,-5.445732,-5.178623,-6.994632,-3.2311842,-2.0175722,4.406213,1.9930397,4.9886174,6.586949,-2.4186287,54.02761,23.357014,18.57276,14.840417,13.267717,10.185859,9.040264,7.4461265,7.1403356,7.2692633,7.537187,9.076938,8.80491,8.876835,9.941976,12.763244,13.459566,12.743957,19.841284,21.760258,0.08927323,0.0778844,0.18287453,0.27205068,0.13224642,0.100659795,0.29442978,0.19611898,0.13526136,0.21241978,0.15579918,0.21222053,0.13758479,0.13022439,0.2714834,0.3919887,0.20512639,0.15034503,0.40332142,0.28101557,0.2321649,0.36444,0.20905198,0.37200338,1039.7104745190281,349.8797910410114,0.04776879656056501,0.022850390729666232,0.1087248,0.046665467,jazz,jazz.00004.wav,c:\Users\darsh\Documents\Codex\2026-04-27\i-am-a-first-year-computer\Data\genres_original\jazz\jazz.00004.wav
-246.32089,120.20309,-0.9341652,30.689386,0.1911538,23.146517,0.42938516,9.172055,-0.5738325,5.7225223,-3.756935,4.2316713,-0.27937436,7.4462867,0.7113846,7.070837,0.86563194,0.95133173,1.7338496,-1.3477298,95.82477,27.766134,29.840849,14.219483,17.24239,10.239331,12.996918,9.020245,12.380837,13.630477,11.486307,13.592265,14.411124,14.897384,16.162603,15.140009,20.145926,18.228487,13.897352,14.593091,0.3032102,0.16462702,0.16641924,0.2575415,0.18295857,0.22509721,0.17260896,0.22824836,0.40352392,0.28491342,0.2935147,0.2966693,0.34568635,0.2346269,0.23875444,0.32356378,0.24532774,0.34153578,0.22353043,0.27516425,0.39725783,0.27905288,0.35006076,0.32004285,1267.9899185341335,535.3148862777518,0.057861328125,0.03011651735651277,0.1074972,0.04726898,jazz,jazz.00005.wav,c:\Users\darsh\Documents\Codex\2026-04-27\i-am-a-first-year-computer\Data\genres_original\jazz\jazz.00005.wav
-234.3426,142.7224,-14.277186,51.923065,-8.200178,12.773935,-4.295218,12.082513,-13.723852,-1.5506785,-3.9817665,4.937514,-3.9372153,2.1901507,-6.6842165,-9.763288,-4.473258,-5.533499,-1.1700697,-1.1021105,80.10955,37.26849,24.647951,19.292475,14.051304,11.24192,14.066292,10.917263,10.269955,8.175534,10.177697,8.112023,7.4277105,7.5102897,7.5633736,7.517217,7.69699,10.25121,12.233223,11.532445,0.22274242,0.19612893,0.29508635,0.35025018,0.24953926,0.34643435,0.37203,0.20964353,0.20861687,0.214788,0.3107569,0.32244566,0.23905498,0.19553271,0.32035112,0.34328172,0.24652347,0.32498658,0.37497446,0.23677659,0.2753561,0.26018468,0.327969,0.3599187,1220.0295209430099,515.1181582305816,0.04806244557856037,0.026358784312991452,0.098557666,0.03685718,jazz,jazz.00006.wav,c:\Users\darsh\Documents\Codex\2026-04-27\i-am-a-first-year-computer\Data\genres_original\jazz\jazz.00006.wav
-291.96646,137.64107,2.670107,35.637436,-12.310618,15.607241,-6.7985826,-2.8389623,-3.7904332,-3.4771762,-1.7255415,10.397662,8.31119,5.228631,0.33438346,0.3818246,-1.4845997,-0.76417226,-6.311322,-5.534649,50.421215,30.139174,24.24984,12.143352,10.982638,9.223023,9.683831,8.012535,7.9294744,11.39364,13.282232,15.959765,14.054587,16.702843,20.652407,19.829884,13.708737,14.687082,15.197097,14.476733,0.24016546,0.2585409,0.16559519,0.26019225,0.17286853,0.278917,0.10984533,0.114272445,0.11191613,0.15232052,0.33525375,0.16641578,0.33546185,0.3639697,0.20214549,0.37332126,0.22241254,0.39290577,0.18487771,0.22472139,0.2291593,0.21451978,0.41442195,0.23491998,1170.156796160003,346.35142393531186,0.06483445300406347,0.02659780258129316,0.093731664,0.047307834,jazz,jazz.00007.wav,c:\Users\darsh\Documents\Codex\2026-04-27\i-am-a-first-year-computer\Data\genres_original\jazz\jazz.00007.wav
-189.91695,134.41617,-25.677439,45.7453,8.189717,21.450272,-4.58438,14.390941,-12.660092,10.280643,-7.9415703,-1.1395625,-5.047989,2.4128125,-5.010759,-2.1543717,-4.2402406,1.8404957,-0.44336608,-4.7699075,55.41837,22.864202,27.603985,11.062771,12.523462,9.983136,11.181545,11.544103,9.334875,8.743412,8.3389015,7.56132,7.0567846,7.025699,6.2670183,6.7220407,7.9175515,8.255486,8.678358,8.042349,0.38666114,0.3636674,0.35330024,0.36887336,0.30176112,0.3509576,0.33872443,0.3755775,0.30247074,0.31878832,0.45996708,0.36798778,0.34271774,0.3003734,0.31519577,0.357061,0.25070795,0.32867756,0.28344136,0.30172178,0.24475761,0.2603393,0.34100103,0.26689026,1304.6853072764807,417.57881960296015,0.04627485245743034,0.025773536084823228,0.11859105,0.037474282,jazz,jazz.00008.wav,c:\Users\darsh\Documents\Codex\2026-04-27\i-am-a-first-year-computer\Data\genres_original\jazz\jazz.00008.wav
-296.6781,172.37866,16.867044,18.952925,1.3671669,14.381316,0.9986541,9.520248,-7.4175544,3.5217025,-7.659343,-0.10418446,-7.962855,-3.197102,-8.079399,-4.0539804,-0.84452397,-3.868959,-2.8218153,-6.9224005,36.09981,20.05722,15.551106,10.189891,9.8950615,9.271551,9.513978,7.931604,8.544739,6.9998674,7.522944,7.6572423,9.971729,10.173057,8.870454,9.5444145,9.436878,8.102103,9.366734,7.942255,0.20209548,0.36766586,0.26153177,0.19760118,0.24140841,0.20279811,0.3265874,0.27812856,0.3483401,0.25823575,0.25906265,0.2593056,0.18624613,0.37384924,0.27769324,0.24292056,0.31451923,0.19481333,0.37073314,0.2958532,0.32909143,0.27665624,0.29860663,0.31033915,749.3568923103393,213.99919239210732,0.03169028456366099,0.01169198518874115,0.085357636,0.027148549,jazz,jazz.00009.wav,c:\Users\darsh\Documents\Codex\2026-04-27\i-am-a-first-year-computer\Data\genres_original\jazz\jazz.00009.wav
-318.80017,162.65161,-16.45293,39.116074,31.457945,15.257577,-0.6891271,5.795027,-8.640236,-4.003876,1.3734984,0.092581026,-3.0869431,-1.5318716,-1.5808209,-4.881458,-4.259913,-1.2951263,-0.75336635,-4.4288716,107.95219,23.604889,54.080856,16.399448,14.124902,11.507185,9.255611,8.89605,13.226605,9.940406,7.0204844,6.392924,6.85998,6.2557945,6.489729,5.965503,5.4369674,5.8047166,5.938484,5.1581235,0.26495302,0.26443216,0.4393295,0.38047796,0.35836628,0.24609263,0.2551688,0.41831157,0.33473548,0.3642283,0.32547075,0.30569455,0.29272708,0.21639206,0.35814807,0.32303447,0.2815176,0.24145564,0.23424932,0.38671103,0.21741092,0.34301627,0.3061586,0.29213142,829.297629003448,413.6715429752409,0.033065559694272446,0.021363335641882263,0.064137496,0.040642947,jazz,jazz.00010.wav,c:\Users\darsh\Documents\Codex\2026-04-27\i-am-a-first-year-computer\Data\genres_original\jazz\jazz.00010.wav
-192.5174,113.18369,-6.3730574,39.593094,-9.189579,17.204056,-19.1146,12.203582,-15.475888,9.702115,-10.9617405,12.922776,-7.292179,8.494464,-4.1659617,0.975543,-7.1334233,1.1970458,-1.1769778,-1.2938058,41.59762,17.548838,19.113462,8.937842,6.8792415,7.0612817,7.3710976,6.41307,6.277639,5.8690605,5.8855147,6.8690424,6.201135,5.6515837,6.0949407,7.7667856,7.687383,7.363772,8.076799,8.227707,0.33651644,0.19617377,0.3692192,0.30676198,0.20804204,0.3686122,0.2635551,0.35137013,0.26135808,0.38434374,0.3329788,0.22358017,0.3333596,0.16483328,0.34797704,0.3009442,0.19291802,0.3553098,0.22251135,0.35106078,0.25055674,0.33718833,0.3222182,0.20800827,1825.9751750083572,360.71775229630003,0.07692054772155572,0.026831269059045988,0.07116985,0.03199497,jazz,jazz.00011.wav,c:\Users\darsh\Documents\Codex\2026-04-27\i-am-a-first-year-computer\Data\genres_original\jazz\jazz.00011.wav
-253.22859,122.68326,-5.6540437,40.592518,-5.8463955,18.427742,-16.653337,14.598945,-15.162859,8.216918,-13.890628,8.28256,-7.312089,5.423102,-6.3090177,2.7893257,-4.23507,0.53748345,-1.4851406,-2.5387597,48.462704,19.014784,22.82536,9.813608,8.111904,7.994233,7.0394454,7.4479694,6.3753185,6.510787,6.2939057,7.1815805,5.8944817,6.4917355,6.6512794,6.432976,5.607196,6.230867,6.1624618,5.6250095,0.4415289,0.31011325,0.33114266,0.35273895,0.28802338,0.3686658,0.3434182,0.38331226,0.41609216,0.37152022,0.4377097,0.32132134,0.3156764,0.2587836,0.2506834,0.30012935,0.21448731,0.2897966,0.28413358,0.29865468,0.31748036,0.26232246,0.34245574,0.24219666,1651.0000253804194,346.19754680806545,0.06369991715847523,0.02166720355284784,0.0375109,0.01654663,jazz,jazz.00012.wav,c:\Users\darsh\Documents\Codex\2026-04-27\i-am-a-first-year-computer\Data\genres_original\jazz\jazz.00012.wav
-217.64452,112.63787,12.686546,39.541504,-9.824912,17.383015,-12.365174,20.71796,-18.302826,16.35581,-10.025548,9.036939,-6.8994865,7.310711,-4.7856507,8.571134,-2.7742178,1.2789533,-0.36045966,0.34737915,29.84791,11.77124,11.044388,7.8161206,7.174607,7.1719756,7.2841444,8.97169,8.43867,7.1781616,7.6869955,9.330911,8.6997595,8.063186,9.276699,9.202673,8.992585,7.731467,7.7916574,8.534617,0.31497675,0.2570979,0.2511087,0.24370281,0.26250562,0.2899635,0.3082408,0.38777503,0.36975187,0.45272133,0.38698408,0.24792859,0.32884556,0.2660241,0.26675147,0.25684693,0.25850865,0.28968912,0.27307555,0.33721837,0.28602657,0.33873636,0.3411822,0.21488781,1790.006149597724,296.5909194274686,0.061073326843072755,0.017872258389557135,0.055481903,0.0176271,jazz,jazz.00013.wav,c:\Users\darsh\Documents\Codex\2026-04-27\i-am-a-first-year-computer\Data\genres_original\jazz\jazz.00013.wav
-358.30573,137.95895,-11.000713,20.85169,1.947358,-3.4139953,-11.5203085,-3.2774692,-11.020816,-8.386407,-7.478809,-1.0018492,-6.738015,2.3913643,-2.6258183,-0.2781393,-1.4365342,-1.6825632,0.9089204,4.435913,71.987915,31.658592,23.68904,18.579926,11.774607,11.451896,10.643871,7.9953103,8.515541,7.0656805,9.018418,8.457785,9.890514,12.493466,11.885683,13.256266,11.773943,12.175371,11.993686,13.351114,0.26834267,0.106103204,0.26274648,0.18161401,0.29181996,0.23073344,0.14048941,0.21391083,0.12753057,0.18805815,0.17053159,0.20236073,0.35011807,0.11854147,0.3768558,0.20016332,0.3720241,0.3011039,0.19848657,0.31482318,0.17360936,0.32512918,0.24920548,0.30650225,1171.7778494695315,408.9882868262025,0.06494254002999227,0.03403276585787961,0.039293658,0.03197367,jazz,jazz.00014.wav,c:\Users\darsh\Documents\Codex\2026-04-27\i-am-a-first-year-computer\Data\genres_original\jazz\jazz.00014.wav
-200.01402,117.22407,-12.376733,39.106846,-6.360409,16.528856,-17.306795,13.629066,-17.661602,14.0300255,-10.206363,12.1770115,-6.719636,7.73678,-8.080098,2.6364028,-6.6478405,4.868258,0.7024585,0.46183488,42.74209,18.09368,21.946842,9.748119,7.6306973,7.606001,7.964917,7.123589,6.0343037,7.1683745,6.183822,6.8482494,5.961292,6.703691,6.504793,7.6391973,9.19318,9.850797,8.530411,8.974266,0.33882785,0.30307716,0.3081801,0.3821693,0.31481996,0.336625,0.3379771,0.37183148,0.40082335,0.3696805,0.30854914,0.22290798,0.31567627,0.28816313,0.29347798,0.3229334,0.2803994,0.29903296,0.2986588,0.31613085,0.32802138,0.31022313,0.30024526,0.20487474,1782.4772448641631,318.48039083256566,0.07357060577109133,0.025324927976429722,0.062368374,0.024967894,jazz,jazz.00015.wav,c:\Users\darsh\Documents\Codex\2026-04-27\i-am-a-first-year-computer\Data\genres_original\jazz\jazz.00015.wav
-259.8296,123.20836,-6.4113007,37.575974,-2.9846904,13.062032,-14.09377,5.306913,-11.979528,3.5143046,-9.639545,5.3404865,-7.8407803,3.2650988,-0.5539108,2.8862455,-0.029540827,2.1029866,1.1109304,2.9338827,52.810177,25.86627,19.132647,13.564616,9.069416,10.428502,9.281755,8.5362015,8.698792,7.2496095,7.292676,8.226058,7.766356,7.9810066,11.168539,10.481846,10.662015,12.654927,11.701655,9.794855,0.29646012,0.19819354,0.23019107,0.26461536,0.19717734,0.26796225,0.2793977,0.20136265,0.2310727,0.21290745,0.23148537,0.38301045,0.3012865,0.25153667,0.29660293,0.29020435,0.24268298,0.32026103,0.30418766,0.23148471,0.30501184,0.2728955,0.27343458,0.3788122,1465.516121696498,378.50197520493487,0.06986427897639319,0.0350008076259884,0.060589816,0.03571416,jazz,jazz.00016.wav,c:\Users\darsh\Documents\Codex\2026-04-27\i-am-a-first-year-computer\Data\genres_original\jazz\jazz.00016.wav
-233.09598,105.91776,-2.6766145,37.433624,-8.178377,15.727415,-15.066482,8.377423,-16.38041,8.630883,-9.384077,7.093085,-5.9991117,1.992087,-5.7264166,-0.9412963,-6.9125576,-3.7720146,-1.6410494,-2.4500196,57.719727,22.852732,19.853483,8.871369,7.7875566,7.083286,8.545632,7.273685,8.718863,7.3054867,6.86993,8.075259,8.20528,6.481861,7.374313,7.8856544,7.931181,7.504711,7.248531,7.8520856,0.23027708,0.24188514,0.266407,0.39316535,0.26187944,0.2952601,0.28538164,0.27278793,0.37618345,0.5827679,0.6012668,0.33671474,0.19991283,0.24650005,0.25086713,0.3329914,0.22819439,0.2857654,0.2570207,0.22375114,0.27445912,0.3699735,0.36471307,0.24951918,1934.517120777341,528.0953098783484,0.08418656576528638,0.04044397175385996,0.049848225,0.030662378,jazz,jazz.00017.wav,c:\Users\darsh\Documents\Codex\2026-04-27\i-am-a-first-year-computer\Data\genres_original\jazz\jazz.00017.wav
-192.12538,105.58749,-26.031012,40.159424,-6.654979,26.496704,-10.388105,18.469723,-13.995583,14.937352,-12.68688,9.585426,-5.1951475,7.8301735,-3.8694518,12.349874,-1.117487,-0.7776856,-2.9812977,0.3580956,23.701752,11.7324095,14.541391,7.8817377,6.1544633,4.8628592,5.6466923,5.945069,5.245723,5.138612,5.0019774,5.391591,6.1772356,6.5892906,6.8624144,7.5507665,6.9101124,7.5508094,7.4671035,8.005964,0.36419103,0.23046152,0.33914942,0.23274861,0.30689937,0.38146192,0.4105277,0.53499305,0.4031443,0.3715696,0.29510483,0.37065038,0.33476064,0.21169838,0.30341047,0.19587342,0.2673063,0.31289715,0.27093863,0.35291198,0.28450257,0.2928475,0.26468936,0.29368797,1992.9408896772322,253.91093019362094,0.0877088422745743,0.02592100700553312,0.05222462,0.017741768,jazz,jazz.00018.wav,c:\Users\darsh\Documents\Codex\2026-04-27\i-am-a-first-year-computer\Data\genres_original\jazz\jazz.00018.wav
-267.28662,129.05225,-14.73706,41.26877,-1.0149711,22.953379,-8.132359,11.179749,-9.073575,11.318423,-5.499914,13.579102,-1.1755174,1.8777983,-2.7111607,3.2768626,-1.5962929,0.2642103,-0.61789775,4.506901,38.467632,21.408413,19.158552,11.465162,8.337296,7.073585,5.746166,6.4786267,6.3452497,6.2117987,7.3159547,9.0362425,7.393698,8.702748,9.1006155,9.360267,7.708979,9.115103,9.431134,11.709297,0.33172625,0.2971367,0.26131928,0.30312204,0.32838243,0.2657714,0.25518718,0.16913234,0.19893883,0.18852828,0.17556685,0.20149973,0.35644892,0.32282993,0.30300587,0.32680964,0.34272838,0.2919113,0.31817675,0.19440731,0.28399605,0.25302935,0.20725535,0.2226944,1352.9901253634762,297.79498727056233,0.05548416940789474,0.01969036391144513,0.050200842,0.016495796,jazz,jazz.00019.wav,c:\Users\darsh\Documents\Codex\2026-04-27\i-am-a-first-year-computer\Data\genres_original\jazz\jazz.00019.wav
-376.69403,119.16358,-2.9616616,48.50888,13.156193,21.244488,0.012301135,8.008127,-0.41269517,2.3665779,-0.03935629,0.89695203,1.6664361,-0.13889231,1.3513165,-0.17528994,1.9937044,2.7235878,1.7619061,0.44885123,57.5638,19.806242,20.972692,9.627694,10.315733,9.148233,9.384359,7.284782,9.784705,7.048622,8.031978,6.087493,7.51346,8.655843,7.7381635,9.000645,10.426312,9.653418,8.257356,9.208835,0.2557083,0.24410398,0.23445609,0.23534296,0.29734057,0.28801188,0.30924556,0.3312736,0.3634536,0.38728327,0.2759205,0.2498607,0.31280208,0.29402804,0.30536035,0.28293326,0.3155332,0.32032207,0.32188004,0.3483199,0.33452758,0.38382265,0.3033031,0.28686753,1171.3008454419294,341.6965319089031,0.03297183388157895,0.022543183579161824,0.027123563,0.016731685,jazz,jazz.00020.wav,c:\Users\darsh\Documents\Codex\2026-04-27\i-am-a-first-year-computer\Data\genres_original\jazz\jazz.00020.wav
-174.70403,75.89945,-12.7928505,52.606617,-29.416115,22.748615,-22.366758,18.633335,-24.704725,21.168024,-13.802683,13.009406,-7.8598876,8.022093,-5.9713917,9.527811,-6.0026174,2.3379805,-3.3587654,2.5073996,37.07228,26.10246,16.542059,8.339428,7.666306,6.8548393,7.494396,5.5776067,6.7602496,6.461888,5.224247,5.6601133,5.1130123,6.3098054,7.040359,7.2428155,6.643376,7.558278,8.27349,7.656701,0.32443964,0.35753867,0.39707357,0.39641654,0.44462433,0.55483633,0.49084982,0.39867616,0.45839882,0.5149191,0.502716,0.35416007,0.2380268,0.2706529,0.27672473,0.2751622,0.28342924,0.3233896,0.30243975,0.2801712,0.2941341,0.3109523,0.3151758,0.2584847,2915.1352677290415,682.9600964133042,0.1813991298616486,0.0860108218836192,0.047963757,0.020291056,jazz,jazz.00021.wav,c:\Users\darsh\Documents\Codex\2026-04-27\i-am-a-first-year-computer\Data\genres_original\jazz\jazz.00021.wav
-298.80795,112.078224,6.48577,28.386517,-6.7646794,16.651894,-11.809684,12.746783,-8.347038,13.898632,-4.235764,2.319571,-4.326794,1.4079037,0.71406513,13.479482,9.4194145,6.914652,7.877784,-1.7827401,39.404346,19.76351,17.920204,10.287582,10.054159,7.867063,9.060475,6.9926486,6.8838563,8.018267,10.581264,11.246448,10.99758,10.615365,11.847413,13.798047,14.120811,14.964541,13.613033,12.399585,0.1177016,0.13393542,0.22052906,0.18848361,0.16821219,0.19326651,0.12993026,0.20379294,0.36445826,0.2875999,0.22451787,0.18576144,0.21453227,0.21748368,0.32293323,0.25171062,0.21076915,0.31585607,0.21201706,0.30018854,0.37723255,0.32880136,0.32673705,0.30709118,1451.4983709587166,428.90120994390264,0.05122229041698916,0.02508611207624593,0.050492767,0.027137207,jazz,jazz.00022.wav,c:\Users\darsh\Documents\Codex\2026-04-27\i-am-a-first-year-computer\Data\genres_original\jazz\jazz.00022.wav
-188.10991,98.633316,-11.278644,47.21775,-20.33315,18.785868,-15.794505,13.689795,-15.45581,17.430904,1.0143805,18.283552,4.647218,9.836632,-5.4971385,2.1267319,-6.255142,-3.4161563,-2.99266,2.2102191,40.359074,23.243357,13.229332,9.405881,8.030156,5.8672237,7.1094947,7.0599546,7.7427244,7.903152,9.798505,9.909905,10.817212,13.225599,11.34035,8.824677,8.075582,6.4493685,9.147122,10.916754,0.19681023,0.38502407,0.2219914,0.3570892,0.2560227,0.3122833,0.17760561,0.16201597,0.18621641,0.14255059,0.104487814,0.1472537,0.21104251,0.42052066,0.21131898,0.4079647,0.27636242,0.39110518,0.23476805,0.26235634,0.2927529,0.23144487,0.15535702,0.2606662,1987.9269514759108,467.2354143521292,0.08007358988003097,0.030433425990363205,0.08783356,0.029748106,jazz,jazz.00023.wav,c:\Users\darsh\Documents\Codex\2026-04-27\i-am-a-first-year-computer\Data\genres_original\jazz\jazz.00023.wav
-202.60838,105.84573,-20.537838,43.89796,-14.2723465,25.29954,-15.592006,15.311661,-13.294727,12.276097,-8.764146,10.158417,-1.868105,6.1886616,0.21987689,8.036412,-3.1621914,-0.45418867,-3.5693424,0.72203916,54.82161,26.037931,22.94215,13.088404,9.3306675,7.018612,8.288448,7.8625116,7.6753526,7.8755603,8.02211,7.724696,8.063815,8.452274,9.339984,10.5505085,7.9492626,9.222829,8.32689,8.159373,0.35932326,0.31153134,0.35526845,0.42462125,0.3528916,0.30581906,0.29102936,0.3358404,0.3452234,0.3599013,0.34884843,0.40010718,0.28724542,0.2778436,0.28792635,0.3494387,0.30618903,0.28914595,0.26796585,0.32053033,0.31947052,0.34313548,0.29373488,0.3141176,2034.579158061201,560.9488056184325,0.0932473575367647,0.051010784801549636,0.058850657,0.028914437,jazz,jazz.00024.wav,c:\Users\darsh\Documents\Codex\2026-04-27\i-am-a-first-year-computer\Data\genres_original\jazz\jazz.00024.wav
-237.66241,108.30336,2.0399816,41.773727,-10.451949,16.930843,-8.600079,12.78567,-9.114532,15.938529,-6.518535,7.1738243,-8.2532625,-0.20715974,-8.692223,-2.2442803,-4.727633,-3.5138726,1.4635621,2.4141128,59.188488,19.600945,20.306902,11.932835,10.282127,7.5858793,7.054344,6.9413185,7.5353317,9.75793,9.708759,9.970409,10.259628,10.006832,9.843689,8.362131,7.036799,10.324903,12.659147,13.14212,0.23180752,0.2248507,0.21019265,0.30764133,0.21850933,0.24292165,0.4777455,0.31949666,0.2852667,0.2583391,0.2464776,0.19039811,0.3155389,0.26640353,0.2718507,0.37674296,0.26611888,0.24684194,0.4026759,0.2981045,0.33327216,0.31326672,0.29726332,0.24853645,1698.069097537734,404.60642314365145,0.0636243318256579,0.027135422933206903,0.06936076,0.038081534,jazz,jazz.00025.wav,c:\Users\darsh\Documents\Codex\2026-04-27\i-am-a-first-year-computer\Data\genres_original\jazz\jazz.00025.wav
-414.14978,104.84414,-7.8215127,37.875397,0.21377875,23.427856,-7.2741003,5.7665963,-1.0599749,8.498607,-5.4900293,0.89405924,-1.4638131,7.720704,1.2548677,6.0352397,5.2437243,2.4281998,7.604022,9.802248,65.87726,33.49358,30.228014,13.1977005,14.953433,11.536473,9.729338,9.7461,9.317732,7.193995,7.047462,7.056588,9.448454,10.153634,15.687052,19.469622,16.938307,14.772214,17.31924,22.489542,0.1641531,0.21906103,0.11628132,0.13595392,0.35995728,0.3083498,0.13345818,0.1445135,0.22780319,0.2878152,0.19702674,0.12797607,0.24752536,0.35600215,0.20941079,0.19032985,0.39784744,0.34929046,0.18304363,0.2652687,0.3536591,0.39039573,0.31118116,0.21592157,1367.4115371823048,650.1577434345613,0.05863569985971362,0.05430676235996627,0.03192383,0.017736925,jazz,jazz.00026.wav,c:\Users\darsh\Documents\Codex\2026-04-27\i-am-a-first-year-computer\Data\genres_original\jazz\jazz.00026.wav
-262.1244,108.98235,-6.332551,55.18973,-10.662288,18.535446,-4.2509165,18.561224,-19.706917,17.57483,-10.982369,11.932401,-3.4279113,7.197285,-8.854767,4.9730906,-4.0530725,-0.11804511,-0.8198281,-0.6021666,44.280792,15.101414,20.109629,7.5151544,7.411599,7.5051847,6.425588,5.443467,8.230822,5.7417464,5.909888,5.801536,6.223699,6.2990675,6.29543,6.1612415,8.151178,10.440535,10.26191,8.979534,0.2766426,0.29543194,0.31064445,0.31450248,0.28688553,0.34271905,0.40072206,0.47879028,0.40065625,0.30215412,0.2734684,0.2208549,0.30301246,0.2917715,0.28442463,0.3053205,0.2704375,0.31744623,0.30875394,0.36823514,0.33225894,0.2620104,0.3004403,0.25060156,1769.401598572535,326.05190991992293,0.0626534382256192,0.02596363851920037,0.04059718,0.01584568,jazz,jazz.00027.wav,c:\Users\darsh\Documents\Codex\2026-04-27\i-am-a-first-year-computer\Data\genres_original\jazz\jazz.00027.wav
-233.75851,108.46989,-10.714609,38.69959,-10.764276,14.162392,-16.258524,10.3716345,-20.816319,10.070498,-12.024098,7.7657723,-12.021539,3.3820167,-6.3585634,3.9780886,-1.281881,-3.8250744,-6.228565,-4.948927,45.526382,16.0801,21.395266,12.186407,7.524271,8.842316,6.19885,5.875495,5.87498,6.2385626,7.4144773,7.5286517,7.8627295,7.9293613,10.280291,10.69769,9.801355,10.822838,10.62781,9.809188,0.22318271,0.2189491,0.2301045,0.27706346,0.2730014,0.2935788,0.23952016,0.30189544,0.3239775,0.3029642,0.33990297,0.29317674,0.26114422,0.28475523,0.2674901,0.27721468,0.28757676,0.30114686,0.23680161,0.31961134,0.32942557,0.2933929,0.33698758,0.30853236,1853.5659404817295,333.37656018202057,0.07490468689531733,0.02379235314116334,0.048769686,0.02467407,jazz,jazz.00028.wav,c:\Users\darsh\Documents\Codex\2026-04-27\i-am-a-first-year-computer\Data\genres_original\jazz\jazz.00028.wav
-232.99846,93.82679,-16.198397,49.57395,-13.947246,13.494128,-11.828399,13.29052,-25.828712,17.37681,-13.317585,9.2779255,-5.4937844,1.9250959,-14.404328,2.5919952,-11.481819,-1.2296811,-5.204239,-3.8765178,36.02605,18.294367,16.522762,10.071748,9.276947,8.346061,6.7382336,5.846767,6.75569,5.7200785,4.950067,6.047403,6.745214,7.1343784,6.9297237,6.268725,6.9967484,9.167815,8.466744,8.670164,0.31075355,0.3978491,0.36900756,0.39560398,0.31151584,0.2871599,0.29551265,0.26081145,0.27653483,0.24234901,0.24056442,0.26441374,0.2922546,0.34474757,0.30164382,0.3388604,0.29016933,0.28038335,0.30374292,0.28280523,0.29789758,0.26015842,0.26001865,0.30356675,2235.3440263233524,406.01566820988046,0.09940416082140092,0.03194457158239107,0.036303554,0.013136529,jazz,jazz.00029.wav,c:\Users\darsh\Documents\Codex\2026-04-27\i-am-a-first-year-computer\Data\genres_original\jazz\jazz.00029.wav
-318.9286,115.70399,-23.042326,52.599457,-12.819439,14.633502,-8.213703,0.30774957,-23.876354,10.8421955,-9.591384,7.4833226,-4.2422366,2.9921112,-4.399105,-1.0453871,-5.3950353,-5.510678,-6.9705253,-1.718066,50.205215,29.080196,23.322016,12.789552,12.0093565,8.279034,8.351743,7.713759,9.111145,8.289387,7.7857456,9.355528,9.289524,8.687642,10.345298,9.684696,11.757675,10.118459,7.729911,10.261254,0.21473981,0.2552446,0.26320568,0.21948153,0.30161792,0.21659745,0.14789699,0.12613738,0.22523692,0.34901318,0.28899744,0.21235794,0.29985934,0.31291637,0.3313094,0.27251607,0.35249478,0.2692463,0.20655565,0.1814634,0.26440048,0.37189528,0.32350788,0.27428734,1687.2984527938816,508.19015017875216,0.0846627533620356,0.05328118393171564,0.029602116,0.013239757,jazz,jazz.00030.wav,c:\Users\darsh\Documents\Codex\2026-04-27\i-am-a-first-year-computer\Data\genres_original\jazz\jazz.00030.wav
-237.4993,115.94339,-15.457233,47.112404,-13.510732,18.199331,-13.97124,15.334493,-17.535894,13.420798,-6.2305856,8.634658,-7.2484007,4.7821355,-4.3985643,4.5109816,-4.2662787,2.3292112,-9.923248,-4.3256035,39.653667,16.989613,21.454308,9.198482,6.6740017,6.439201,6.2480135,5.171956,5.439216,5.3537273,6.4188666,7.67896,6.3559933,6.8772187,7.637791,10.693995,9.092594,9.392023,10.524707,9.054473,0.23471315,0.22108212,0.26776725,0.31443006,0.29036382,0.31549442,0.31207746,0.34224287,0.3297232,0.40054747,0.4286471,0.27538458,0.27628428,0.2669039,0.27527308,0.315942,0.30041718,0.28138122,0.29222718,0.31656274,0.29149565,0.33594704,0.3626335,0.27519578,1752.8065045704263,302.67396888042566,0.07241415017898607,0.030012671049944956,0.043587964,0.012984338,jazz,jazz.00031.wav,c:\Users\darsh\Documents\Codex\2026-04-27\i-am-a-first-year-computer\Data\genres_original\jazz\jazz.00031.wav
-305.4945,121.9265,2.5947757,36.92105,-8.559168,17.905397,-9.27087,10.555924,-9.937912,2.3099349,-12.68508,0.30534187,-8.61895,2.5933342,-6.9699116,-2.92246,-4.6507387,-3.2466338,-4.451147,-3.9681137,60.41672,27.165424,13.688161,9.229357,8.765295,8.379091,8.526312,7.450971,7.835197,7.389216,8.356783,6.5469275,9.664402,8.417952,10.824992,10.000452,10.256504,11.212955,11.720654,9.752328,0.24622035,0.24310985,0.30632052,0.2292963,0.27062812,0.26419526,0.35523242,0.37661922,0.30821633,0.2981975,0.22269876,0.24858774,0.30727267,0.25851175,0.3436639,0.24127549,0.3205006,0.2862841,0.35221374,0.3601715,0.32598415,0.32457146,0.2754939,0.32099557,1522.348449286544,572.0723012388703,0.06140930364744582,0.03409256535295288,0.04050316,0.023867823,jazz,jazz.00032.wav,c:\Users\darsh\Documents\Codex\2026-04-27\i-am-a-first-year-computer\Data\genres_original\jazz\jazz.00032.wav
-261.7981,139.52618,-17.128895,49.894917,-5.868644,19.853361,1.8584793,5.7186427,-7.8311825,-0.41735047,-1.2528473,-2.1903841,4.4650016,-0.31179234,0.11012429,-0.2791801,1.9837533,-2.6391046,-1.1543753,-5.369062,70.05786,20.829119,19.342598,10.79071,15.537204,6.094448,11.247619,6.9881887,9.723939,5.895534,6.7913933,5.3024535,4.9377666,5.3013587,5.206913,5.129749,5.818853,5.7069516,6.185294,8.333206,0.24670328,0.27673814,0.25797737,0.28678647,0.24083419,0.22654362,0.2301754,0.23049544,0.31154957,0.36813873,0.3568569,0.25545087,0.30793798,0.32140037,0.31831253,0.32908094,0.28234223,0.28129467,0.29728466,0.251918,0.32756478,0.35141096,0.34678027,0.27401343,1169.6513052388445,364.4798492473474,0.042349706124226005,0.0204392451891489,0.06975041,0.04318438,jazz,jazz.00033.wav,c:\Users\darsh\Documents\Codex\2026-04-27\i-am-a-first-year-computer\Data\genres_original\jazz\jazz.00033.wav
-146.41248,118.20678,-34.672737,58.787296,-14.96906,34.30445,-6.6033545,13.900938,-14.645583,9.200514,-11.337798,1.0974871,-5.5033083,-0.14809227,-2.1899939,-2.7196238,1.1250764,-5.595059,-2.7608356,-7.1366477,53.3712,25.18725,19.873169,11.4304695,8.340607,7.331095,7.7553997,6.7303753,8.720208,8.436995,8.648438,9.091038,8.884285,9.766376,9.179173,9.552164,9.99095,9.266031,10.000893,11.606226,0.25856742,0.16914476,0.22412065,0.41252184,0.3530093,0.46546224,0.2873324,0.32713047,0.44172934,0.28502443,0.29308328,0.22319406,0.28317022,0.21736242,0.2303336,0.35387123,0.27439865,0.38780388,0.23626532,0.28114727,0.35475278,0.22604539,0.302532,0.2243128,1759.5124735322347,516.828253561976,0.07934494727167182,0.04745797021033354,0.12998866,0.03993758,jazz,jazz.00034.wav,c:\Users\darsh\Documents\Codex\2026-04-27\i-am-a-first-year-computer\Data\genres_original\jazz\jazz.00034.wav
-261.8773,182.53572,-16.907091,49.871548,-1.2144475,6.345548,6.0023866,-8.87311,-10.31628,-3.2050645,-5.3718143,-3.5495334,-2.8916366,-7.471893,-0.53671455,1.1297972,-1.9821693,-5.232583,-1.8658419,-3.5023198,51.059456,21.430923,25.531193,15.117731,9.543668,8.223929,8.435398,7.4430604,7.5467677,7.8219485,7.259785,5.764897,6.2487793,6.210665,5.386072,6.5724,5.979944,8.058753,6.54313,7.3454556,0.40271667,0.23682134,0.32325774,0.20814365,0.27422836,0.2041159,0.18807179,0.23564899,0.1933151,0.30007318,0.25738838,0.35070518,0.37715125,0.23087458,0.3838127,0.20019679,0.3136411,0.25642356,0.21960014,0.2953034,0.2168697,0.3378286,0.262633,0.3413427,844.139158472617,226.68513054101734,0.03772993058243034,0.011496381304279784,0.09149953,0.035104938,jazz,jazz.00035.wav,c:\Users\darsh\Documents\Codex\2026-04-27\i-am-a-first-year-computer\Data\genres_original\jazz\jazz.00035.wav
-196.84306,152.79964,-36.91005,41.80352,-8.709019,4.415908,-11.570121,1.4324354,-14.735855,0.46832043,-10.17039,-6.9220095,-6.2524304,-3.7121272,-4.5659947,-6.4165106,-2.9002304,-4.85339,-5.8741407,-9.119883,53.537746,28.362162,25.266405,16.657778,10.698334,8.307172,8.424427,7.1828775,7.301551,7.381354,9.554538,7.102959,7.4598165,7.585341,7.1476665,7.482904,8.190786,7.792092,10.200594,10.07634,0.3090639,0.32353315,0.44780663,0.24302194,0.27465108,0.39715737,0.2041041,0.305834,0.24810994,0.37967938,0.49017996,0.24527486,0.30499494,0.27074102,0.3397145,0.22815363,0.22761975,0.32011202,0.1747354,0.3322099,0.23987933,0.2953374,0.36544344,0.2042609,1482.2909039482727,531.7950122754268,0.09955948868034056,0.05652341898030394,0.08055791,0.034158155,jazz,jazz.00036.wav,c:\Users\darsh\Documents\Codex\2026-04-27\i-am-a-first-year-computer\Data\genres_original\jazz\jazz.00036.wav
-198.46254,140.68542,-18.416391,30.510448,-6.7052684,15.720156,-0.7331225,7.2968297,-6.5850825,6.07465,-5.1329575,3.4482963,-2.8441162,7.178578,-0.3125017,-2.018028,3.1283484,0.86733526,1.5159482,-0.23433027,46.172173,20.951948,21.174643,15.0164385,8.828272,8.942255,7.8741727,8.068979,7.84859,7.902573,6.9556665,7.24738,8.230117,7.8494134,8.412194,9.508828,9.437892,9.377065,10.772717,12.704763,0.24365048,0.2690871,0.27061555,0.28427643,0.2544353,0.4185003,0.2890814,0.32457772,0.27394995,0.24984369,0.2991261,0.242232,0.24933887,0.32107958,0.2872936,0.32300508,0.25074673,0.37493286,0.26480436,0.3586922,0.28247368,0.27791592,0.33047795,0.24551062,1276.6962578384557,351.86166372553765,0.05151291602167183,0.02037662576597452,0.106601134,0.04553051,jazz,jazz.00037.wav,c:\Users\darsh\Documents\Codex\2026-04-27\i-am-a-first-year-computer\Data\genres_original\jazz\jazz.00037.wav
-179.59479,124.327644,-29.741776,45.383682,-10.188967,17.7808,-8.817682,12.764228,-10.756726,8.615612,-12.390897,3.3914454,-12.018151,6.511954,-9.865381,-2.809282,-5.1148653,-1.1965954,-1.8772842,-5.6373334,52.682808,17.351837,23.065645,15.751749,9.21546,8.655018,6.9564843,7.8195534,6.977773,6.653032,6.4586415,6.893647,6.512081,8.679878,7.3002386,6.266399,7.264251,7.3492103,6.772056,7.1027017,0.3926349,0.23979105,0.17702223,0.1674308,0.24600986,0.35891387,0.25528413,0.36165622,0.33946759,0.25221387,0.3143653,0.32253224,0.37754884,0.2677597,0.18566771,0.19971833,0.26990324,0.3564382,0.24577393,0.32986882,0.3081823,0.24812703,0.3486846,0.25436845,1554.3796467342697,280.6923374921193,0.0664005811000387,0.02376858270754691,0.097780414,0.033796128,jazz,jazz.00038.wav,c:\Users\darsh\Documents\Codex\2026-04-27\i-am-a-first-year-computer\Data\genres_original\jazz\jazz.00038.wav
-237.23965,146.82582,-24.444063,64.27367,-10.833981,3.2591314,-1.3375038,2.7255344,5.1689434,0.3977409,9.61138,2.5067873,3.1193676,7.759573,-1.5198303,1.7340521,0.7672745,-2.4550922,4.0099955,-2.002492,71.56001,15.517969,23.457058,14.067769,18.178183,12.154092,14.5504465,13.292401,8.904454,10.643781,11.694235,12.470268,9.701283,8.633349,10.627548,9.759333,9.629748,9.764498,8.768951,9.547819,0.2855696,0.23481497,0.18871255,0.2758998,0.24777299,0.32720473,0.20217071,0.22341709,0.30300397,0.21521431,0.24300934,0.2253839,0.34091294,0.29328334,0.23423508,0.34593654,0.26244983,0.3629317,0.23380876,0.26710984,0.34649995,0.25052857,0.3188975,0.27376348,1311.6069322444187,380.455115327587,0.0765237247242647,0.03379613765057276,0.082262956,0.03996414,jazz,jazz.00039.wav,c:\Users\darsh\Documents\Codex\2026-04-27\i-am-a-first-year-computer\Data\genres_original\jazz\jazz.00039.wav
-179.7903,147.7629,-20.479698,58.623974,-23.80918,2.4678252,-3.195293,-9.301368,-5.7592354,-0.4264562,-8.36673,3.102465,-6.851183,-4.3833656,-1.1809789,-4.269698,-0.55573136,-3.5810244,1.5018764,-0.6082082,35.435658,24.801458,22.523773,19.698404,13.242435,13.457444,11.395036,9.363839,8.623417,8.90653,8.10633,8.790288,8.431803,7.832479,7.4151564,7.30295,7.85484,10.448492,12.482419,12.913531,0.3482159,0.27661178,0.15278916,0.19416997,0.16647309,0.19588485,0.2239065,0.2745913,0.3315408,0.23175707,0.20326714,0.24084304,0.37249532,0.3152688,0.21837613,0.27830765,0.2395002,0.3015792,0.29750532,0.3311173,0.3671577,0.29317012,0.2935653,0.29473457,1317.1069234804231,426.78686771446,0.0548605904121517,0.0245357977301386,0.13803996,0.036043637,jazz,jazz.00040.wav,c:\Users\darsh\Documents\Codex\2026-04-27\i-am-a-first-year-computer\Data\genres_original\jazz\jazz.00040.wav
-216.31119,134.98277,-35.480675,61.595497,-14.545806,11.046171,1.2093091,10.962497,-8.294633,-1.443715,0.1224874,8.281558,-4.578641,0.56778693,-6.10236,0.20412989,-0.59292066,-5.035705,-1.2523042,-7.2209463,87.47062,19.593714,29.459429,12.388308,14.768514,9.743469,8.594145,10.048634,10.328481,10.670538,10.550075,12.299403,10.575058,11.986155,10.002339,9.027407,8.792468,9.37672,11.013049,12.183345,0.3291902,0.20788425,0.35664403,0.4525992,0.3068886,0.29616037,0.23874855,0.3469307,0.22178933,0.262383,0.4028032,0.2767229,0.33657756,0.19297367,0.3131583,0.36327755,0.2749015,0.31884253,0.22958335,0.3415287,0.21711639,0.23393485,0.35823235,0.23862855,1617.8954526280595,399.78434280311603,0.10063091077302631,0.046353907167635246,0.07821867,0.040809825,jazz,jazz.00041.wav,c:\Users\darsh\Documents\Codex\2026-04-27\i-am-a-first-year-computer\Data\genres_original\jazz\jazz.00041.wav
-206.78493,141.83739,-13.811613,49.346706,-24.811642,11.820209,-12.791098,-16.55724,-8.389538,-1.206318,-7.6506824,-1.3711842,-9.346775,-7.500101,-2.865562,-6.141148,-0.94135714,-1.3060672,-2.2506695,-3.284735,68.33607,23.07164,23.038124,12.662139,14.290349,10.820748,9.917405,9.727777,8.027928,6.637209,7.019234,5.5370445,7.1471076,7.128457,6.826244,7.6554317,8.2834835,8.012794,9.85458,10.045288,0.2350709,0.18797924,0.27197772,0.28433496,0.27638415,0.37441638,0.3088235,0.32860526,0.20368868,0.27877608,0.35334367,0.3198893,0.30243996,0.22286803,0.30540773,0.28518483,0.26023516,0.35071287,0.28067255,0.3448459,0.22842304,0.30021653,0.33317307,0.31009263,1344.4488685825497,432.45857178213896,0.06121202592879257,0.02931408600564928,0.09952182,0.062769234,jazz,jazz.00042.wav,c:\Users\darsh\Documents\Codex\2026-04-27\i-am-a-first-year-computer\Data\genres_original\jazz\jazz.00042.wav
-173.28468,111.695885,-35.922306,45.855305,-11.438427,19.691587,-8.049166,17.947191,-8.94971,14.695819,-10.342502,4.670976,-11.798714,3.2452495,-7.9869556,0.0874499,-3.5760612,-0.4394751,-2.1039736,-4.8935866,54.73893,21.571672,22.926657,14.427616,9.082756,10.342453,9.459275,9.510773,14.805271,9.82225,9.016915,10.20047,9.402298,9.381081,8.687375,6.83123,8.202497,11.770889,11.746922,11.452217,0.29111412,0.2147859,0.25803393,0.24794692,0.27045754,0.21117432,0.22221419,0.37750658,0.2516297,0.3200296,0.18793555,0.19256932,0.36399785,0.23417583,0.3203767,0.28679803,0.3247423,0.26045567,0.23973806,0.37897786,0.22500403,0.36417118,0.21856603,0.23486093,1760.2398025931382,346.39413478459556,0.08566917206849846,0.02883563749806154,0.11171224,0.03793245,jazz,jazz.00043.wav,c:\Users\darsh\Documents\Codex\2026-04-27\i-am-a-first-year-computer\Data\genres_original\jazz\jazz.00043.wav
-246.97653,167.98892,-19.801535,22.009905,-0.7347984,15.093262,-1.2836857,4.7284274,-2.0619886,6.532096,-1.3844994,5.6376348,-0.28600582,5.652524,3.1969109,1.862163,7.0115137,5.044913,2.4658363,-0.89810926,60.032475,28.174639,24.980095,14.278322,11.718983,10.08993,9.544308,9.732487,8.857751,8.01933,8.086942,9.202085,10.541176,9.19747,8.906036,11.587712,12.181217,12.210255,11.339694,12.796675,0.25092882,0.25044897,0.43361247,0.33413145,0.32797894,0.26133856,0.18314871,0.27993825,0.22762904,0.2974408,0.26787242,0.20501475,0.28559783,0.24828778,0.37829265,0.29645082,0.3242998,0.30450156,0.21597105,0.34467834,0.24025847,0.3266008,0.29793262,0.19574733,1004.9502771230314,355.13628975665,0.04966409878095975,0.02345245833390414,0.08642742,0.036635004,jazz,jazz.00044.wav,c:\Users\darsh\Documents\Codex\2026-04-27\i-am-a-first-year-computer\Data\genres_original\jazz\jazz.00044.wav
-231.32324,174.37616,-19.749836,47.37502,-1.9767631,6.6665854,-1.1248547,-5.499828,-13.732543,-3.6929977,-6.3150654,-1.5051631,-2.6337101,-7.269516,-2.3065696,1.0365756,-1.11247,-8.569704,-4.0475135,-3.914494,53.566845,19.11613,23.194712,11.995713,8.47882,7.1441708,8.022754,6.2498827,7.668224,6.7720904,7.0462565,5.6945086,5.769155,5.9422345,5.97897,7.9061923,6.535349,7.570356,6.550003,7.082249,0.37892157,0.28546876,0.19929644,0.2564478,0.26832792,0.21247129,0.17813288,0.35595548,0.34080017,0.26832747,0.29494783,0.30477223,0.33852017,0.3065949,0.23533805,0.2802916,0.2883874,0.259178,0.19257252,0.36451444,0.34711984,0.28415936,0.341955,0.30930877,937.3979933729273,240.67222624477668,0.04262597051567337,0.014531025576167603,0.100316875,0.035321653,jazz,jazz.00045.wav,c:\Users\darsh\Documents\Codex\2026-04-27\i-am-a-first-year-computer\Data\genres_original\jazz\jazz.00045.wav
-204.23213,147.5966,-25.21863,49.35425,-15.650294,2.7000425,-7.8495536,-10.64235,-4.7988915,-3.6669726,-3.5059485,1.5687525,1.472206,-2.7254915,-0.2792368,-2.2208846,1.5168806,-1.0502744,-1.7688464,-2.4751627,63.54218,15.933861,22.724564,10.783199,12.272352,12.947061,9.462454,7.7575064,8.932581,8.635413,7.5819297,7.3971567,10.257693,9.6355915,10.603165,10.785648,7.9519725,8.218156,8.579176,8.526839,0.2583914,0.19220315,0.19226304,0.35020036,0.22320864,0.27145165,0.24859434,0.25449175,0.21892543,0.1958061,0.35057613,0.24655107,0.30958885,0.25640827,0.22330792,0.38588467,0.23794582,0.3352176,0.29279333,0.31462294,0.29432842,0.2228276,0.37274337,0.25248015,1295.2562362132712,286.6355305576905,0.058650061072948914,0.020447560839816234,0.11051244,0.059103955,jazz,jazz.00046.wav,c:\Users\darsh\Documents\Codex\2026-04-27\i-am-a-first-year-computer\Data\genres_original\jazz\jazz.00046.wav
-201.8075,109.284294,-15.505193,44.283955,-11.047105,18.851799,-11.312692,18.409912,-18.911566,11.226409,-11.899514,6.9697394,-11.650191,7.0859737,-9.120557,9.888988,-5.6546845,-3.324047,-5.450979,-0.3050126,46.381466,22.756289,13.716816,8.654711,7.67108,7.119292,7.368883,6.2562065,6.1098313,6.521664,5.8124547,5.260401,5.5238104,5.7168527,5.980136,6.8297434,6.7078366,6.691238,8.436221,8.176273,0.36316425,0.32780036,0.34138396,0.35905403,0.35206598,0.40084934,0.36110082,0.332677,0.35828805,0.33268526,0.36840326,0.4054387,0.28273162,0.2777826,0.28236926,0.31639922,0.29475585,0.34468487,0.28605497,0.2914052,0.29898265,0.30005231,0.3134014,0.32212013,1982.1284065663644,503.33810619237363,0.09357350824787151,0.04409688147515413,0.05388066,0.023595426,jazz,jazz.00047.wav,c:\Users\darsh\Documents\Codex\2026-04-27\i-am-a-first-year-computer\Data\genres_original\jazz\jazz.00047.wav
-204.8289,117.45068,-20.939705,42.00593,-10.364102,19.208967,-11.633759,7.984112,-20.264105,8.785672,-11.69737,5.1714864,-11.238976,6.061274,-5.141876,7.8284683,-1.1918259,-1.0728695,-3.1602397,-1.5336095,40.602955,18.124168,11.794762,9.007467,9.460075,8.817796,8.110865,6.501601,6.9459467,7.2576575,8.430016,8.995209,8.061338,10.0151205,10.473661,9.63728,8.7033,9.059239,8.761619,8.519134,0.34054416,0.2582114,0.31491125,0.24919415,0.2939545,0.25021073,0.2976534,0.34421557,0.24368113,0.24902312,0.21841773,0.33156505,0.33261243,0.2576237,0.307577,0.23454927,0.3261575,0.2605243,0.26467797,0.33477318,0.27585495,0.30540216,0.25227764,0.33073193,1748.0333593267528,363.6638438883432,0.0792973285119969,0.025587165006959588,0.05864249,0.01998443,jazz,jazz.00048.wav,c:\Users\darsh\Documents\Codex\2026-04-27\i-am-a-first-year-computer\Data\genres_original\jazz\jazz.00048.wav
-165.46796,87.24911,24.815533,28.417309,-2.78055,-1.331789,-14.06644,-4.7474623,-19.206074,-0.5928637,-11.947256,-8.335517,-8.235879,-0.42448306,-6.424987,-1.5306299,2.0240119,-0.4465538,-0.9040552,1.5472666,57.539486,30.441158,23.95092,16.861963,12.069844,13.953784,12.232794,11.108632,9.844868,15.477581,9.6107235,9.151771,7.9171534,9.856771,10.889331,12.790228,13.805197,11.484669,11.773664,14.608139,0.12293706,0.106673814,0.18101864,0.18599527,0.27987185,0.35195303,0.20412476,0.20601876,0.24826035,0.36081663,0.17950948,0.09164935,0.2510784,0.18228802,0.2922147,0.27196446,0.3390833,0.39490294,0.28241402,0.3098239,0.3076432,0.4058514,0.25715896,0.15683219,2050.136011182281,724.4312485653154,0.06479514863099846,0.04402998115700122,0.18441704,0.090602525,jazz,jazz.00049.wav,c:\Users\darsh\Documents\Codex\2026-04-27\i-am-a-first-year-computer\Data\genres_original\jazz\jazz.00049.wav
-55.19004,77.47864,8.272335,31.560976,11.512486,11.753403,7.877706,13.5176115,-2.2645762,5.6161685,1.4572818,7.372972,-0.92715424,1.6434429,-6.0775332,1.2362775,3.2791789,2.9196072,2.4114404,1.940294,31.715857,18.556017,14.684584,10.832547,9.39847,6.953135,6.8003616,6.0339293,6.1899805,6.7982826,6.8157907,5.846748,5.3777037,5.316347,5.325953,4.9879146,6.0025167,7.484191,7.7568345,6.472365,0.35182223,0.45201045,0.6834779,0.3999118,0.3083187,0.34850505,0.38469484,0.5404313,0.42780492,0.39347035,0.32431254,0.30973685,0.2802327,0.27655077,0.34002998,0.24692915,0.21825424,0.2527818,0.22665273,0.33187005,0.26177058,0.27219176,0.2531259,0.25074708,2482.069759803357,456.93539228942933,0.08078258030185759,0.028326074518788227,0.19042452,0.028103214,jazz,jazz.00050.wav,c:\Users\darsh\Documents\Codex\2026-04-27\i-am-a-first-year-computer\Data\genres_original\jazz\jazz.00050.wav
-260.89798,138.52455,-16.351122,49.150703,-5.258575,19.354553,2.2062228,5.555695,-7.877213,-0.19809215,-1.6170182,-1.7220757,3.943696,0.23985948,-0.42688787,0.23164405,1.5121373,-2.2414095,-1.4566265,-5.157089,70.611595,21.156857,18.56076,10.55286,14.810737,5.919561,10.856157,7.0457754,9.537167,5.8686085,6.8826256,5.269655,4.911159,5.262176,5.328855,4.911966,5.926934,5.5658913,6.1273847,8.35653,0.24668625,0.2767002,0.25799587,0.286819,0.24083234,0.22656961,0.23021992,0.2305417,0.3115688,0.3681642,0.35684538,0.25548506,0.30788004,0.3212929,0.3182948,0.3291154,0.2823035,0.28130892,0.29729772,0.2519532,0.32753602,0.35138154,0.34670874,0.27397397,1193.8785302218275,366.1146891345755,0.0424521242501935,0.020346408450458972,0.06975202,0.043183833,jazz,jazz.00051.wav,c:\Users\darsh\Documents\Codex\2026-04-27\i-am-a-first-year-computer\Data\genres_original\jazz\jazz.00051.wav
-91.2162,82.6024,12.171335,36.692253,-0.8373647,13.415139,5.6200523,9.662233,-3.7782633,1.8234929,1.545975,1.2873137,0.82279134,4.399219,0.55539364,3.8112535,-0.35386616,0.23312397,1.8074713,1.7372178,46.76441,24.311476,16.43852,10.55724,11.584266,8.072135,7.4432855,5.46561,6.3820047,6.6303434,6.339906,7.4594307,6.120814,8.205196,7.7893553,7.7068267,7.3018856,8.474734,8.809161,7.1437426,0.43605518,0.3614216,0.42940208,0.3774474,0.3876626,0.39259842,0.33412266,0.39888912,0.32574576,0.3444919,0.26572075,0.3396499,0.37152964,0.26698437,0.3327582,0.28552374,0.3111266,0.33274758,0.2626345,0.32416683,0.24200143,0.320198,0.23384695,0.2780884,2291.4059616944,611.3460311448184,0.0774182771381579,0.0445108259656936,0.18859367,0.06745076,jazz,jazz.00052.wav,c:\Users\darsh\Documents\Codex\2026-04-27\i-am-a-first-year-computer\Data\genres_original\jazz\jazz.00052.wav
-141.08891,110.76341,-27.475183,51.973927,-8.664053,28.615349,-1.6129185,9.6620865,-11.183889,6.517714,-9.409994,-0.12163655,-4.9299374,-0.15413304,-2.6613839,-1.8625249,-0.023488283,-4.2459736,-4.2238703,-5.6372056,55.91953,29.77425,18.83795,10.081753,7.0374846,8.092078,7.1480284,6.858781,7.673096,6.6543818,8.292708,8.0545225,8.580238,9.61848,9.194492,9.315925,9.911319,8.986423,10.03909,11.560941,0.25867552,0.16918968,0.22413094,0.4125241,0.3530041,0.46545783,0.28732988,0.32710227,0.44171143,0.28502798,0.29309577,0.22326913,0.28320327,0.21737058,0.23033032,0.35386574,0.27439255,0.3878041,0.23626556,0.28109515,0.35474262,0.2260438,0.30252513,0.22430766,1804.7156340756278,545.9801373584984,0.07951917146381579,0.04778169133845097,0.1300118,0.03995832,jazz,jazz.00053.wav,c:\Users\darsh\Documents\Codex\2026-04-27\i-am-a-first-year-computer\Data\genres_original\jazz\jazz.00053.wav
-260.35196,180.60806,-15.362777,48.56042,-0.074327596,5.4342794,6.5999103,-9.153326,-10.28985,-2.988407,-5.823055,-2.9312968,-3.617783,-6.6764116,-1.3511277,1.9006733,-2.6857538,-4.6111813,-2.3806973,-3.110714,51.375267,22.190632,24.743876,14.313479,9.088181,8.236591,8.402059,7.1610184,7.221664,7.6183395,7.2379823,5.6802907,6.188019,6.1028333,5.4672008,6.6899514,6.035482,7.8504972,6.670442,7.2361255,0.40270376,0.23682225,0.32327047,0.20814466,0.274231,0.2041073,0.1880747,0.23564805,0.19331542,0.300078,0.2573895,0.3506925,0.37714228,0.23087126,0.38382584,0.20018882,0.313631,0.25640213,0.21960244,0.2953005,0.21686012,0.3378235,0.2626328,0.34133956,871.7686824803111,224.34765304462866,0.03778284031540248,0.011459652741058646,0.09149874,0.035104275,jazz,jazz.00055.wav,c:\Users\darsh\Documents\Codex\2026-04-27\i-am-a-first-year-computer\Data\genres_original\jazz\jazz.00055.wav
-38.042522,64.98809,14.297374,21.284706,7.5019083,6.3721075,1.933678,6.556061,-2.9327826,5.597701,2.5014198,3.0295463,0.6087424,1.9923112,-1.7813993,4.515871,0.060301222,-2.0403485,-3.8632624,-2.0456011,35.875725,17.684435,11.233511,9.321382,7.370952,7.0000157,7.6624627,6.932142,6.8196993,6.995741,7.3468876,7.9897614,7.8800926,7.6095543,6.7023053,6.4529634,5.799113,6.193194,7.9350944,7.796268,0.31347293,0.3138329,0.39213702,0.39881283,0.41100332,0.42489746,0.3868827,0.3968906,0.3848559,0.31561503,0.31249353,0.41948858,0.2550253,0.266495,0.31908873,0.30765992,0.29831886,0.32246476,0.28566667,0.31220558,0.30275068,0.26620263,0.26713952,0.31865358,2978.340196118377,519.9501319902151,0.11482508042279412,0.04388729435354578,0.19823949,0.04644267,jazz,jazz.00056.wav,c:\Users\darsh\Documents\Codex\2026-04-27\i-am-a-first-year-computer\Data\genres_original\jazz\jazz.00056.wav
-248.10942,125.98793,-12.599597,30.244165,-1.0903056,-2.2130058,1.9470434,0.25160497,2.6987667,-4.426094,-6.4816456,-6.51706,-3.9940166,2.348258,0.36170608,-4.0673127,-1.5211642,-3.530002,-6.192057,-7.346031,56.893105,20.031738,22.260925,11.973859,10.145097,8.955614,7.351547,7.2000675,8.658445,7.5815563,9.754995,7.328104,8.3697815,7.555471,7.7752733,7.003702,8.532466,9.716657,10.664285,9.534592,0.3511657,0.31006277,0.25542927,0.24141563,0.13515994,0.1569852,0.12661774,0.21030737,0.23903652,0.2114752,0.3527,0.21810408,0.3710733,0.34172514,0.2913522,0.3287572,0.21145469,0.25328004,0.20936729,0.29623052,0.3240285,0.2393478,0.3858701,0.22364245,1377.9769900941744,409.6102079791208,0.06180650457140093,0.03635613276363216,0.07812967,0.04779489,jazz,jazz.00057.wav,c:\Users\darsh\Documents\Codex\2026-04-27\i-am-a-first-year-computer\Data\genres_original\jazz\jazz.00057.wav
-190.51927,143.9857,-28.421675,33.79344,-1.2972339,-2.3015273,-5.643836,-3.640014,-10.529327,-2.8581395,-7.707229,-8.583432,-5.3038983,-4.025823,-4.786987,-5.7614465,-3.8844845,-3.6434102,-7.224798,-7.6945853,55.473866,30.8001,23.746527,14.664434,8.735258,7.334411,7.198365,6.2556925,7.1277823,6.670791,8.909249,6.8242984,7.5220466,7.611605,7.235488,7.516946,8.062304,7.820036,10.227453,10.06474,0.30907547,0.32357413,0.44780388,0.24304692,0.2746683,0.39715308,0.20409599,0.3058117,0.24810359,0.37969682,0.49021143,0.24528995,0.30498824,0.270779,0.33970356,0.22817943,0.22762758,0.32011285,0.17473097,0.33219346,0.23987238,0.29533347,0.36544743,0.20427726,1546.508468476633,533.7731022866911,0.09965699375967492,0.0564153885211254,0.08056084,0.034157574,jazz,jazz.00058.wav,c:\Users\darsh\Documents\Codex\2026-04-27\i-am-a-first-year-computer\Data\genres_original\jazz\jazz.00058.wav
-179.3741,114.49272,28.196646,35.9793,11.041098,12.684317,3.8171387,8.518316,-0.014726669,5.4623322,1.0599641,2.632229,-3.7399514,-0.2982772,-0.73307246,2.5585303,0.18569824,1.5453789,-1.2458051,1.3971,64.81235,28.949709,22.791487,10.332345,9.429156,8.99321,8.342751,8.359772,10.650019,8.679657,8.349354,7.2432017,8.319434,8.852257,9.007446,8.687796,9.0241,8.871314,10.140632,9.666641,0.28850368,0.27772543,0.39917567,0.36454538,0.288705,0.32495987,0.27923223,0.40243748,0.31613937,0.25685388,0.3259467,0.28387293,0.32801548,0.27771065,0.37140113,0.35836747,0.27855065,0.32891464,0.24668947,0.36699125,0.31603312,0.25564742,0.33836344,0.2948507,1397.4044755755383,595.3511852800216,0.03827792424535604,0.027069492176961425,0.18266174,0.07040805,jazz,jazz.00059.wav,c:\Users\darsh\Documents\Codex\2026-04-27\i-am-a-first-year-computer\Data\genres_original\jazz\jazz.00059.wav
-190.39607,129.50662,-7.83752,20.721296,2.1918201,7.7923756,6.1902175,1.3512999,-1.59206,2.0195136,-1.9929138,1.1642933,-1.3514087,6.4100657,-0.2019436,-1.5658294,2.241673,2.0431113,0.17354241,1.174132,48.44907,23.590088,20.971333,14.09921,8.02303,8.079979,6.8013806,7.4893284,7.3094144,6.9676538,6.5117803,6.6848297,7.8118286,7.6496797,7.9858313,9.49894,9.255059,9.359729,10.68673,12.774733,0.24371423,0.26918647,0.27070576,0.2843349,0.25448832,0.41851276,0.2890609,0.32454953,0.27392095,0.2498238,0.29911274,0.24224886,0.24934468,0.3211129,0.28732577,0.3230029,0.25074086,0.37492457,0.26479352,0.35867274,0.2824371,0.27787486,0.3304572,0.2454945,1428.0387423978177,421.67288226597424,0.052423719282120744,0.020810923822698415,0.106615424,0.04552915,jazz,jazz.00060.wav,c:\Users\darsh\Documents\Codex\2026-04-27\i-am-a-first-year-computer\Data\genres_original\jazz\jazz.00060.wav
-23.235779,82.91702,2.0489416,29.505756,6.599293,6.4949236,-0.69669986,6.1728396,-3.422003,5.594521,-0.3769912,3.266179,-0.20612177,0.3198188,-1.6405317,1.47838,-5.3323555,-0.037779037,-1.0947468,-0.042596113,36.968575,16.777876,15.056885,9.759755,7.1402555,7.313947,6.884385,6.814528,6.6388264,6.514022,6.084682,6.2704287,7.0422544,7.1084213,6.462338,6.1535416,6.5254226,6.0151734,6.576574,7.4001145,0.43953368,0.42093074,0.37622392,0.41835594,0.3413089,0.39363354,0.3839992,0.41944587,0.36571425,0.3013076,0.2904002,0.29168496,0.31981617,0.30725294,0.28205124,0.3226939,0.26487863,0.2949195,0.28804737,0.32195798,0.27721292,0.25000855,0.2583218,0.23269886,2456.2698596396212,467.3069875536774,0.09449413760158669,0.03362244966486635,0.23234327,0.037607085,jazz,jazz.00061.wav,c:\Users\darsh\Documents\Codex\2026-04-27\i-am-a-first-year-computer\Data\genres_original\jazz\jazz.00061.wav
-168.12323,108.27153,-14.1499405,30.457626,3.8945062,4.6765637,3.1879177,1.9276344,-1.1426724,0.23471797,-5.2468896,-2.5546734,-7.2195997,2.7779322,-7.115771,-4.6758766,-4.034606,-1.6126767,-2.0187654,-5.0494366,54.142513,18.770966,23.80942,14.775896,8.46977,7.6217194,6.6665263,7.003141,6.774965,5.953602,6.1981163,6.143224,6.135872,8.818018,6.8167186,6.029432,7.3961887,7.1016474,6.7826605,7.040338,0.39274573,0.23993315,0.17712869,0.16752559,0.24607854,0.3589084,0.25527185,0.36163002,0.33944649,0.25221342,0.3143788,0.32259282,0.37752467,0.2677893,0.18571067,0.19974291,0.2699118,0.3564275,0.24576218,0.32985008,0.30816695,0.24811643,0.34867632,0.25435528,1725.6345298073745,331.7060560867068,0.06752226743904799,0.024040103248219986,0.09780148,0.033794496,jazz,jazz.00062.wav,c:\Users\darsh\Documents\Codex\2026-04-27\i-am-a-first-year-computer\Data\genres_original\jazz\jazz.00062.wav
-51.34779,85.20031,3.6435587,22.86177,-1.5293605,6.1102853,2.4109144,3.6449344,-1.863228,4.3669353,1.0871078,0.7797648,-0.73646325,0.41210705,-3.3764596,1.4221644,0.40555283,3.6520278,-1.3677119,1.2190788,31.946325,14.919915,15.606611,7.9854393,7.5864906,5.7821493,5.3846397,5.524294,5.679152,6.0106106,6.1003294,6.8562665,5.8096805,5.4167113,5.9132743,6.765252,6.948103,7.507682,6.850663,6.6235757,0.3385026,0.3900491,0.46695986,0.39595568,0.42195475,0.47184664,0.35695007,0.36860293,0.3210173,0.37413076,0.34921175,0.31130415,0.29379493,0.3203507,0.33555216,0.2812503,0.29337183,0.323959,0.25938842,0.3074601,0.25524879,0.2976613,0.27773443,0.24790537,2475.6009489427947,379.7686316960994,0.09815057807662539,0.03078821560006177,0.16229047,0.039159276,jazz,jazz.00063.wav,c:\Users\darsh\Documents\Codex\2026-04-27\i-am-a-first-year-computer\Data\genres_original\jazz\jazz.00063.wav
-69.50922,125.97758,-5.1732893,30.769236,8.304397,5.0812526,-3.9214036,5.376409,-10.774684,9.034488,-8.263985,4.7895856,-5.1241627,2.210665,-4.779985,0.62303174,0.03162736,1.2315756,4.03092,5.0856667,39.183567,17.578835,18.25358,7.911588,6.603186,5.775462,5.6378284,5.7038593,5.4033914,5.147345,5.674053,5.7382665,6.0843754,6.0016413,5.6015186,4.869011,5.081186,5.998138,5.853754,5.6908927,0.43463778,0.34286693,0.39985552,0.33619884,0.36587945,0.3668357,0.34099767,0.56831986,0.4110461,0.42172307,0.28916466,0.27899078,0.31741664,0.23520172,0.3020956,0.25563735,0.2648438,0.29758957,0.22687605,0.35873973,0.25946528,0.31914288,0.2351561,0.21151191,1575.4538722228804,268.7299996310142,0.0558798586251935,0.014763534176940473,0.21197514,0.045687884,jazz,jazz.00064.wav,c:\Users\darsh\Documents\Codex\2026-04-27\i-am-a-first-year-computer\Data\genres_original\jazz\jazz.00064.wav
-235.67885,144.76765,-22.600695,62.560963,-9.326273,2.0168686,-0.34364963,2.0165105,5.5604534,0.30435982,9.439982,2.892706,2.562641,8.452764,-2.310429,2.5675397,-0.07064016,-1.6368356,3.2509475,-1.3214443,72.692154,17.09712,22.238768,13.164456,17.149652,12.074395,13.953939,12.868347,8.711293,10.484465,11.712439,12.350867,9.705423,8.605184,10.745948,9.741785,9.707013,9.665245,8.700325,9.546175,0.28558663,0.2363062,0.1882098,0.27547175,0.24713978,0.32764933,0.2032935,0.22172551,0.30328637,0.2161288,0.2430554,0.22445954,0.3411505,0.2933047,0.23405397,0.34630293,0.26292884,0.36302605,0.23334338,0.26655683,0.34646693,0.2503176,0.31913504,0.27332148,1338.2362329095945,378.46733146178605,0.076529393624226,0.0338244621854336,0.08226342,0.039963868,jazz,jazz.00065.wav,c:\Users\darsh\Documents\Codex\2026-04-27\i-am-a-first-year-computer\Data\genres_original\jazz\jazz.00065.wav
-117.8876,122.55041,-13.149182,26.755905,4.313922,6.866731,-6.8144403,-0.33922073,-8.199784,-5.0079026,-4.495015,0.12167736,-4.6518903,2.8487957,-4.971283,5.5497994,-1.2209272,3.5765634,-0.34301436,0.49348426,39.375267,26.904936,14.63121,7.849729,8.9108,8.631606,6.6046696,7.403871,8.657102,9.546372,10.013683,11.293285,10.435133,9.604777,11.703156,14.135607,11.423082,12.148487,11.551077,12.415877,0.35472637,0.21877362,0.2530927,0.27938575,0.1813837,0.29724342,0.22261496,0.35754558,0.19697581,0.27165592,0.30679873,0.1676034,0.37185085,0.23303577,0.26608503,0.3275135,0.17676213,0.3307913,0.23760337,0.36719748,0.21249536,0.27991566,0.34450752,0.15527469,1579.0127661124945,345.7579381462779,0.08824663191756967,0.03142804304019163,0.17267226,0.03940552,jazz,jazz.00066.wav,c:\Users\darsh\Documents\Codex\2026-04-27\i-am-a-first-year-computer\Data\genres_original\jazz\jazz.00066.wav
-177.27713,144.32156,-17.265924,55.686035,-21.2419,0.35280427,-1.5769509,-10.402746,-5.176472,-0.51418144,-8.736716,3.868864,-7.953766,-3.011258,-2.744769,-2.6101568,-2.2276328,-1.9513524,-0.024020452,0.7622668,36.34207,26.671106,22.286201,19.680431,12.269741,12.86989,10.862285,9.124177,8.764295,8.466174,7.831399,8.651918,8.300195,7.7707453,7.506116,7.18732,7.8204775,10.486495,12.378593,13.145252,0.3482887,0.27668697,0.15280299,0.19418386,0.1664852,0.19589883,0.22390763,0.27459157,0.33153698,0.23175552,0.20327027,0.24087048,0.37248462,0.31529176,0.21840705,0.2783105,0.23951149,0.30159274,0.29750288,0.33111316,0.3671527,0.29317132,0.2935665,0.29475194,1354.091907708369,444.23335430063577,0.054945623911571206,0.024877625231782788,0.1380443,0.036039393,jazz,jazz.00067.wav,c:\Users\darsh\Documents\Codex\2026-04-27\i-am-a-first-year-computer\Data\genres_original\jazz\jazz.00067.wav
-204.39252,138.57968,-10.791186,46.552383,-22.306915,9.692935,-11.09484,-17.79885,-7.586271,-1.6000779,-7.650327,-1.0194095,-9.977279,-6.6626024,-3.8579152,-5.062098,-2.0349164,-0.26989183,-3.1960154,-2.448681,70.133545,26.316895,21.066082,11.132001,12.088848,9.483115,8.32581,10.24641,7.7794514,6.3936467,5.9010406,5.5481873,6.689276,6.9444337,6.761322,7.325438,8.610362,7.8710575,10.097558,10.055337,0.23507658,0.18797347,0.27198842,0.28434852,0.27638987,0.37441018,0.30882072,0.32860494,0.20369494,0.27879083,0.35333428,0.31988797,0.30243272,0.2228527,0.30540654,0.28518432,0.26025206,0.35071176,0.28065607,0.3448319,0.22842218,0.3002318,0.3331623,0.31008476,1382.7307308073396,432.4876659642514,0.061230544335332815,0.029297360379693944,0.099523455,0.062770024,jazz,jazz.00068.wav,c:\Users\darsh\Documents\Codex\2026-04-27\i-am-a-first-year-computer\Data\genres_original\jazz\jazz.00068.wav
-159.2706,92.04842,-16.75185,27.393675,6.1041913,3.2399652,7.1759634,4.0307016,3.5977046,3.5440965,-0.58674145,-3.7236729,-4.721016,-2.58986,-3.304094,-3.5473342,-0.8847745,-2.3104537,-0.94630796,-5.4530063,55.68269,22.923265,23.143156,14.917077,8.910956,9.971093,9.371581,9.82144,14.263105,9.76702,8.597643,9.749163,9.412075,9.322859,8.379496,6.7078857,8.266577,11.358193,12.095053,11.196255,0.29125434,0.21500663,0.2582832,0.24818437,0.27067038,0.21120098,0.2221982,0.37749296,0.2516593,0.32004118,0.18796824,0.1926424,0.36402515,0.23428617,0.3203841,0.28678063,0.3247273,0.26043683,0.2397001,0.37896973,0.225061,0.3641666,0.21858577,0.2349001,2009.8139341354786,424.9911090495574,0.08743219995646284,0.028978569800943755,0.11175289,0.03792877,jazz,jazz.00069.wav,c:\Users\darsh\Documents\Codex\2026-04-27\i-am-a-first-year-computer\Data\genres_original\jazz\jazz.00069.wav
-237.90088,155.81622,-9.225844,13.1981125,6.609401,8.891292,3.9802098,0.24934222,1.7425677,3.3538349,1.1899072,3.630348,1.1625512,4.7921743,3.4717696,2.0584626,6.5280128,5.6560874,1.8122177,-0.24609318,61.372303,31.23801,24.512512,12.607346,8.880466,7.998841,7.158108,7.840844,7.251055,7.007577,6.7835617,8.612681,9.795529,9.27455,8.548243,11.100605,12.369794,11.760087,11.445372,12.761878,0.25096017,0.25050357,0.43366238,0.3341591,0.3280036,0.2613507,0.18314816,0.27993467,0.22762553,0.29743668,0.26787555,0.20503278,0.28560185,0.24829179,0.3782812,0.2964456,0.32429856,0.3044998,0.21596457,0.34467015,0.24024789,0.32659256,0.29793036,0.19575909,1117.5098786077247,402.3898011990006,0.05003635654508514,0.023468163480936752,0.08643475,0.036649115,jazz,jazz.00070.wav,c:\Users\darsh\Documents\Codex\2026-04-27\i-am-a-first-year-computer\Data\genres_original\jazz\jazz.00070.wav
-228.39198,170.40263,-16.073858,43.96471,1.1009046,3.996799,1.0781353,-7.204605,-12.514963,-4.418733,-6.0696063,-1.3367635,-3.1518414,-6.473728,-3.3002408,2.155403,-2.3049684,-7.364892,-5.195212,-2.8603556,55.235775,20.938803,21.324972,10.535927,7.430461,6.9006505,7.876183,5.51262,6.8592067,6.337427,6.4046164,5.869603,5.770756,6.023826,5.953163,7.935991,6.491963,7.4879885,6.666049,6.9758906,0.3792516,0.27876776,0.19818023,0.25696114,0.26503745,0.20993689,0.17932957,0.357939,0.33702582,0.26681295,0.29632643,0.30140013,0.34077936,0.30219796,0.23345314,0.28030035,0.2857195,0.25756726,0.19321397,0.36532643,0.345069,0.2816828,0.34490517,0.30348882,971.5475880069571,243.2856782902237,0.04257495041602167,0.014509823477799439,0.10031754,0.035322137,jazz,jazz.00071.wav,c:\Users\darsh\Documents\Codex\2026-04-27\i-am-a-first-year-computer\Data\genres_original\jazz\jazz.00071.wav
-202.82193,145.73984,-23.568312,47.849777,-14.344828,1.6427218,-7.0651684,-11.1300125,-4.5997396,-3.6073794,-3.788098,2.0468261,0.84362894,-2.019152,-1.0314074,-1.4507908,0.78107584,-0.3952421,-2.3347764,-2.0125751,64.45369,16.829155,21.580725,10.280909,11.139387,12.573154,9.065203,7.647737,8.763165,8.510728,7.505847,7.394918,10.275155,9.57565,10.596627,10.725396,8.07626,8.107184,8.656896,8.415026,0.25839418,0.19220567,0.19224761,0.35022235,0.2232208,0.2714298,0.24858736,0.2544863,0.21892758,0.19582422,0.35056767,0.24653727,0.30957398,0.25641218,0.22328676,0.38590118,0.23792279,0.33517954,0.29277238,0.3146011,0.29432553,0.22285126,0.37273467,0.2524579,1336.3698511878918,283.0942593044808,0.05873471664570434,0.0203656481525029,0.11051283,0.059103493,jazz,jazz.00072.wav,c:\Users\darsh\Documents\Codex\2026-04-27\i-am-a-first-year-computer\Data\genres_original\jazz\jazz.00072.wav
-84.05435,63.061363,5.6391883,24.92485,6.21167,-2.9040577,-0.36405927,-1.0757003,-4.2446465,-2.3303053,1.5680952,1.935513,1.5438601,-4.4644966,-5.3008647,-2.9940894,-2.8913956,-3.3203404,0.32845318,-3.9741752,43.966354,17.206638,21.491482,9.906046,8.267868,8.556127,7.5379667,7.1387997,7.2180257,6.0302134,5.9549546,5.920159,6.543707,5.264633,5.7500663,7.1937265,6.9098353,6.920906,7.191361,7.7893653,0.5503849,0.31641197,0.33277568,0.25499955,0.30115142,0.32077566,0.31010857,0.40706727,0.315115,0.33783263,0.2712927,0.2705739,0.38557038,0.23731433,0.32113335,0.2374871,0.26347464,0.32037002,0.27413908,0.30729303,0.27991894,0.32586962,0.2621309,0.20994881,2968.60250464515,599.7729286815454,0.1297546953608746,0.043444804349418525,0.13311215,0.057108838,jazz,jazz.00073.wav,c:\Users\darsh\Documents\Codex\2026-04-27\i-am-a-first-year-computer\Data\genres_original\jazz\jazz.00073.wav
-149.19681,79.0861,2.0091486,27.607025,0.3150665,1.7276527,-3.6130915,-0.16500692,-5.0356708,1.2518125,1.146215,-0.6187953,1.8201314,-2.0573413,-5.9990635,-4.9191823,-3.9601038,-3.5674086,-0.85716915,-2.1819913,63.837368,27.457115,28.63037,11.22766,10.42856,8.535494,9.186723,6.824933,6.537673,6.259373,6.3368263,5.9653015,6.9562583,5.7465005,5.9945245,7.1376343,8.281053,7.9986997,9.154193,9.506386,0.22202516,0.23637027,0.47976425,0.30259147,0.40563318,0.28005886,0.2650828,0.3993574,0.23738885,0.21140863,0.22590148,0.27386004,0.27409562,0.22455092,0.37641138,0.23104145,0.37638843,0.28710687,0.23752615,0.3980905,0.22537477,0.25581387,0.26643428,0.26481622,2414.857050479083,714.807831053743,0.09557311822755418,0.042826117392090725,0.112695016,0.07020984,jazz,jazz.00074.wav,c:\Users\darsh\Documents\Codex\2026-04-27\i-am-a-first-year-computer\Data\genres_original\jazz\jazz.00074.wav
-78.2242,63.21851,-1.6562833,21.02259,4.4701858,-3.5898204,-1.5619467,-3.0696392,-6.07829,-1.9560667,1.7820153,-1.2156534,0.94245726,-2.562907,-7.7692623,-5.9337397,-3.0165126,-2.46196,-1.0239958,-5.111242,40.55102,16.917934,20.258236,8.46437,8.750405,7.2354345,6.650162,7.5354424,6.123249,5.909121,5.906778,6.58504,5.500873,4.9200554,5.6722794,7.449113,7.6330543,6.59973,8.777409,9.674338,0.38543388,0.2537715,0.28467974,0.3595491,0.2832873,0.4107675,0.2532728,0.336532,0.25647235,0.25836706,0.2520302,0.19094317,0.3685592,0.25960627,0.2876641,0.3542971,0.21368657,0.38257167,0.21249157,0.3193408,0.2787987,0.24307974,0.2681218,0.16642424,2902.8282153333053,579.2141449847832,0.12654912139609134,0.04441345215185112,0.14682163,0.064306974,jazz,jazz.00075.wav,c:\Users\darsh\Documents\Codex\2026-04-27\i-am-a-first-year-computer\Data\genres_original\jazz\jazz.00075.wav
-154.29286,110.68495,-22.299717,21.146955,4.267235,4.749064,-4.0923247,-1.0206661,-6.4128003,-9.245782,-3.6310499,-5.503034,0.536892,-0.5116374,-4.807277,-11.2095585,-3.9384496,-1.4645188,-4.413699,-10.600424,57.90204,22.559677,27.375137,13.229787,10.495524,9.165308,8.469403,7.1804276,9.479079,6.7232084,5.9953327,5.859662,6.5105653,6.031403,5.4432435,6.5271106,5.4838104,6.8661447,6.678364,6.84896,0.42084894,0.30755123,0.41193226,0.31195724,0.39183664,0.24901888,0.1790144,0.29173368,0.25311193,0.28173327,0.19725141,0.3414658,0.38555738,0.25739643,0.35271618,0.24406375,0.35901406,0.26245585,0.18347497,0.29561868,0.21849811,0.31532168,0.17002651,0.28722316,1733.583196998827,383.7365126793536,0.06871462606424149,0.02770287215460793,0.119166136,0.05486709,jazz,jazz.00076.wav,c:\Users\darsh\Documents\Codex\2026-04-27\i-am-a-first-year-computer\Data\genres_original\jazz\jazz.00076.wav
-77.089676,64.52771,-2.848515,28.53128,4.6849046,-2.8145123,-5.947363,1.8981452,-5.2051053,-2.3232336,-2.9395368,-6.148102,-0.76354444,-4.4825,-4.159946,2.124515,0.8419236,-2.6640372,-3.3218763,-8.301835,39.87126,21.823551,17.539276,9.426487,8.661528,6.67957,7.784368,5.636428,6.5769134,6.007591,8.3781805,7.2738013,5.842874,7.398834,7.0461035,9.946873,9.006683,8.371176,7.7861567,8.5150175,0.2686056,0.25630173,0.32309723,0.27797192,0.37176907,0.4018462,0.25100058,0.24894424,0.2849669,0.47965258,0.32342836,0.20240375,0.2874918,0.2086994,0.33419034,0.27161884,0.31351298,0.36212334,0.2436379,0.2828707,0.2674704,0.35158333,0.2642094,0.20670599,2777.976524524572,515.8906624026606,0.13090245863970587,0.03793853689999331,0.14569664,0.05533127,jazz,jazz.00077.wav,c:\Users\darsh\Documents\Codex\2026-04-27\i-am-a-first-year-computer\Data\genres_original\jazz\jazz.00077.wav
-141.49684,70.90452,-0.5232312,33.573048,1.4106368,-9.186746,0.7554331,0.5403757,-9.192057,-2.571038,4.0803123,-2.218427,-0.6917473,-0.82226497,-6.4834576,-5.997157,-4.243969,-3.2427416,-4.072898,-6.5609474,59.873493,24.353771,25.155525,12.609295,11.210481,11.6798725,7.9113164,9.160141,10.018083,8.14961,6.3574524,7.8993273,6.370471,6.9288836,6.676869,8.414516,9.067837,8.214545,8.339933,10.035437,0.27239972,0.23665671,0.34362596,0.2710543,0.3794965,0.3357596,0.23780653,0.2266532,0.22459427,0.3010128,0.18704166,0.17770419,0.3285583,0.24287905,0.3628644,0.2565167,0.35891557,0.34434488,0.24967773,0.29345393,0.24380633,0.3345787,0.21986255,0.21039113,2503.139918026569,577.3385392426466,0.09583048628579721,0.03754695804986568,0.11916368,0.06588009,jazz,jazz.00078.wav,c:\Users\darsh\Documents\Codex\2026-04-27\i-am-a-first-year-computer\Data\genres_original\jazz\jazz.00078.wav
-163.53947,65.97194,5.3612895,41.897198,7.0257664,5.5014386,8.930416,2.6784523,-0.1825786,5.155423,10.491717,3.3298645,3.8408947,2.5506477,5.6973057,-1.0907347,-1.7849187,-5.19906,-5.654559,-9.76699,30.906681,22.41832,13.438851,10.866329,8.45627,7.656916,8.049272,7.026784,8.000464,6.558649,8.580425,9.31059,9.76276,8.564269,9.089651,9.792921,9.896697,7.808696,8.291388,9.679183,0.29429552,0.37289873,0.21344645,0.33616963,0.33226842,0.23954156,0.39483216,0.3439614,0.33928046,0.47504365,0.34667456,0.370989,0.24120241,0.3296173,0.17328969,0.3109902,0.27077115,0.16849615,0.3354377,0.287685,0.24774852,0.38428265,0.24080999,0.3254205,2634.319273980018,600.9023396889735,0.1078761428502322,0.037143322475382066,0.06984886,0.019650148,jazz,jazz.00079.wav,c:\Users\darsh\Documents\Codex\2026-04-27\i-am-a-first-year-computer\Data\genres_original\jazz\jazz.00079.wav
-117.24632,56.99422,-2.109928,35.616062,4.713422,3.890102,11.592064,6.078704,0.58257145,2.2747371,2.6996386,-1.8503127,1.6808271,0.3939451,2.0524461,-1.1958259,-1.0664492,-6.282375,-5.3911533,-4.8702927,40.276615,16.72587,10.258208,8.852742,8.9081545,6.0194616,6.7119308,6.012383,5.946679,6.1633034,6.6079497,6.405052,7.5105977,8.672282,7.954798,6.7161098,8.9612255,8.739187,8.064386,9.071324,0.37469703,0.3378413,0.37079355,0.3173009,0.3906014,0.37496388,0.32290107,0.45782343,0.44711763,0.4694989,0.325642,0.25550294,0.33562472,0.25325835,0.29533562,0.23436445,0.27234292,0.2892544,0.22501758,0.3152614,0.29636005,0.3160169,0.26352072,0.18958265,3029.035019092715,464.632385859787,0.14035780584849072,0.03568399011356322,0.0757338,0.019160625,jazz,jazz.00080.wav,c:\Users\darsh\Documents\Codex\2026-04-27\i-am-a-first-year-computer\Data\genres_original\jazz\jazz.00080.wav
-228.37154,67.53677,37.07984,21.325258,17.058424,10.142423,10.776463,8.010919,2.0421867,0.2971387,2.49913,3.8471446,1.5821794,2.832255,0.04377572,-0.19756237,2.3157344,3.2987049,4.046379,-0.18987428,53.67492,24.082287,17.795279,10.913753,7.723554,6.5910945,6.703859,6.61472,6.4543715,7.0868573,7.4260025,6.327367,7.3217216,8.118368,7.3286138,6.287476,7.562189,7.9254975,7.0707603,6.7851157,0.47894746,0.4762055,0.6900486,0.5271517,0.4515711,0.37649226,0.35098326,0.41857296,0.35550502,0.3725381,0.34457192,0.4597428,0.28244787,0.23352565,0.31849295,0.27586627,0.28204584,0.26178014,0.2511284,0.31353056,0.29895067,0.2996197,0.25643483,0.28568769,3027.140362803872,1016.5886696962856,0.10014829842298761,0.06212766672337261,0.043215886,0.015516095,jazz,jazz.00081.wav,c:\Users\darsh\Documents\Codex\2026-04-27\i-am-a-first-year-computer\Data\genres_original\jazz\jazz.00081.wav
-158.2061,49.602417,21.594702,16.516554,11.422575,6.259136,5.633524,-0.19963436,-0.24266581,-1.9968201,2.022939,2.6891398,-1.4565204,-1.8059658,-1.8253206,-3.3063495,-1.522501,-1.1878136,-2.9898036,-1.8677343,66.02717,25.725492,18.376617,9.766797,8.534672,7.0699344,7.060982,5.746611,5.147936,5.5099716,5.8792195,5.66881,5.374229,6.0286603,5.855961,5.3840437,5.810438,6.1561522,5.8093367,5.067066,0.46905664,0.3640576,0.4671342,0.37756386,0.44108313,0.41807857,0.44088012,0.45531267,0.31785378,0.33340102,0.3464023,0.3876761,0.32870242,0.2264848,0.31197008,0.2469977,0.3107054,0.27755505,0.29133517,0.32767835,0.2388361,0.24594669,0.27714807,0.28000355,3906.2972143441307,1103.5134500744725,0.20684871142124614,0.10547509795840737,0.047840312,0.019113017,jazz,jazz.00082.wav,c:\Users\darsh\Documents\Codex\2026-04-27\i-am-a-first-year-computer\Data\genres_original\jazz\jazz.00082.wav
-126.01213,56.60823,23.495506,23.700129,-0.30365482,7.1513724,0.16874303,-0.8434282,-4.156273,-1.8949324,2.5230918,0.52811265,0.92665267,0.042565644,2.9119651,0.12040474,1.313123,0.37778205,-6.1331954,-4.948555,44.376926,22.01576,21.321302,9.711054,8.044332,7.815665,7.922158,6.863022,6.799992,6.568543,7.196537,5.944987,6.181286,6.1652102,6.947468,6.5607624,6.2642603,6.2581215,6.3135166,6.332887,0.34423432,0.45313212,0.5041623,0.49575925,0.5824191,0.43467098,0.40124673,0.3942098,0.35068467,0.34808412,0.3646726,0.47585115,0.22681533,0.2910049,0.32041267,0.27424166,0.30861327,0.2698522,0.24697769,0.30212915,0.25202417,0.2610048,0.2609724,0.28150073,3393.857478271707,754.3106192857704,0.14970204261803405,0.06094072032422024,0.074288204,0.023502482,jazz,jazz.00083.wav,c:\Users\darsh\Documents\Codex\2026-04-27\i-am-a-first-year-computer\Data\genres_original\jazz\jazz.00083.wav
-178.09238,61.942616,1.4681733,36.04594,7.5810137,5.153892,-0.9176271,2.9412887,1.4490774,2.1342268,5.1702733,2.0257974,0.5106883,6.528254,2.6033716,4.8549476,7.9310346,4.527472,-1.6060568,3.731223,50.038673,19.260643,17.899202,10.396455,9.565381,7.597252,7.0725913,7.264452,6.0651746,6.983155,5.122147,5.7502503,5.9712086,6.2916794,5.6250005,6.913082,7.056564,7.070714,7.8860226,8.495553,0.47001848,0.41659796,0.4478022,0.3868048,0.3678796,0.33072755,0.36780176,0.42241,0.31301668,0.4299231,0.38197082,0.38044238,0.342386,0.25528815,0.31351307,0.26615146,0.25821558,0.25923115,0.29595107,0.33438972,0.23287301,0.3506272,0.28012663,0.2754132,2874.7793906046186,579.6298723388718,0.11833828669214397,0.05503498699285616,0.051637337,0.02152692,jazz,jazz.00084.wav,c:\Users\darsh\Documents\Codex\2026-04-27\i-am-a-first-year-computer\Data\genres_original\jazz\jazz.00084.wav
-131.93135,61.59087,-12.654589,35.085182,-2.1272988,-0.9491929,-4.8379145,-4.1055217,-3.2856128,2.496221,6.411373,3.4233503,-2.8839264,3.229511,-1.3421866,0.86595935,3.6739,0.6368783,-0.36149603,6.3308907,45.454372,22.685814,15.32463,11.895948,9.112964,9.26758,8.947121,8.749376,7.457354,7.5871253,6.988269,7.6695833,7.623167,7.8259106,5.8532853,5.977503,6.4998617,6.4633975,7.841046,10.024171,0.3152965,0.25130585,0.24290563,0.4194005,0.3311175,0.54401624,0.4896948,0.30431816,0.27275345,0.21208602,0.30242878,0.2207212,0.29570088,0.22138664,0.23876153,0.35939723,0.24486655,0.34989515,0.33386868,0.2625288,0.28192046,0.21429452,0.278696,0.1973685,2861.0669041187775,564.7934704769445,0.1475769609858746,0.04777080325198311,0.07136117,0.028194612,jazz,jazz.00085.wav,c:\Users\darsh\Documents\Codex\2026-04-27\i-am-a-first-year-computer\Data\genres_original\jazz\jazz.00085.wav
-156.61226,22.763254,10.495277,24.156204,10.143046,2.969647,2.4915147,0.48371986,2.691014,1.2310425,3.3316617,-7.8197894,1.1087779,1.8791413,2.3311465,0.7210455,2.9955823,1.0147958,7.6109095,-2.0537126,45.701992,27.987726,15.42292,10.774041,10.090189,8.652364,8.802054,7.9793763,8.321744,9.256948,9.820637,8.267258,9.354813,9.813108,9.1177225,8.395366,9.332249,10.40405,10.730768,8.341548,0.31817868,0.22426133,0.35848206,0.3315808,0.4435458,0.2556696,0.28549165,0.5832149,0.26589754,0.34978083,0.28676453,0.3462425,0.30233264,0.19419558,0.31630692,0.22181283,0.29841962,0.22246183,0.17748344,0.373587,0.17392263,0.30360538,0.2550318,0.28636494,4136.053468579488,735.7347607827646,0.2617017433001161,0.08808942624777892,0.052408926,0.020316938,jazz,jazz.00086.wav,c:\Users\darsh\Documents\Codex\2026-04-27\i-am-a-first-year-computer\Data\genres_original\jazz\jazz.00086.wav
-341.018,89.85991,44.511986,28.827593,16.317823,10.590868,7.000736,0.8200661,6.097488,7.125774,5.411661,2.735858,9.361676,5.570951,3.7773478,3.160866,0.2872115,-1.3718241,-1.5763365,-1.984961,85.17031,34.320854,19.993744,16.357512,13.847762,13.179901,9.733061,11.255189,9.97197,9.469771,8.684675,8.814289,7.164631,4.8082733,4.4231052,4.23078,4.430829,4.495061,4.022664,4.294993,0.29903683,0.39882025,0.69814634,0.4983875,0.34159294,0.24177119,0.15960567,0.21762344,0.25784016,0.33842823,0.28899494,0.36272675,0.26291543,0.2524546,0.36323956,0.311744,0.32126868,0.2648112,0.16226257,0.23290649,0.30506942,0.36658677,0.28527623,0.29123864,1845.8761145516376,855.1555181768413,0.04282929506095201,0.029168127310344284,0.04579199,0.03449992,jazz,jazz.00087.wav,c:\Users\darsh\Documents\Codex\2026-04-27\i-am-a-first-year-computer\Data\genres_original\jazz\jazz.00087.wav
-192.50781,80.95126,25.701668,18.534098,14.171379,1.265469,4.0929475,-1.416841,2.6607602,5.235185,3.7162206,0.293742,7.3394523,0.8875506,-1.2227073,-1.3455075,1.1447128,2.6570992,3.2115803,-3.0025358,55.114162,21.205656,21.466263,10.679464,8.92185,9.032091,6.624981,8.344035,9.140304,8.510944,9.090335,11.767323,12.022224,11.059683,9.292605,9.483547,7.6141033,8.3569975,11.404389,11.710739,0.2533343,0.22333987,0.30747622,0.2741692,0.22799917,0.38918146,0.2688322,0.36493495,0.33621418,0.3071154,0.34799063,0.19213642,0.31560564,0.23271404,0.32513648,0.32032028,0.24075428,0.38353372,0.24033818,0.34839046,0.3128423,0.30336943,0.37187955,0.18453585,2428.6412687077973,664.9507819576237,0.06904795738196594,0.03236378008979239,0.09153846,0.03877003,jazz,jazz.00088.wav,c:\Users\darsh\Documents\Codex\2026-04-27\i-am-a-first-year-computer\Data\genres_original\jazz\jazz.00088.wav
-322.49924,90.65098,27.027184,37.856743,19.709015,4.6093187,3.0706127,7.97081,1.9372374,2.0878365,0.44746542,4.8929596,13.060922,0.41256213,-0.72146434,4.703701,1.2312223,-3.745362,1.6888143,0.39244702,50.016747,24.783588,16.64105,12.682043,7.9083166,8.665318,8.202751,7.9712234,8.713225,7.68372,8.984248,7.168862,9.365223,11.92626,10.276375,9.379168,8.471531,9.106712,9.042308,9.054512,0.3961847,0.30428502,0.42725343,0.27943155,0.2535924,0.15827364,0.14221522,0.18831097,0.242771,0.26809856,0.27154675,0.4329147,0.32457417,0.2553636,0.40283728,0.29108348,0.31188765,0.2003287,0.18239528,0.25145474,0.28711948,0.33961678,0.2960346,0.35625786,1787.936479244805,681.9112521072466,0.06275774598490712,0.05818168689811737,0.04502918,0.028519806,jazz,jazz.00089.wav,c:\Users\darsh\Documents\Codex\2026-04-27\i-am-a-first-year-computer\Data\genres_original\jazz\jazz.00089.wav
-217.62901,105.62872,19.315361,28.35325,8.654835,0.14365222,6.3657665,-2.539705,-12.996928,-11.149584,-6.1528873,-7.734215,0.42279667,-1.2611351,1.7099496,-2.302344,-3.811484,-3.6843863,0.5768568,0.57314503,41.28332,21.700018,11.55339,8.394642,6.9338593,6.828608,5.5209713,6.0465055,8.379093,6.245324,5.5478745,5.8367443,4.9084787,6.2479954,7.316013,10.128253,8.583467,6.648928,5.851749,7.3136253,0.27247712,0.23661833,0.4859771,0.26409116,0.3175982,0.4047465,0.1721708,0.13394028,0.12540951,0.29204327,0.22222698,0.31269455,0.26621932,0.17224137,0.4055435,0.20521191,0.3032614,0.34547302,0.20804071,0.24606577,0.147807,0.35320947,0.21300048,0.32237187,1875.229063578226,535.3561470222485,0.054154245476973686,0.01530488869640677,0.061363127,0.02040664,jazz,jazz.00090.wav,c:\Users\darsh\Documents\Codex\2026-04-27\i-am-a-first-year-computer\Data\genres_original\jazz\jazz.00090.wav
-299.40533,60.777206,32.098515,25.695833,7.463468,-1.2953769,1.8622718,5.2616196,-5.5296664,-3.103563,3.6464572,-2.2974074,0.8934429,3.341782,7.2738442,5.9343653,-8.263965,-0.4625419,1.9967839,-7.015196,59.786972,49.902126,13.166557,12.219015,9.767377,8.831732,8.244641,10.659057,11.486308,13.059827,9.373228,9.533224,10.521888,10.454515,10.4292145,9.510258,12.1470375,10.381303,9.876757,14.61565,0.27280363,0.28855634,0.22543189,0.27178442,0.2423231,0.23705457,0.15686786,0.17671327,0.22388393,0.26685393,0.2206744,0.1886122,0.32732856,0.3669967,0.25835285,0.33703002,0.3066217,0.32576546,0.18773608,0.24774949,0.2700126,0.30190593,0.2700693,0.25199884,2958.8527443760186,1380.8016073948354,0.15142274271962075,0.13048194776690059,0.0409175,0.025247367,jazz,jazz.00091.wav,c:\Users\darsh\Documents\Codex\2026-04-27\i-am-a-first-year-computer\Data\genres_original\jazz\jazz.00091.wav
-294.19385,84.66457,39.07789,28.635206,14.131192,1.0344226,7.3534536,5.217076,-3.739166,-5.041574,2.2247612,-0.56659305,4.2180734,0.1285846,0.83073324,-2.1461122,-4.4974504,-1.0901141,7.2270007,-0.24393654,50.34207,38.99649,11.503558,11.129955,10.910516,11.733829,7.5556326,8.729553,10.403904,7.6495876,6.740848,9.999538,9.252553,7.463358,9.483949,8.27342,8.28598,8.536621,9.077674,9.372069,0.3039787,0.2792121,0.35371804,0.32457596,0.30072397,0.16633368,0.20682159,0.36303642,0.29996386,0.16055404,0.17682093,0.30939648,0.36633766,0.285957,0.35240367,0.29974392,0.34335938,0.19768679,0.21542606,0.38501507,0.3047487,0.17789835,0.19382913,0.37079555,2213.669961452585,1075.560293834631,0.0753657574255031,0.07906939669753421,0.05349315,0.036340684,jazz,jazz.00092.wav,c:\Users\darsh\Documents\Codex\2026-04-27\i-am-a-first-year-computer\Data\genres_original\jazz\jazz.00092.wav
-215.39735,100.96081,17.098629,12.978259,16.062912,4.7642055,4.5650473,-3.133695,-4.154083,-2.2966673,-4.928966,-3.3494503,-1.4255524,-5.027763,-0.6690235,1.3476641,1.9956138,-0.25326043,0.96090025,-2.129334,38.94803,17.193,16.67601,10.89196,9.741092,9.329581,7.160694,6.536813,6.2656527,6.442329,7.270766,7.109008,6.1367307,6.586274,7.3744135,8.345968,10.121871,10.704606,9.363038,8.349511,0.31525326,0.19227251,0.19373856,0.3124725,0.22341786,0.28915447,0.24352905,0.41471452,0.38650468,0.19789346,0.23355629,0.23249207,0.33249035,0.23416516,0.20798819,0.32493636,0.18391079,0.32214928,0.21680054,0.33299974,0.350117,0.17937021,0.2859911,0.23688109,2151.985122584835,488.1211892046182,0.08170320965557276,0.02654021706796633,0.045294043,0.01228079,jazz,jazz.00093.wav,c:\Users\darsh\Documents\Codex\2026-04-27\i-am-a-first-year-computer\Data\genres_original\jazz\jazz.00093.wav
-366.44046,131.6985,16.512924,36.320045,5.060641,14.675128,-6.1637278,4.7142596,-9.5868,-1.2903652,-2.6941345,1.5798403,-2.2748075,-0.18491913,-3.260644,-4.681197,-3.571376,-3.9690413,-1.8218516,-0.91566366,60.44511,27.0517,21.95211,11.098314,11.848462,11.113463,10.423306,9.709561,9.343795,8.477178,8.998712,9.785739,9.0831175,10.579957,11.375082,9.865853,11.48403,11.038284,10.1537,11.94719,0.2873139,0.19928415,0.3057773,0.23885378,0.43773624,0.2435566,0.17107353,0.24469532,0.17189766,0.18105005,0.15794064,0.20966193,0.34510896,0.23760264,0.38399762,0.22584377,0.42416808,0.2512913,0.22195975,0.3454915,0.23234162,0.273967,0.23384812,0.2770308,1077.1722769200633,481.36604380239555,0.04151184270994582,0.019605120903694165,0.03977746,0.02023387,jazz,jazz.00094.wav,c:\Users\darsh\Documents\Codex\2026-04-27\i-am-a-first-year-computer\Data\genres_original\jazz\jazz.00094.wav
-219.7643,100.79803,-1.456325,41.28544,-0.94854546,23.37939,-11.514086,20.027903,-15.970275,13.943598,-7.989847,5.7383604,-6.868226,6.212485,-5.809605,0.95446795,-5.1647315,3.0511165,2.08082,0.9545141,40.35732,20.444437,21.218803,10.060486,8.8084755,8.845901,7.752661,7.328269,6.042179,7.7690363,6.6473584,6.887732,5.8803606,7.849015,8.556979,9.606311,8.725518,9.43946,9.574612,9.862274,0.36993325,0.2817615,0.40940443,0.34218305,0.34893155,0.28352293,0.25392976,0.3846435,0.29548737,0.27309644,0.24077871,0.25170097,0.36511114,0.25073886,0.38288966,0.28723577,0.30267063,0.26564115,0.22859031,0.36015895,0.27864504,0.29378816,0.2601247,0.21754925,1855.2856495889075,462.46679343721166,0.06339606412054953,0.029068428017969397,0.06815898,0.026396923,jazz,jazz.00095.wav,c:\Users\darsh\Documents\Codex\2026-04-27\i-am-a-first-year-computer\Data\genres_original\jazz\jazz.00095.wav
-277.2356,95.75203,-2.979494,43.91987,1.9414102,22.24999,-6.1406465,22.460953,-12.840875,10.780396,-7.5332294,3.5953238,-5.0750594,6.763929,3.6364908,6.7209134,1.7745737,-2.1269126,-5.3855352,-5.336741,65.821205,30.108524,22.68339,14.897438,12.6617,8.932733,10.810622,8.116339,9.756312,8.202869,9.884593,8.214276,6.7191353,7.603302,9.787817,12.927498,10.071913,6.9233565,11.913529,11.374039,0.275911,0.19622378,0.26916158,0.29708347,0.2640229,0.3881363,0.25423574,0.24298754,0.25051272,0.26058498,0.56890744,0.31614327,0.31461462,0.21595411,0.28343812,0.3334226,0.25492942,0.31456402,0.25397444,0.27875665,0.3080595,0.23193528,0.40365693,0.24397762,1874.6280401896176,716.960351740466,0.07777050478908669,0.04596203589860378,0.044368494,0.021491097,jazz,jazz.00096.wav,c:\Users\darsh\Documents\Codex\2026-04-27\i-am-a-first-year-computer\Data\genres_original\jazz\jazz.00096.wav
-413.5791,118.27575,31.10331,40.165215,13.103847,13.944953,-3.7192216,4.748372,-9.8912525,-3.0627759,-6.2822113,-3.6105387,-5.2636905,1.1222537,2.8341737,6.594534,7.95137,5.062708,1.6020721,-4.3780694,46.01706,23.12355,28.420036,12.990634,12.181217,10.44608,8.430717,8.096086,6.739677,8.165994,8.003983,8.242662,9.278444,8.8429,10.307288,13.068188,13.076732,11.662165,10.492164,10.17217,0.17553177,0.23208264,0.19202739,0.22950742,0.19473313,0.19877988,0.18001069,0.23981792,0.3092512,0.3474587,0.23766524,0.15167156,0.23211041,0.34072107,0.26621687,0.35229653,0.267018,0.28730747,0.20195898,0.3144236,0.32677707,0.36307043,0.31910264,0.24186514,1176.0043625534947,496.11709073421224,0.03991094536087461,0.021790496590936133,0.021187648,0.013560481,jazz,jazz.00097.wav,c:\Users\darsh\Documents\Codex\2026-04-27\i-am-a-first-year-computer\Data\genres_original\jazz\jazz.00097.wav
-223.03062,102.89912,-1.6697352,45.199474,-6.7459745,25.354921,-14.366872,24.246717,-10.414377,11.146243,-9.151457,6.625129,-7.828697,9.370097,-3.43028,2.6738753,-6.2106004,0.8636526,-3.390311,-0.38150382,46.6554,21.456692,18.777506,10.18997,9.099448,7.420869,7.171492,6.119152,6.674222,7.434026,6.2653866,6.3773327,6.0963826,5.5894327,6.0722766,6.00652,5.7926784,6.3806767,7.553287,7.9057035,0.3767635,0.380756,0.4230522,0.33586055,0.29963994,0.31365266,0.31392336,0.29136345,0.27713817,0.32083133,0.29124838,0.3106034,0.32975724,0.29396367,0.3524683,0.28663158,0.2916073,0.31325093,0.29130092,0.2915119,0.2611238,0.29880035,0.27680483,0.28932306,1884.9439012894368,547.5562470595462,0.05812512093653251,0.03524600299902501,0.06013178,0.021344997,jazz,jazz.00098.wav,c:\Users\darsh\Documents\Codex\2026-04-27\i-am-a-first-year-computer\Data\genres_original\jazz\jazz.00098.wav
-315.01422,112.72766,9.74075,38.98918,3.942611,20.019875,-7.2231927,15.273513,-13.67778,10.151814,-4.8844337,4.7019944,-2.6995628,3.828492,0.84135586,3.3496346,-2.109428,-1.2456768,1.7837285,-2.2265732,44.14428,23.022701,16.776522,9.652342,9.185264,8.939397,7.945335,7.637395,6.8100286,7.545722,7.6916943,9.1811285,8.150639,9.516387,10.893639,8.652835,9.417051,9.6054125,8.870009,9.385892,0.33997396,0.19826576,0.2240976,0.3653012,0.29992315,0.2979745,0.30272737,0.46200997,0.3377674,0.23850872,0.25423375,0.22998159,0.37011015,0.23281962,0.2343914,0.36739472,0.27624273,0.3264415,0.2649236,0.38658488,0.31673488,0.24944058,0.3097012,0.23226418,1492.5645306761603,518.8825723759069,0.04620040090460526,0.023186006070081006,0.039259337,0.020571617,jazz,jazz.00099.wav,c:\Users\darsh\Documents\Codex\2026-04-27\i-am-a-first-year-computer\Data\genres_original\jazz\jazz.00099.wav
-52.93138,50.087288,-11.485749,46.351738,6.5509257,10.124288,5.479244,8.854688,5.9422083,6.6225224,-4.0471754,9.770576,-3.118492,3.657853,-6.5097322,1.0867522,-4.4839277,4.7281733,-2.7538903,0.50667185,18.681553,14.038605,16.135923,14.877903,10.786785,9.046414,8.1692505,8.070181,7.579009,7.172258,7.516379,7.3670025,7.304722,7.607573,7.0549006,6.887872,6.410936,6.015438,6.699393,6.0889935,0.53195053,0.5320383,0.6490014,0.48104125,0.45185933,0.45147228,0.41558102,0.5488131,0.42652747,0.4367969,0.47065365,0.45761126,0.28874025,0.22653621,0.2727328,0.2330294,0.22198178,0.2802872,0.2236949,0.296506,0.20581344,0.24669503,0.27333087,0.23060554,3274.344587423776,518.0399997096665,0.18307976973684212,0.046724106946035154,0.11609076,0.017463047,metal,metal.00000.wav,c:\Users\darsh\Documents\Codex\2026-04-27\i-am-a-first-year-computer\Data\genres_original\metal\metal.00000.wav
-80.14728,64.84362,-15.4656,46.839314,7.9110203,21.762014,-2.1760788,21.986689,-7.7126284,11.144746,-4.2870846,11.442517,-10.365105,11.727381,-7.095706,5.931137,-9.025644,5.5059457,-6.2011685,3.1252632,21.304964,12.638505,11.480019,9.036246,9.6135235,6.899861,9.771298,7.464779,7.583148,7.7334538,6.7729974,6.4017234,6.6380363,7.581183,6.1992617,6.1092906,6.1568947,5.865104,6.563612,6.371499,0.42943066,0.5543674,0.51044923,0.5753518,0.4545419,0.45166317,0.46424696,0.4049083,0.45328128,0.45049724,0.50660866,0.46785548,0.2217323,0.31135303,0.23618044,0.30453122,0.2337719,0.2702293,0.2746543,0.22260752,0.27064306,0.25476483,0.28150314,0.26691478,2922.908394647605,428.99617888759695,0.15290156975619196,0.04146074190988895,0.09726957,0.014733924,metal,metal.00001.wav,c:\Users\darsh\Documents\Codex\2026-04-27\i-am-a-first-year-computer\Data\genres_original\metal\metal.00001.wav
-62.21818,115.20072,-42.81503,54.31106,-24.88396,20.13311,-21.639133,20.847036,-8.3987,20.328602,-10.731801,9.669686,-14.547392,6.932939,-7.4813604,5.973085,-3.475765,6.574291,-6.577369,2.9633865,31.555744,17.77943,17.275677,14.6906595,8.690904,10.320322,8.279693,6.8825006,7.7125635,6.705451,7.183771,6.2100053,7.2711744,5.645473,5.704996,5.9749365,5.813694,6.1952834,6.3890347,5.79266,0.37108824,0.42875695,0.38249224,0.34447795,0.4600515,0.42108372,0.564041,0.50268376,0.46586472,0.47744992,0.38072848,0.39133164,0.25396883,0.28460783,0.24281679,0.2087757,0.26100096,0.23059446,0.31156108,0.29742512,0.27546206,0.28858393,0.24179782,0.28719303,2198.5048742476088,382.649414045903,0.12839302559017027,0.031248118070745866,0.13275112,0.025318023,metal,metal.00002.wav,c:\Users\darsh\Documents\Codex\2026-04-27\i-am-a-first-year-computer\Data\genres_original\metal\metal.00002.wav
-43.064682,75.397606,-47.840973,53.023727,-12.337867,36.873158,-8.287719,28.40454,-14.531336,22.106434,-7.3557453,15.9753475,-13.140837,12.26316,-10.449836,5.939398,-6.6831417,5.279663,-2.331792,3.5936794,20.254196,15.329738,13.844039,9.096457,8.616957,8.8518715,8.165129,8.544341,6.962119,6.221612,7.119126,5.5998545,6.012058,6.171322,6.3405824,6.2760444,6.307245,7.0933414,6.436425,6.441397,0.39938644,0.3967681,0.42065325,0.46801594,0.61518574,0.525076,0.43142295,0.524581,0.5978176,0.6138324,0.4462659,0.41303158,0.2709264,0.263732,0.28048086,0.25384384,0.2849735,0.26334924,0.23057424,0.26700842,0.28299135,0.30081746,0.26048094,0.2629465,2751.926423435394,394.3531358431766,0.16671025420859134,0.04730162204261712,0.15017863,0.029228942,metal,metal.00003.wav,c:\Users\darsh\Documents\Codex\2026-04-27\i-am-a-first-year-computer\Data\genres_original\metal\metal.00003.wav
-107.129585,47.660187,-8.620708,38.398926,8.458258,9.54455,1.0175124,20.74903,0.71484894,11.783107,1.1646876,11.063399,-2.529399,7.581268,-4.199112,7.0764894,-6.6205163,4.546639,-4.262467,4.2896204,33.574356,17.953352,13.508362,13.522256,10.140479,9.810855,10.558854,8.967378,7.924308,7.9900665,7.049162,6.538832,6.60013,6.532078,6.063804,6.072679,6.2805986,5.691707,5.5256805,5.699545,0.58759266,0.6252505,0.6549602,0.5916932,0.5851298,0.6591548,0.60353816,0.6507681,0.69806665,0.7171086,0.65107644,0.59158933,0.21581551,0.21702525,0.23960227,0.2237048,0.18715043,0.2208624,0.19683668,0.21758951,0.2110902,0.22186336,0.21274243,0.20939451,3403.0755097954175,517.6975401005159,0.19242362857972137,0.04854561816308119,0.06345061,0.010376535,metal,metal.00004.wav,c:\Users\darsh\Documents\Codex\2026-04-27\i-am-a-first-year-computer\Data\genres_original\metal\metal.00004.wav
-79.627686,93.472885,-27.749144,64.06913,-18.807098,23.320396,-10.540276,13.356394,-17.537811,16.38852,-10.054388,8.941801,-16.081074,4.287135,-14.799312,0.26462853,-8.214849,3.4206583,-3.714394,-2.4369857,32.78299,17.308947,16.148586,13.358154,9.760545,7.6117377,9.975156,8.334584,8.31491,8.480872,7.4589376,7.275215,5.805176,6.6728907,5.868427,6.500708,5.5774403,6.699574,6.83429,6.32562,0.35944906,0.37152004,0.48685297,0.40814137,0.4063151,0.36804184,0.41415533,0.5407026,0.4567217,0.4666012,0.387871,0.40486175,0.25655323,0.24554855,0.30914596,0.2177628,0.3048925,0.24469233,0.24731737,0.3468841,0.24569438,0.31943962,0.21617977,0.2961385,2464.596757533146,442.21625126924346,0.13437825016931115,0.036374302019338875,0.1216955,0.03543684,metal,metal.00005.wav,c:\Users\darsh\Documents\Codex\2026-04-27\i-am-a-first-year-computer\Data\genres_original\metal\metal.00005.wav
-140.7783,55.923157,-12.291191,44.319008,-10.604771,10.867444,-0.95333475,22.243965,-9.378978,15.246445,-3.0641422,9.072361,-8.798301,8.746224,-12.113971,5.550327,-12.49319,6.3504667,-3.8611655,4.7257943,28.018805,20.769234,17.212042,12.345558,12.356757,8.405783,11.912401,10.143272,10.129549,7.596175,8.68524,7.9041667,7.7865314,7.5696526,7.645284,7.3539762,7.473258,7.41083,7.152835,7.377217,0.34613588,0.35395864,0.33961624,0.46342468,0.43114248,0.5907305,0.48508772,0.434041,0.53873557,0.41926405,0.46262616,0.34279433,0.26228926,0.2775896,0.22774209,0.30648488,0.25344107,0.3093644,0.27737653,0.2537232,0.31535563,0.24088462,0.29579228,0.2290432,3237.576392654718,588.54053523801,0.1981254081607972,0.057698210371022816,0.0504414,0.010146348,metal,metal.00006.wav,c:\Users\darsh\Documents\Codex\2026-04-27\i-am-a-first-year-computer\Data\genres_original\metal\metal.00006.wav
-108.09747,65.77733,-20.841005,47.559593,0.85362834,8.991208,-3.2142603,20.978045,-10.349271,7.8764496,-8.126471,12.045557,-9.155128,7.0092583,-8.752738,5.7859516,-12.369431,3.441416,-7.3785267,4.871621,16.418028,16.880745,15.642475,10.499989,9.723451,6.4330735,7.8884573,6.7824125,6.483604,5.6395116,5.6811,5.93962,6.0162244,5.9727373,5.8192663,5.732389,5.451643,5.230524,5.4072742,4.992888,0.52353007,0.59770435,0.6531759,0.5889573,0.62547505,0.5893218,0.52753216,0.6000299,0.69141895,0.60905874,0.48606274,0.48413774,0.24207644,0.2669624,0.27985647,0.22799626,0.25410566,0.23616363,0.22403999,0.23558234,0.24608842,0.23297915,0.20483562,0.22646526,2939.529800244255,493.9926533979308,0.16837313153057276,0.043297733765302285,0.06947105,0.012545502,metal,metal.00007.wav,c:\Users\darsh\Documents\Codex\2026-04-27\i-am-a-first-year-computer\Data\genres_original\metal\metal.00007.wav
-149.98431,67.907,-6.6888485,32.084488,6.0797987,12.23563,9.134744,10.182917,3.7711067,10.596401,0.7727522,7.715685,-1.158373,-3.3025763,-7.533149,0.41751122,-4.005859,1.2608818,1.4787947,5.482005,42.12905,27.185766,22.232952,13.339566,13.054425,10.898584,9.89695,10.597107,8.090315,9.017017,7.4162197,7.988692,7.2230167,6.065903,6.233209,6.733499,6.539632,6.9253945,6.739103,7.1655364,0.507729,0.42903292,0.477331,0.5055554,0.6534639,0.5277996,0.4560665,0.4000559,0.30650815,0.33934307,0.40970162,0.58634335,0.28104588,0.26840934,0.29482648,0.26140952,0.3210605,0.25830352,0.27556473,0.2911296,0.21784766,0.21592844,0.22982998,0.30979708,2964.5694774912263,922.159379155508,0.14055924076044893,0.07110296064752432,0.05838335,0.014258379,metal,metal.00008.wav,c:\Users\darsh\Documents\Codex\2026-04-27\i-am-a-first-year-computer\Data\genres_original\metal\metal.00008.wav
3.642235,104.75209,-0.8226447,55.941105,-29.222486,31.255442,-14.195287,20.202589,-8.280901,15.181638,-14.587307,15.663606,-12.990428,15.283534,-6.9285975,9.860408,-6.502115,4.901696,-0.77597106,6.457592,23.308496,13.835009,10.715768,14.907714,8.920616,8.0256195,7.8561387,7.086096,7.036528,6.3225365,4.788467,5.308603,4.7824354,5.3186817,5.143902,5.4709334,4.6315365,4.465484,4.3824325,4.30569,0.55852336,0.5473161,0.6459019,0.50982064,0.39825723,0.46606314,0.5297445,0.49469334,0.48204103,0.53919625,0.5467927,0.60588574,0.231722,0.20672372,0.27870002,0.22311449,0.18981636,0.23412476,0.24461487,0.24897268,0.22458872,0.23932393,0.2370742,0.28696615,2250.890548724811,311.0357651302905,0.09467932166698917,0.023542089737412494,0.31272745,0.032300077,metal,metal.00009.wav,c:\Users\darsh\Documents\Codex\2026-04-27\i-am-a-first-year-computer\Data\genres_original\metal\metal.00009.wav
-58.72036,70.55818,-19.421354,73.593155,-27.765425,23.759441,-17.90417,21.222898,-16.94942,16.136871,-15.223488,14.874156,-18.705826,11.308096,-14.637608,4.3117094,-12.7187805,1.1689208,-8.019436,0.91980964,22.196278,16.11741,10.555645,15.027221,12.701309,8.358503,7.5673876,9.719741,7.7645364,6.8277802,5.553885,4.891028,5.384955,4.5904484,4.32851,4.1457644,4.2644205,4.4208875,5.0055065,4.3575926,0.54218656,0.5038421,0.5050583,0.48574778,0.4922467,0.50111777,0.6154339,0.6375606,0.5695838,0.5521055,0.5414547,0.5561935,0.23555522,0.25365123,0.23689644,0.22050677,0.22561641,0.21930903,0.2568216,0.26708424,0.23590162,0.24523212,0.23061712,0.26173538,3048.5052057998882,335.9658221798255,0.19654038373161764,0.04309514959416734,0.1181039,0.012321673,metal,metal.00010.wav,c:\Users\darsh\Documents\Codex\2026-04-27\i-am-a-first-year-computer\Data\genres_original\metal\metal.00010.wav
8.79297,82.823204,-30.564281,66.71608,-16.359282,16.568218,-10.763801,29.540411,-25.089777,16.821932,-11.392603,12.7859,-13.347067,9.802606,-14.256786,9.601154,-8.031881,5.1873074,-2.9507003,4.4044585,13.212185,10.7898655,9.742156,8.005718,8.632423,6.0797887,5.867083,6.2824426,5.0864453,4.75668,5.0613384,4.6653996,4.5992856,5.181632,5.0398016,5.2609673,5.0141864,5.165946,4.6462235,4.4107385,0.4082434,0.4274848,0.43767875,0.57644325,0.57009834,0.5189811,0.53822225,0.67780656,0.65203315,0.45833898,0.4472044,0.41767293,0.21127827,0.23392324,0.21611868,0.2869985,0.26137716,0.23797807,0.2534356,0.24833815,0.25823736,0.22309598,0.24729107,0.22697625,2699.980049142347,209.20715739479203,0.17150160845588236,0.028455627341631567,0.23063754,0.015965285,metal,metal.00011.wav,c:\Users\darsh\Documents\Codex\2026-04-27\i-am-a-first-year-computer\Data\genres_original\metal\metal.00011.wav
-64.107925,74.525986,-45.968002,65.855095,-14.676301,23.849155,-13.777111,37.7623,-10.587833,21.39044,-9.345858,17.91302,-10.791604,11.354604,-11.166747,8.709755,-8.963811,3.229737,-5.7455225,2.4206762,21.184916,15.089424,11.730059,13.954379,8.680143,9.424211,9.033196,7.2058086,7.579108,6.7085385,6.1020865,6.0386367,5.458763,5.2747383,5.181008,5.295192,4.977909,4.591201,4.896798,4.407363,0.65450776,0.6471442,0.6054324,0.53576374,0.65410995,0.623533,0.5909746,0.61230147,0.6143639,0.5645781,0.5316481,0.6253364,0.23938331,0.22098549,0.22049026,0.19301556,0.22651058,0.22312371,0.21749093,0.22004403,0.22783896,0.23123115,0.21448174,0.22374237,2803.303204375182,282.5428233983984,0.17691276243227555,0.02722314099287,0.11428379,0.009896035,metal,metal.00012.wav,c:\Users\darsh\Documents\Codex\2026-04-27\i-am-a-first-year-computer\Data\genres_original\metal\metal.00012.wav
-84.90263,64.63974,-36.32613,65.39542,-13.867816,22.872536,-15.565662,36.293034,-13.677166,21.259466,-9.251361,19.171608,-10.607493,12.314615,-9.792946,10.552154,-9.910699,5.051337,-5.342369,3.801619,30.941092,15.283122,10.966403,12.192987,8.212598,7.6308627,8.796567,7.7951174,6.5741606,6.3696914,5.5950675,5.184874,5.277399,5.146478,4.5716786,4.8050833,4.925888,4.3130245,4.339952,4.274355,0.5958228,0.6389563,0.68447196,0.5855959,0.6677476,0.70213157,0.6308529,0.67693627,0.69959146,0.637896,0.57201916,0.5424372,0.20603643,0.2143546,0.23494999,0.18221904,0.19063978,0.2120853,0.18279433,0.20564698,0.20895635,0.21328668,0.20901784,0.19433196,3047.8529556987282,340.9608631942038,0.20360421101006193,0.037004285797022474,0.086293176,0.012431555,metal,metal.00013.wav,c:\Users\darsh\Documents\Codex\2026-04-27\i-am-a-first-year-computer\Data\genres_original\metal\metal.00013.wav
-117.9197,65.44176,-51.43996,74.10702,-13.760528,25.753458,-13.138064,32.225914,-10.345248,21.713371,-7.8024545,12.349829,-14.452735,5.787718,-13.264057,4.5679383,-11.399253,-0.66686296,-4.573327,-0.21592188,44.02429,15.559817,12.645999,12.948502,8.453334,7.3214316,7.8783054,8.232557,6.063092,7.0961666,5.455108,7.167305,5.342391,6.968186,6.355301,6.551773,5.0141807,7.115966,5.544907,7.46468,0.5451905,0.5783848,0.5793631,0.5632533,0.60090494,0.57748574,0.6432977,0.6044032,0.5036142,0.39780173,0.45565334,0.58175784,0.24982418,0.24657446,0.25759193,0.22922336,0.26918107,0.21642046,0.25983408,0.24473946,0.23082197,0.21043412,0.22504516,0.26312876,2877.3990222346356,306.71245070177616,0.18530764742163314,0.03667116973941921,0.07755839,0.015288491,metal,metal.00014.wav,c:\Users\darsh\Documents\Codex\2026-04-27\i-am-a-first-year-computer\Data\genres_original\metal\metal.00014.wav
-76.78499,68.00349,-11.247029,76.363235,-17.476349,25.336975,-17.900312,20.368681,-21.420488,14.217725,-15.768945,12.524236,-18.507431,10.831446,-13.703334,4.864304,-11.980359,1.6491083,-7.645301,2.2255213,22.990759,15.0601635,10.7020235,14.466473,11.8826065,7.775544,8.197874,7.9504514,6.5155025,6.2155075,5.3290534,4.641157,5.389292,4.8073535,4.606119,4.5630136,4.392515,4.6159053,4.920821,4.4110003,0.4554734,0.36595935,0.40526962,0.47392094,0.5205801,0.46528333,0.5756232,0.59854615,0.51136714,0.4696045,0.45928138,0.51825315,0.2426384,0.20539384,0.2327949,0.26045427,0.28751516,0.21730559,0.25814193,0.28127846,0.2507312,0.25726664,0.23301212,0.27494735,2986.8234673152315,359.6905508050175,0.16926541638448142,0.03596182954813649,0.11093488,0.013557114,metal,metal.00015.wav,c:\Users\darsh\Documents\Codex\2026-04-27\i-am-a-first-year-computer\Data\genres_original\metal\metal.00015.wav
26.693075,79.7964,-52.055744,51.320683,-16.361847,22.011911,-17.46108,30.925192,-15.979048,16.127388,-12.196157,11.303884,-12.44661,5.206543,-7.687124,10.177714,-9.720839,-1.6887617,-7.5994143,-3.929782,19.778784,18.233084,15.292896,14.233771,12.700674,10.900426,11.2192955,10.700405,8.498457,8.375285,6.7950196,7.1749682,7.0913086,6.6117887,6.2071457,7.3280997,5.691779,6.038608,6.0029817,5.543553,0.48696214,0.5488986,0.5203002,0.51225245,0.5189365,0.40477756,0.3521746,0.45828885,0.5386313,0.66459423,0.57869613,0.440128,0.24439184,0.2706483,0.26030993,0.2429508,0.25123975,0.22671089,0.20379935,0.23320837,0.24715653,0.27857757,0.27603525,0.23673026,2743.3971145568185,380.6946244388759,0.17962174076044893,0.039744176785826056,0.2696991,0.042693943,metal,metal.00016.wav,c:\Users\darsh\Documents\Codex\2026-04-27\i-am-a-first-year-computer\Data\genres_original\metal\metal.00016.wav
-75.51752,81.91142,-22.08108,69.877,-11.740438,25.740246,-18.518965,27.027712,-14.085998,22.13411,-12.107689,14.951658,-13.525078,5.8154855,-10.154533,6.781166,-10.48783,4.3725295,-5.4660206,2.9706361,22.188234,15.332321,12.401528,10.849905,8.292121,8.052089,8.058302,6.3282914,7.0138493,6.520416,5.633717,5.5224953,5.4768634,5.375097,5.2416787,4.8364015,4.6930566,4.5312843,4.79798,4.060994,0.47478467,0.4466153,0.51595324,0.5816631,0.62616205,0.60237885,0.6150031,0.6001536,0.5848096,0.6094497,0.66612387,0.6479898,0.21096924,0.20537849,0.21699148,0.24623136,0.23972276,0.22180167,0.24648647,0.23715785,0.23190913,0.24666622,0.24117133,0.24998488,2656.165733706924,444.67646165089235,0.15877568389609134,0.04686163387934967,0.11375342,0.020002628,metal,metal.00017.wav,c:\Users\darsh\Documents\Codex\2026-04-27\i-am-a-first-year-computer\Data\genres_original\metal\metal.00017.wav
-76.37207,123.29144,-89.89615,76.44556,-21.269108,22.2958,-13.650001,14.64789,-6.320443,9.922285,-3.9226882,5.398593,-2.4885113,5.0383596,-2.9841642,5.112243,-4.379888,-1.2858987,3.0850468,0.1766462,25.727041,27.1313,14.263437,11.574341,11.3583,8.433594,10.705177,8.819383,10.045938,7.4007173,8.82939,7.4330053,6.941048,5.4201527,6.324604,6.0554214,5.555697,4.820703,5.216942,4.867082,0.5556466,0.71572757,0.6399085,0.57106435,0.51428175,0.4581844,0.4441144,0.5920351,0.67029786,0.5783723,0.4671198,0.45951143,0.21644308,0.25632125,0.2378572,0.23865356,0.22695373,0.21994352,0.2075721,0.23646076,0.2404272,0.23754771,0.20942171,0.2074131,2291.2788294344687,360.9451441879743,0.1803178816756966,0.039823299326319596,0.11838973,0.011677324,metal,metal.00018.wav,c:\Users\darsh\Documents\Codex\2026-04-27\i-am-a-first-year-computer\Data\genres_original\metal\metal.00018.wav
-89.329834,82.35691,-23.258312,68.10751,-13.08676,22.4548,-18.526537,26.23265,-14.358575,21.504412,-13.878503,12.481539,-14.122218,3.753356,-10.118068,5.4011245,-11.116164,2.6867979,-5.68873,3.0959978,56.134605,19.396618,14.5007925,11.813355,9.142417,9.608693,7.887921,7.133573,7.4626193,6.6011186,6.0625706,5.958681,5.28225,6.811077,6.025747,5.89491,4.8146563,5.7701197,4.9414926,5.0064926,0.45910725,0.45793965,0.49361148,0.54711914,0.5883083,0.5684844,0.6085456,0.5922755,0.5473125,0.5503609,0.64737105,0.60178614,0.22889644,0.23515336,0.22775815,0.25439996,0.24382216,0.22630349,0.26887572,0.25490633,0.23603132,0.22704786,0.2580181,0.24961041,2699.597527581128,463.46340072136763,0.16150658197078174,0.047456000596404244,0.10085454,0.031078428,metal,metal.00019.wav,c:\Users\darsh\Documents\Codex\2026-04-27\i-am-a-first-year-computer\Data\genres_original\metal\metal.00019.wav
-75.01831,81.17256,-20.199926,68.304726,-11.342598,23.670305,-19.834023,24.183434,-13.177372,22.286407,-11.556871,13.55321,-15.058013,3.302359,-10.513962,5.075372,-10.686498,3.8659294,-4.944836,3.2599394,35.706245,17.25513,10.452935,9.812483,7.888163,8.368641,7.594498,5.8615246,6.5293493,6.759072,6.6871142,5.740177,5.3555975,5.703329,5.321999,5.264797,5.1401806,5.060392,4.9449434,5.0160246,0.40072188,0.40640968,0.44934654,0.45450813,0.47892255,0.48706234,0.6023327,0.5714156,0.5526225,0.53126127,0.5052889,0.51084715,0.21792722,0.24372418,0.26069018,0.24969362,0.24349244,0.23672427,0.287319,0.27595797,0.2915346,0.29737133,0.24484466,0.29469463,2658.2188462959766,434.95373934519074,0.152409131312887,0.04549509372384177,0.1172756,0.029440805,metal,metal.00020.wav,c:\Users\darsh\Documents\Codex\2026-04-27\i-am-a-first-year-computer\Data\genres_original\metal\metal.00020.wav
-76.28286,61.76296,-37.112747,62.440014,-14.831243,34.567806,-11.487005,30.963097,-12.278124,22.313232,-7.511117,17.84716,-11.126256,10.237992,-10.79403,5.1591578,-7.724808,2.585732,-3.0912778,2.6671667,24.93532,14.267587,12.123538,10.553248,8.565248,8.0379095,9.2755575,5.883359,7.5080576,6.42168,6.870473,5.3793373,5.8832555,6.5540233,7.1543965,6.688246,6.6364007,6.889065,7.0777125,6.5147543,0.57269275,0.49122432,0.5081089,0.5163303,0.5882336,0.4833,0.5038339,0.57176965,0.52989095,0.46865457,0.49640465,0.57521796,0.2848726,0.2366233,0.27476916,0.23598088,0.26848203,0.22345407,0.2252615,0.27720317,0.24836767,0.2316557,0.2477146,0.3040348,3046.7299311449274,400.56446928000673,0.19161335381191952,0.050785613351194143,0.108446255,0.028488038,metal,metal.00021.wav,c:\Users\darsh\Documents\Codex\2026-04-27\i-am-a-first-year-computer\Data\genres_original\metal\metal.00021.wav
-45.843933,108.01372,-11.740544,66.32776,-30.207605,9.2367,-25.772972,21.87735,-17.929054,10.275843,-14.119919,18.74677,-14.2388315,-2.237886,-5.778148,-5.8649893,-2.5429697,1.4795749,-5.616363,-2.8201232,30.293549,12.582435,11.868265,8.905425,8.058915,10.523044,7.0066767,6.9226475,5.6879234,6.6311164,6.1759863,5.56185,5.4022903,5.8160253,5.459687,6.768638,7.1593766,5.9401526,4.744758,5.291246,0.2586042,0.3913973,0.3175492,0.39569005,0.60988635,0.31878513,0.24975367,0.25596747,0.43987837,0.674471,0.30686533,0.2187624,0.19107431,0.30863753,0.26167592,0.24872117,0.32070115,0.19727331,0.23772015,0.17961407,0.24912278,0.32607374,0.16771798,0.19223729,2218.499205435564,301.90610837180725,0.10698310214299536,0.03212733487949699,0.19878227,0.051174685,metal,metal.00022.wav,c:\Users\darsh\Documents\Codex\2026-04-27\i-am-a-first-year-computer\Data\genres_original\metal\metal.00022.wav
-43.716743,82.74609,-29.634932,70.4197,-21.612555,31.165257,2.0789452,28.88349,-2.6835518,19.90194,-6.94059,19.136198,-7.3723607,7.891117,-13.863939,4.059309,-6.876037,-1.7961832,1.4668608,4.5396914,29.489445,15.483382,16.014206,11.337768,7.3218713,8.105731,8.48642,6.4724455,8.184229,6.0791926,6.1228647,5.961289,5.4626923,4.958595,4.634997,4.911739,4.8809667,6.265154,5.661438,4.648706,0.6528721,0.55903625,0.5543487,0.54950625,0.54797107,0.51388437,0.4446349,0.54484665,0.5412218,0.41004288,0.46272945,0.5462136,0.30415615,0.24264438,0.22603288,0.27572846,0.27553183,0.29662406,0.22820939,0.25484824,0.2553058,0.21698077,0.25131506,0.21389593,2576.10753705241,378.4690141807217,0.13178756288699692,0.0415630192775949,0.19530222,0.035606135,metal,metal.00023.wav,c:\Users\darsh\Documents\Codex\2026-04-27\i-am-a-first-year-computer\Data\genres_original\metal\metal.00023.wav
-16.706278,94.11414,-32.7863,61.490444,-10.101552,34.223568,-11.971187,28.200222,-15.321425,19.325449,-8.278708,17.934834,-7.455648,12.818329,-6.1901646,6.3816876,-6.894108,4.45563,-4.1618023,4.2254467,17.05927,16.918858,14.352058,13.801634,7.3336525,8.24348,8.55968,7.105627,7.388182,7.5546174,7.003075,6.355317,6.930316,7.8151126,6.4982014,6.768537,6.90993,6.5143313,6.636633,7.2815433,0.49345326,0.40133604,0.46504605,0.45191988,0.48995116,0.48056093,0.60422295,0.5236856,0.41119677,0.39537686,0.43657607,0.59237033,0.28183317,0.23592862,0.27042043,0.24928753,0.3148825,0.25588503,0.27921963,0.2821454,0.23475377,0.23410998,0.22659235,0.2915856,2410.986411509785,459.55194824691847,0.12833369110390866,0.04231652428962331,0.23138711,0.028643627,metal,metal.00024.wav,c:\Users\darsh\Documents\Codex\2026-04-27\i-am-a-first-year-computer\Data\genres_original\metal\metal.00024.wav
-120.12781,91.28767,-38.79496,75.003784,-3.8060124,22.66649,-8.123724,23.654573,-14.638494,13.365053,-9.405639,13.706509,-9.3145075,3.5835807,-11.857464,1.0247251,-10.71396,-3.241502,-3.466504,-4.5768414,44.304607,22.171095,23.441366,14.575409,10.198782,10.357733,9.217724,8.205268,6.6181245,8.081527,6.724583,5.65592,6.3392663,5.7114067,6.337083,6.016437,6.1264815,6.1024666,6.449216,6.0227947,0.4206464,0.35272226,0.438639,0.5883774,0.8093058,0.5403357,0.33617464,0.3679936,0.39983952,0.3798627,0.42531928,0.52691245,0.25347066,0.23402391,0.26156536,0.21881078,0.2442702,0.20935956,0.19582531,0.2517245,0.24093273,0.23905475,0.23748268,0.31568593,2384.812609828754,517.8685785762581,0.12610316793246903,0.044944668338700276,0.10044173,0.022281507,metal,metal.00025.wav,c:\Users\darsh\Documents\Codex\2026-04-27\i-am-a-first-year-computer\Data\genres_original\metal\metal.00025.wav
-61.47552,71.744484,-46.288235,75.44222,-18.524563,35.957085,-12.68256,28.374231,-9.363222,14.5109625,-4.269454,11.870008,-16.039183,12.117884,-16.081953,2.3608217,-8.121184,-1.434942,-0.9419497,0.81972945,23.040508,11.976789,10.026917,9.210913,6.962356,6.735084,5.8363156,5.259255,6.755857,6.344666,7.0757957,5.9091177,6.980939,8.708954,5.9667997,5.645931,7.2699685,5.5088544,6.9534864,6.4886394,0.37532073,0.4045267,0.5887839,0.53643167,0.52792674,0.41491705,0.47386736,0.6076639,0.62014824,0.5176569,0.35630223,0.3910505,0.26567373,0.2275946,0.28476986,0.25236815,0.29147217,0.23913726,0.24782772,0.24208832,0.2913398,0.24359542,0.19503905,0.25270265,2871.3062606691374,249.86086399316017,0.19822933799342105,0.043130432705475535,0.13824102,0.022387616,metal,metal.00026.wav,c:\Users\darsh\Documents\Codex\2026-04-27\i-am-a-first-year-computer\Data\genres_original\metal\metal.00026.wav
-36.462593,94.796684,-36.610256,55.001995,-8.23886,29.6873,-13.684501,28.724905,-11.995235,19.366922,-15.665719,13.938667,-11.981068,7.540056,-11.918596,5.4808097,-9.272307,6.1842523,-4.3013177,1.8341254,27.400808,12.386515,9.764197,10.931459,10.306793,7.7008286,7.8252435,7.098795,6.789844,6.1101775,5.71975,5.2794595,5.39516,5.3726206,5.741578,5.4580803,6.1005664,5.4706597,5.2620735,5.141462,0.42377502,0.39603195,0.42188963,0.47838807,0.45399046,0.48571122,0.4005964,0.3889875,0.56744075,0.6244264,0.592576,0.46551934,0.2445461,0.2619579,0.2657533,0.29910773,0.23918071,0.29404622,0.24134631,0.21070991,0.2829408,0.27184752,0.2799225,0.25069666,2398.412461241184,280.95552474902877,0.12830912587074303,0.028415863847339663,0.1650778,0.030382726,metal,metal.00027.wav,c:\Users\darsh\Documents\Codex\2026-04-27\i-am-a-first-year-computer\Data\genres_original\metal\metal.00027.wav
-28.089987,84.033875,-43.716156,47.99097,-22.45509,19.917406,-25.18115,24.802288,-13.120749,24.669502,-16.419373,17.564196,-15.417398,8.639938,-9.952718,7.071071,-9.484701,8.427125,-3.5489016,2.6234772,13.526386,14.133365,13.265485,8.329646,7.2260957,6.444473,7.8204627,5.8363733,5.755004,6.6585307,5.607237,5.2634463,5.565729,5.593178,5.3495975,4.942155,4.7595663,5.104778,5.1404624,5.4755635,0.43581563,0.4752407,0.39920998,0.56913555,0.51713777,0.5308561,0.52408165,0.44128677,0.48574603,0.45283905,0.5777872,0.36583737,0.2611209,0.24468638,0.18848512,0.2917874,0.26034808,0.26436225,0.28190696,0.23611064,0.26489887,0.23958933,0.2934209,0.19292723,2789.300841643996,376.6427868963728,0.17996187475812694,0.03624211325026643,0.1440742,0.015956234,metal,metal.00028.wav,c:\Users\darsh\Documents\Codex\2026-04-27\i-am-a-first-year-computer\Data\genres_original\metal\metal.00028.wav
-103.65834,73.83582,-16.127468,53.154728,-25.099674,33.991577,-13.64172,25.99047,-18.906933,18.668743,-12.777742,9.545628,-16.148779,8.769026,-12.545799,5.3656545,-8.112324,6.6663527,-4.4953666,2.929663,36.788124,17.633705,13.681867,12.718271,12.90088,12.033551,10.087214,9.540755,8.011434,7.376069,6.8870935,5.6549835,6.8802905,6.5120773,5.8361216,6.1524706,5.7930756,6.1899595,6.364373,6.084003,0.4251911,0.35288802,0.41083062,0.44047084,0.4531041,0.5826334,0.45154792,0.47078335,0.4536669,0.46267483,0.4217699,0.36551037,0.30061293,0.23917115,0.27076846,0.3050135,0.24758196,0.3199758,0.2363897,0.2800947,0.29219535,0.28038055,0.29198444,0.23753066,2955.2644930453703,507.1591768822132,0.16334179385158668,0.05784401945485649,0.08899233,0.020741325,metal,metal.00029.wav,c:\Users\darsh\Documents\Codex\2026-04-27\i-am-a-first-year-computer\Data\genres_original\metal\metal.00029.wav
-77.45473,130.88896,-23.287468,61.99624,0.9075686,30.532892,-8.75849,19.443262,-2.2276921,13.108556,-3.2997823,8.935826,-8.964679,-0.35130316,-6.036298,-0.39818117,-6.7897754,-4.3958716,0.97613394,3.9791052,34.48635,22.58909,14.686525,7.591084,8.955258,6.892151,6.9451303,7.0503674,6.412916,6.83492,7.1262536,5.603117,6.445474,6.6087875,4.798489,5.3737445,4.579027,5.301427,5.097499,5.0067706,0.62331575,0.50528365,0.41094398,0.4082724,0.6966304,0.5387559,0.32043883,0.33001205,0.36273646,0.39812475,0.39089483,0.5621053,0.27173504,0.23381506,0.23952553,0.20128515,0.27850544,0.265689,0.18968877,0.24506275,0.19648983,0.26637143,0.2198659,0.25922185,1525.6954691515564,451.17272347903446,0.051203016157120744,0.017525483005144196,0.23020585,0.042998165,metal,metal.00030.wav,c:\Users\darsh\Documents\Codex\2026-04-27\i-am-a-first-year-computer\Data\genres_original\metal\metal.00030.wav
-12.502531,91.33017,-23.079102,50.981163,-12.106397,30.916203,-15.001935,23.06173,-14.281175,23.065378,-17.684673,13.16198,-15.200903,3.9402606,-9.093106,5.5435486,-9.840607,5.6275406,-7.0400934,1.4170808,28.29573,14.801879,12.77171,12.805758,9.812997,7.31346,10.501241,7.275915,8.079025,8.502811,7.2410626,6.3985953,7.379981,6.3109293,6.092128,6.2892275,5.611183,5.6978965,5.3268313,5.730991,0.37946323,0.4389161,0.45454973,0.5906701,0.4147061,0.3339101,0.3410208,0.41468942,0.6068873,0.48257154,0.49828827,0.39901364,0.26352593,0.30081272,0.21140729,0.3000631,0.22752526,0.21320786,0.22005674,0.24120885,0.3315641,0.22362357,0.30874783,0.2492669,2566.910608201603,408.69753570504287,0.12520937137190402,0.042488791984233026,0.22038391,0.03953137,metal,metal.00031.wav,c:\Users\darsh\Documents\Codex\2026-04-27\i-am-a-first-year-computer\Data\genres_original\metal\metal.00031.wav
-61.907036,93.03636,-39.96771,56.147964,-19.685198,23.381887,-7.6440945,17.719402,-19.306637,17.783297,-13.095866,14.301978,-13.079708,5.447866,-10.795583,3.732999,-10.746842,1.2737482,-4.6123557,0.33479157,46.22834,17.928589,16.98134,9.599992,7.33523,8.86685,10.17641,6.9509006,8.3002205,5.897948,6.9261103,6.3342104,6.590815,6.417587,6.7151012,5.916503,6.7231293,6.3558445,6.698194,5.7914133,0.40278086,0.3521408,0.51322865,0.46010754,0.5966405,0.45571682,0.43853575,0.47704843,0.39412397,0.396325,0.32915446,0.42300925,0.27675626,0.22519785,0.30438572,0.23495926,0.31758508,0.27521977,0.24535567,0.30161682,0.21711315,0.2603513,0.20794524,0.2977416,2502.5342481859757,440.83661785454035,0.14816085768188855,0.03936755997272909,0.13647573,0.03179901,metal,metal.00032.wav,c:\Users\darsh\Documents\Codex\2026-04-27\i-am-a-first-year-computer\Data\genres_original\metal\metal.00032.wav
-35.73135,115.46691,-40.631664,75.38111,-12.545452,21.839254,1.8210294,15.605564,-0.17317191,10.234974,-11.762732,15.405225,-12.471008,4.6235504,-2.470627,-1.6684322,-0.3332341,-7.7724237,0.99608034,-4.1807895,44.04539,28.10636,14.455041,10.134708,10.052602,8.6758795,11.659215,8.778513,8.475216,6.0607376,5.075726,5.4776845,4.7687683,4.8910313,5.430836,8.002364,8.485341,7.7363243,7.2615995,4.636846,0.5240476,0.37470227,0.43455908,0.5623795,0.7016229,0.5364362,0.28010908,0.2802064,0.38329175,0.42300642,0.57625186,0.6859518,0.2585844,0.21816215,0.23286204,0.219454,0.2929742,0.22436485,0.17159057,0.18567863,0.25251132,0.2705977,0.2863723,0.2831763,2029.8387796734646,568.5392769772228,0.10000733177728328,0.047871586088114135,0.2567308,0.035430405,metal,metal.00033.wav,c:\Users\darsh\Documents\Codex\2026-04-27\i-am-a-first-year-computer\Data\genres_original\metal\metal.00033.wav
-104.68676,87.7357,-33.242126,48.456833,-28.924986,22.51373,-24.994108,20.534803,-12.07721,18.25662,-15.190194,10.294038,-13.897688,10.2869,-4.697043,9.943593,-5.6209707,4.7915606,-11.67811,2.9583418,53.599197,28.226337,19.099283,20.412415,12.766664,11.384147,10.89912,9.643584,9.010954,9.8791,7.9044123,8.027454,9.507819,9.386654,13.019358,9.3107,10.149918,9.003917,7.6497025,7.5556507,0.3713691,0.27354673,0.33466777,0.3204019,0.4581707,0.3925798,0.4620307,0.48485434,0.40106925,0.4090079,0.42607203,0.5488885,0.23603979,0.20428388,0.2859924,0.2120326,0.3197243,0.24489625,0.29584917,0.33440953,0.27615294,0.3107169,0.2666938,0.32204127,2707.5423665716226,664.737744329241,0.16091248125483745,0.05765645595689141,0.09048659,0.024815362,metal,metal.00034.wav,c:\Users\darsh\Documents\Codex\2026-04-27\i-am-a-first-year-computer\Data\genres_original\metal\metal.00034.wav
13.472155,78.02858,-32.999123,55.550117,-9.963229,35.417408,-17.641218,29.057074,-11.254932,14.004886,-10.102363,16.52735,-8.494954,5.921776,-11.878571,6.4486423,-11.164233,-0.19770099,-2.188119,1.3877146,43.567837,18.596159,20.114412,10.790054,7.6249294,8.871706,9.199484,8.497777,8.460772,9.288373,7.0649085,8.664865,5.8072753,7.2784705,5.894782,7.3281655,5.4655395,7.593617,4.829313,5.378799,0.57708436,0.8067414,0.687025,0.534531,0.4417896,0.3665486,0.317189,0.41002634,0.57516056,0.49363306,0.37551844,0.434676,0.20232046,0.22431841,0.21486785,0.2467367,0.25444663,0.22752398,0.20257446,0.23247732,0.2806464,0.24750222,0.22813733,0.22656153,2836.947977795833,491.1733531520667,0.1628051379885836,0.05653775135487852,0.27074897,0.062462587,metal,metal.00035.wav,c:\Users\darsh\Documents\Codex\2026-04-27\i-am-a-first-year-computer\Data\genres_original\metal\metal.00035.wav
-71.27534,82.33836,-30.17323,56.464294,-10.875072,26.82275,-15.808304,25.348274,-15.630503,17.768711,-13.055728,14.628012,-14.275042,9.547383,-10.368048,8.101744,-7.463908,5.4308786,-4.4021826,3.0511744,26.958479,16.426836,13.306837,10.633173,9.354619,7.816246,7.993107,6.4497185,6.815668,7.5161414,7.118594,6.185069,6.9003654,5.849067,5.7849283,6.4257364,5.129666,5.7643437,5.733536,5.6941867,0.44888458,0.4511847,0.48252317,0.5706205,0.5922637,0.57897836,0.5443647,0.52896965,0.55810434,0.5138082,0.5127275,0.44637144,0.24824725,0.2436112,0.23806465,0.26315543,0.27078906,0.2882491,0.2735397,0.2630883,0.27122805,0.25482345,0.28070664,0.23781992,2685.8291745827923,421.69353552120856,0.16050318667763158,0.04887139682819978,0.11219081,0.028802315,metal,metal.00036.wav,c:\Users\darsh\Documents\Codex\2026-04-27\i-am-a-first-year-computer\Data\genres_original\metal\metal.00036.wav
-79.07527,106.81676,-38.75978,39.854446,-26.757378,32.465256,-15.021738,29.701921,-11.37107,13.770958,-14.502706,16.169477,-3.062653,3.566323,-17.280031,-2.1323605,-12.57326,-1.2415167,-1.2017151,9.030018,18.185015,14.807049,11.618863,7.975449,6.6897683,6.0943103,7.846125,6.5859904,6.760884,6.775907,7.02445,6.73881,7.9054837,6.441791,6.3545938,5.7661996,6.65032,5.844137,6.0085707,6.726097,0.4224989,0.5923944,0.4754909,0.5629905,0.4088972,0.32884744,0.34149095,0.30545118,0.3301372,0.25758374,0.33613375,0.38814807,0.2657292,0.3112277,0.27028725,0.31622186,0.27749836,0.25832328,0.28180468,0.22298576,0.27348036,0.19783264,0.24914637,0.28249758,2292.510290744662,419.3791857129215,0.12365873826915634,0.04131511876307029,0.11197951,0.01817151,metal,metal.00037.wav,c:\Users\darsh\Documents\Codex\2026-04-27\i-am-a-first-year-computer\Data\genres_original\metal\metal.00037.wav
-122.234886,62.287914,-34.47575,75.653,6.2773776,22.03109,-10.958645,23.23548,-12.28494,5.6125345,-6.983782,5.6169767,-14.398442,-0.4762993,-11.284502,2.1349807,-7.71252,-2.7237544,0.8729692,-5.3240557,105.762115,26.531834,24.03501,15.527734,13.013641,18.919022,9.997949,17.39485,9.242688,15.699345,7.602368,11.977296,6.958996,9.235209,7.2693844,7.0146103,5.8805747,7.044669,7.0156946,6.2435036,0.40149364,0.46635664,0.5472258,0.573039,0.62776995,0.5852188,0.43758914,0.39517024,0.40873462,0.41041693,0.4036876,0.39047644,0.2788838,0.26146415,0.2978392,0.25830302,0.29804572,0.29362902,0.27686965,0.29112992,0.3041091,0.29478782,0.297104,0.2717992,2690.651414951033,691.2398062780513,0.14832790126741485,0.059041846333270094,0.14581424,0.08357978,metal,metal.00038.wav,c:\Users\darsh\Documents\Codex\2026-04-27\i-am-a-first-year-computer\Data\genres_original\metal\metal.00038.wav
-99.77965,102.12207,-23.655642,63.082623,-8.785433,30.73993,-9.646097,14.164796,0.37265703,13.223106,-10.096967,9.193242,-4.932152,2.3094268,-7.185385,-1.0914272,-4.9282236,6.3270736,-5.055402,-9.303228,61.872673,25.942635,11.610029,15.859579,17.62421,11.097854,9.021488,7.385899,7.5751343,6.1362543,8.915011,7.023847,6.154785,5.9011726,6.557417,5.0238733,5.6166906,6.1843333,6.021024,5.6475596,0.2080403,0.19637659,0.32279208,0.54729146,0.47045937,0.27864626,0.25871113,0.38879406,0.6512258,0.5063309,0.38768238,0.33445632,0.18482758,0.19112462,0.24065144,0.31895542,0.31174424,0.24885143,0.15771918,0.23304167,0.3451161,0.2710872,0.23300606,0.28271973,2099.3502081908823,576.9030813611995,0.08829727409055728,0.04019643136162426,0.15433325,0.05809088,metal,metal.00039.wav,c:\Users\darsh\Documents\Codex\2026-04-27\i-am-a-first-year-computer\Data\genres_original\metal\metal.00039.wav
-74.115524,80.12189,-46.984425,51.01986,-9.138491,31.76564,-6.376152,24.85552,-19.142609,20.790123,-11.669213,13.848666,-16.47486,7.748832,-10.6138525,7.497552,-10.351636,4.983658,-8.210215,1.2308667,28.26885,16.829828,15.436473,9.289508,8.11195,9.429327,9.961883,6.81125,7.965791,6.792369,6.800766,5.6821885,5.9346128,5.7756805,5.434067,5.510109,6.4334493,6.322661,6.3452935,5.6575284,0.41932148,0.38093486,0.41128758,0.50976837,0.6752933,0.5768003,0.4819351,0.54149556,0.5461316,0.619367,0.52882034,0.41933703,0.2677183,0.23966007,0.2541195,0.2557385,0.28014845,0.26252994,0.24489251,0.26989278,0.24651434,0.2956574,0.26180968,0.23887499,2709.5400662447228,457.8542612683631,0.16644079249709753,0.046304033099206235,0.10460098,0.02387412,metal,metal.00040.wav,c:\Users\darsh\Documents\Codex\2026-04-27\i-am-a-first-year-computer\Data\genres_original\metal\metal.00040.wav
-100.42865,104.687256,-57.258125,56.590782,-5.5367737,22.83633,-6.167544,23.090935,-19.069187,17.792307,-13.767806,9.958694,-14.848816,0.3448952,-7.3256373,6.9757853,-12.664746,-0.5581992,-11.753996,-1.5418612,36.424107,19.860899,18.153837,10.622011,9.656555,10.067053,10.509502,8.87983,7.083709,7.2213516,6.9170227,7.078603,6.9876127,8.434804,7.2724752,6.3897977,6.3859863,5.577994,6.120615,5.509958,0.4418653,0.39668006,0.43434587,0.49948114,0.5588742,0.4129779,0.45318604,0.49003378,0.49831372,0.51472324,0.3700135,0.4122854,0.2858247,0.2375443,0.2581365,0.25459155,0.31795776,0.24047238,0.27487782,0.2820125,0.27412733,0.31092152,0.22480446,0.2681506,2269.195809921602,368.61254545476453,0.13738125544214397,0.032912748338111274,0.097560614,0.019056369,metal,metal.00041.wav,c:\Users\darsh\Documents\Codex\2026-04-27\i-am-a-first-year-computer\Data\genres_original\metal\metal.00041.wav
-93.59133,89.89402,-55.902695,51.637325,-5.558396,28.777815,-13.892873,27.350773,-15.316164,22.829412,-12.410713,9.704986,-19.730852,-0.7791874,-9.100343,12.41412,-5.453556,4.238625,-10.8701935,-2.9501216,26.505283,15.280833,12.462173,7.4566746,8.19166,8.468881,7.5583596,7.4296103,7.8106775,6.7294855,6.307853,5.837323,6.0333085,6.512313,6.9741945,6.562833,7.0856214,6.534436,5.763411,6.040805,0.3505437,0.33727336,0.32564673,0.39422068,0.57212,0.44503105,0.34849823,0.41819155,0.6007518,0.6408877,0.44358575,0.36251897,0.240755,0.2415761,0.23093092,0.24661592,0.31797308,0.26713055,0.24682935,0.26519513,0.3073171,0.27776352,0.27371472,0.25264102,2463.4494582050966,350.99651047790064,0.15180860584365324,0.03138911017468492,0.09364971,0.019671932,metal,metal.00042.wav,c:\Users\darsh\Documents\Codex\2026-04-27\i-am-a-first-year-computer\Data\genres_original\metal\metal.00042.wav
-110.87448,83.18676,-45.257427,56.596424,-7.4923544,19.979755,-13.402861,21.218973,-15.719742,18.087414,-18.12701,12.930389,-17.24171,3.3319187,-7.5791416,5.8677897,-7.949427,6.8205423,-5.6727304,1.3515627,66.38388,24.679714,29.907116,13.119437,13.61467,11.360338,12.857547,9.243935,9.537011,7.451818,6.643802,6.2211785,7.879048,7.6195135,8.414148,7.516196,9.729392,7.150208,7.958701,7.622726,0.39137268,0.43343347,0.37347037,0.41972163,0.50165564,0.48502862,0.48824129,0.42272854,0.47785005,0.4674049,0.39511102,0.40612552,0.25678483,0.28189942,0.24964277,0.27721432,0.30459732,0.30435294,0.3113427,0.25686422,0.30823025,0.29358906,0.25415978,0.28539062,2683.329925042629,588.4692820873673,0.17731298676954335,0.06290043957582503,0.09044781,0.033403013,metal,metal.00043.wav,c:\Users\darsh\Documents\Codex\2026-04-27\i-am-a-first-year-computer\Data\genres_original\metal\metal.00043.wav
-86.27023,76.75912,-42.356274,53.999104,-8.330258,29.407862,-7.9087305,26.661469,-14.234941,18.466795,-17.955868,9.869916,-19.038647,6.477254,-8.355194,4.8816915,-11.782924,1.6698998,-10.605783,-3.7786944,29.709558,19.646343,16.928381,9.838904,8.776469,9.119326,10.093778,7.48409,8.915536,6.7426286,6.4128942,5.724736,6.1525116,7.116248,6.6629243,5.986655,7.0261965,6.135446,6.2469234,6.0179067,0.43156958,0.3540972,0.4266046,0.4307762,0.48691848,0.49116805,0.48155263,0.5296329,0.5551948,0.5707297,0.405903,0.47107223,0.27510744,0.21605648,0.2642391,0.2275195,0.28106898,0.2800302,0.26209396,0.29550084,0.2644923,0.29323357,0.21846288,0.2723025,2760.3423816837835,462.7111995761409,0.17124877551760836,0.04077768209285232,0.0953466,0.024279466,metal,metal.00044.wav,c:\Users\darsh\Documents\Codex\2026-04-27\i-am-a-first-year-computer\Data\genres_original\metal\metal.00044.wav
-135.51762,93.37061,-43.314274,59.227753,-8.516594,20.944653,-6.5328155,21.889866,-18.970129,17.050318,-15.884877,11.082778,-18.48888,-0.826837,-5.6172304,4.6652665,-8.734545,2.1139982,-8.564519,0.2105193,75.96585,26.912565,26.67543,14.95877,11.596004,11.740579,12.60183,9.65758,9.029569,8.626667,8.647959,6.834672,7.7197433,8.493287,9.4039135,8.9556875,10.464744,10.090651,9.220091,7.199603,0.38057026,0.4136904,0.4398417,0.45568466,0.5279695,0.40415123,0.397335,0.49205226,0.41837022,0.47845364,0.35679737,0.39714867,0.27852342,0.2537234,0.28753707,0.2551128,0.3317788,0.2653624,0.24999434,0.34822258,0.21818168,0.32648993,0.21935582,0.29824454,2389.4350405557316,604.904232379294,0.1442818184017028,0.06215697131575126,0.08803666,0.031601723,metal,metal.00045.wav,c:\Users\darsh\Documents\Codex\2026-04-27\i-am-a-first-year-computer\Data\genres_original\metal\metal.00045.wav
0.3734972,79.70633,-30.638968,61.07577,-17.464643,26.695745,-21.258287,22.35319,-13.023766,17.867393,-13.381073,19.257633,-10.976209,10.706493,-9.433652,7.660083,-8.689539,3.1708357,-6.828639,3.8781016,18.342941,13.604649,10.346738,9.796274,7.157072,7.7941875,6.9568586,5.5115743,6.1796865,5.6840453,5.3415775,5.3901043,5.282019,5.6240606,5.855653,5.7016916,5.0630965,5.068163,5.128759,5.045571,0.5262507,0.5042343,0.5004023,0.46179804,0.43785557,0.48973238,0.40857714,0.43623847,0.43823808,0.46547163,0.59219235,0.52959937,0.26824287,0.26686,0.2589907,0.26970315,0.24794917,0.28325516,0.25332794,0.28111595,0.2688815,0.26452035,0.30290076,0.26607177,2795.6746741322545,309.1106570391674,0.16373219209558823,0.03061478256156244,0.21233073,0.02380621,metal,metal.00046.wav,c:\Users\darsh\Documents\Codex\2026-04-27\i-am-a-first-year-computer\Data\genres_original\metal\metal.00046.wav
-1.9254102,72.69556,-32.789642,63.592033,-18.557953,25.872955,-13.854105,18.064384,-11.945406,19.657593,-13.961472,18.737661,-11.190176,7.9533343,-10.283533,5.310404,-9.025781,4.3153214,-5.6433825,8.725261,21.864132,17.481161,15.588288,10.552215,8.350726,8.00321,8.908933,7.444478,7.3769073,6.8596745,6.7190843,7.2096577,6.2496,6.217223,6.251525,5.8215356,6.133249,5.9237623,7.048463,6.9126067,0.4566236,0.5573256,0.6808243,0.52614516,0.4064088,0.41684365,0.3671317,0.3345366,0.36515754,0.42351776,0.3114342,0.32654932,0.2870235,0.28066096,0.31292388,0.27027828,0.25593027,0.30418098,0.269128,0.23824553,0.24957629,0.27327666,0.20621666,0.22012031,2908.260266485554,392.34136519341524,0.17811948227070434,0.0419342925437274,0.21744712,0.03508007,metal,metal.00047.wav,c:\Users\darsh\Documents\Codex\2026-04-27\i-am-a-first-year-computer\Data\genres_original\metal\metal.00047.wav
9.6126,76.345825,-31.275438,56.887753,-20.73966,27.254444,-16.64428,19.372135,-13.922549,19.66951,-16.064049,17.490234,-12.959961,11.716283,-11.183552,5.478863,-8.587832,4.1037006,-4.4196367,8.829624,20.741392,12.514661,11.986065,10.659915,9.100349,7.8343115,7.9879684,7.391723,6.906097,6.45847,6.4002533,6.703825,5.7948523,5.472633,5.9145045,5.443872,5.0806627,5.3800774,5.686737,5.496597,0.52166915,0.7676287,0.5200249,0.40420032,0.4252615,0.43714824,0.40948778,0.4350829,0.60103035,0.42596862,0.35421413,0.42233428,0.21772875,0.26936597,0.21121891,0.20735483,0.26045313,0.23396695,0.25227264,0.20884055,0.2701137,0.21939048,0.1902749,0.22245081,2889.2745891447994,289.32893924117764,0.17660928732101394,0.027827149127935137,0.22445607,0.031985536,metal,metal.00048.wav,c:\Users\darsh\Documents\Codex\2026-04-27\i-am-a-first-year-computer\Data\genres_original\metal\metal.00048.wav
10.011061,74.12018,-32.23159,62.77233,-23.32492,30.028408,-14.876241,20.153131,-12.141148,19.180307,-14.977439,18.800049,-12.278636,11.281033,-9.482024,7.92427,-5.6097245,4.6561403,-5.2802196,6.826087,16.042883,12.8281145,13.106927,10.079813,7.792865,7.860208,7.8006225,6.372035,6.34617,6.3437376,6.0587873,6.627856,5.5470147,5.488614,5.1215844,5.1633053,4.884596,4.6297174,4.488848,5.151757,0.52858984,0.61150247,0.5100714,0.42266175,0.5495753,0.42742538,0.418948,0.5298818,0.6100744,0.6630964,0.5146782,0.50655806,0.24893889,0.23603848,0.24573144,0.19855252,0.2554866,0.22150832,0.21391597,0.2591039,0.2552023,0.28691965,0.24140772,0.2246992,2980.160116271462,294.97243433532793,0.19402490385545665,0.027590839471126585,0.21750559,0.025615223,metal,metal.00049.wav,c:\Users\darsh\Documents\Codex\2026-04-27\i-am-a-first-year-computer\Data\genres_original\metal\metal.00049.wav
16.498144,71.17403,-22.343836,60.273594,-18.556435,27.622684,-12.409244,16.955914,-8.733991,17.861544,-13.475232,18.930727,-11.024661,9.911685,-7.3751435,6.735554,-5.955689,3.81493,-6.191192,7.16933,20.430872,13.27894,13.7910385,11.19641,9.730472,8.227986,8.917422,7.34861,7.8217664,7.1822762,7.385401,7.0793386,6.814739,5.9823465,5.8378453,5.833858,5.5341463,5.63142,4.9987,5.1464825,0.5446411,0.634734,0.576974,0.4512144,0.48962644,0.37207898,0.3759161,0.457505,0.5461927,0.62545604,0.48136377,0.4736254,0.2687101,0.25702208,0.2752855,0.22920367,0.25526977,0.21432239,0.22688384,0.25663295,0.27242187,0.3095099,0.2436491,0.23410784,2987.2017926625704,324.65469346032376,0.17751366582817338,0.02933066742797598,0.2489358,0.035917826,metal,metal.00050.wav,c:\Users\darsh\Documents\Codex\2026-04-27\i-am-a-first-year-computer\Data\genres_original\metal\metal.00050.wav
9.626443,54.66245,-21.025988,60.160816,-21.065937,32.14062,-15.826892,21.457956,-8.718101,19.355715,-12.387802,19.743502,-10.803767,12.307345,-8.376524,8.23457,-7.0850525,4.327325,-7.334388,6.029405,21.411488,16.081488,14.865793,12.213294,9.327725,9.029918,8.463778,8.602928,6.964868,8.658457,6.603666,8.261265,6.998815,7.035829,5.6196685,6.7053804,5.468007,5.9916997,5.165841,5.605987,0.5939503,0.68977,0.6243422,0.491561,0.44371647,0.37064537,0.45188138,0.5421302,0.52422893,0.52900076,0.44197986,0.5000101,0.26555115,0.25726062,0.27763754,0.24201298,0.23590994,0.19003004,0.24168614,0.29956567,0.27370992,0.26260477,0.22919649,0.26517612,3401.339372945473,425.98791960022675,0.2284702738003096,0.048721283233463204,0.22617772,0.035457,metal,metal.00051.wav,c:\Users\darsh\Documents\Codex\2026-04-27\i-am-a-first-year-computer\Data\genres_original\metal\metal.00051.wav
4.007581,83.274345,-37.258846,62.334545,-14.855903,23.4053,-10.465684,16.790585,-7.9484053,16.29695,-11.256233,13.319225,-7.8180056,6.423224,-5.4770126,4.675414,-5.1417117,3.0196288,-2.7726505,3.8143518,45.707417,22.852448,20.772804,16.572882,11.993284,10.06687,9.816436,9.159384,8.929084,8.293629,7.3481455,7.4083776,6.7575455,6.7681828,6.559122,6.0625973,6.033659,5.671006,5.3036337,5.3068304,0.53702176,0.52675945,0.49889278,0.45028213,0.5387326,0.48230708,0.50076014,0.5795551,0.61481136,0.64028335,0.52523243,0.511982,0.26924655,0.24122494,0.25543305,0.2269401,0.26917103,0.24851297,0.25772688,0.2720581,0.28698355,0.2831763,0.23947448,0.24308786,2716.8331745213422,508.95153807286016,0.16221897373258515,0.04552426642134411,0.2398198,0.052572466,metal,metal.00052.wav,c:\Users\darsh\Documents\Codex\2026-04-27\i-am-a-first-year-computer\Data\genres_original\metal\metal.00052.wav
4.940334,75.07084,-24.737082,57.010853,-21.78284,26.048838,-12.566026,17.441984,-10.24325,18.605541,-13.024874,18.953098,-9.70242,11.359749,-7.2705593,7.7291527,-5.397446,3.4073267,-6.935817,6.544121,18.475332,13.08802,12.9259615,10.718159,8.854996,8.290544,8.43933,6.764162,7.425802,6.4941134,7.1392007,6.3989544,6.598586,6.1030974,5.80822,5.1809916,5.1705637,4.937099,5.452984,5.1870847,0.5136351,0.59090817,0.4803523,0.42467704,0.5334472,0.3743004,0.36629024,0.46463934,0.54808944,0.6284183,0.5002746,0.48619556,0.27486634,0.2838996,0.2819145,0.2391351,0.28744718,0.21633613,0.21948777,0.26564628,0.28871146,0.32313642,0.2658948,0.26314262,2906.8537059020937,345.0483055539061,0.17261573626160992,0.03428760584440443,0.22735067,0.044516433,metal,metal.00053.wav,c:\Users\darsh\Documents\Codex\2026-04-27\i-am-a-first-year-computer\Data\genres_original\metal\metal.00053.wav
1.1746387,66.64868,-23.702898,60.944363,-18.885221,29.745417,-17.549292,21.030996,-11.191259,18.808363,-13.065931,19.950945,-10.563495,10.513773,-9.3363695,8.415618,-6.657996,5.0049186,-6.474301,7.6110287,18.551455,13.860691,12.915202,9.735989,7.955314,8.300269,8.052256,6.7622466,6.8962107,6.8531976,6.163172,6.405889,5.5791855,5.4087157,5.7982497,5.0617814,5.274424,4.895192,4.962466,4.949979,0.5804169,0.60144055,0.5336874,0.5431101,0.4324945,0.4032631,0.45552045,0.52245957,0.59687626,0.52065104,0.4665381,0.46567443,0.2735909,0.27401417,0.23905508,0.2617013,0.23490518,0.22947015,0.25681174,0.28039756,0.31117788,0.27406004,0.25168106,0.25039414,3114.329793935282,396.8193168235962,0.19579171101006193,0.04071171129673747,0.20699105,0.02738856,metal,metal.00054.wav,c:\Users\darsh\Documents\Codex\2026-04-27\i-am-a-first-year-computer\Data\genres_original\metal\metal.00054.wav
10.46768,63.71505,-28.434465,62.601223,-19.601042,28.82345,-15.230561,19.297329,-10.69957,18.856491,-12.71232,18.030092,-10.830204,12.705911,-6.1213317,9.256771,-7.143946,4.6405296,-6.5071797,7.859061,21.989603,13.359087,14.227252,12.5864315,9.564706,8.562785,8.091057,7.9172993,7.2443857,7.7045755,6.5967627,7.471556,6.6619196,7.0911474,5.9383273,6.1091843,5.482249,5.936775,6.663955,5.7830343,0.5815219,0.5519481,0.51239324,0.44790933,0.40178823,0.42671657,0.52983606,0.44433433,0.45005712,0.47621801,0.5190604,0.6466386,0.2683381,0.25067666,0.27011907,0.24336533,0.2431603,0.2532885,0.27595133,0.24661267,0.26506865,0.254604,0.25194728,0.31959334,3108.6767565401215,328.05227641413506,0.19692586892898606,0.033532613558509075,0.23245998,0.033581816,metal,metal.00055.wav,c:\Users\darsh\Documents\Codex\2026-04-27\i-am-a-first-year-computer\Data\genres_original\metal\metal.00055.wav
11.974039,69.42492,-23.266045,60.70763,-20.820644,25.098286,-16.195517,15.557082,-10.50349,18.778437,-13.387608,17.373083,-11.059947,10.266618,-8.716945,8.182579,-4.960778,5.420798,-5.496191,9.081053,19.99115,14.221781,14.240273,11.084953,9.09878,7.8858676,7.843162,8.189292,7.4585447,8.026812,6.5655847,7.133421,6.017638,6.4266,6.1534915,5.638807,5.689826,5.5451984,5.644807,5.9517665,0.52188987,0.5540747,0.45934907,0.41254064,0.42628065,0.38954362,0.46244302,0.434023,0.47295794,0.45409235,0.44648725,0.5280302,0.30294305,0.31780386,0.28476498,0.26315004,0.29617384,0.23592809,0.30263424,0.26655495,0.30205292,0.2891685,0.26642248,0.31681883,3010.8123920844464,352.42203041587356,0.17932884759578174,0.034958637192691384,0.24290091,0.036821663,metal,metal.00056.wav,c:\Users\darsh\Documents\Codex\2026-04-27\i-am-a-first-year-computer\Data\genres_original\metal\metal.00056.wav
-24.911848,77.54363,-30.417303,68.36967,-6.524643,24.6945,-9.805858,19.518623,-11.461867,18.59208,-14.161357,14.448354,-5.920214,9.08153,-7.698092,5.832566,-6.617128,2.292533,-7.4986577,5.7593102,38.854248,20.697691,17.906857,12.974329,9.383936,8.5219755,10.428828,8.659937,8.293509,7.575753,6.796416,7.2544155,7.2780924,6.0606346,6.242733,5.8025784,6.192987,5.8002486,5.4349685,5.6315813,0.6456655,0.5578098,0.4891272,0.40657777,0.35839647,0.32774103,0.4426204,0.45279893,0.4781779,0.48718584,0.52353835,0.68225884,0.26703086,0.24985038,0.27109632,0.25111234,0.23875315,0.21148236,0.25802696,0.24916698,0.28201258,0.27377328,0.22925366,0.29303655,2718.481020565502,494.9103439215778,0.14377388496517027,0.04153456396144725,0.20718965,0.038255684,metal,metal.00057.wav,c:\Users\darsh\Documents\Codex\2026-04-27\i-am-a-first-year-computer\Data\genres_original\metal\metal.00057.wav
-15.687386,100.09827,-37.590454,45.971,-20.773737,25.637007,-18.64387,26.516623,-20.16317,21.12962,-13.649135,10.978789,-15.535991,3.6814206,-7.7146096,3.9337351,-8.12184,6.9547653,-2.0548267,3.907962,18.379215,13.5986805,13.127217,11.228865,9.332349,7.32693,7.0780053,5.885648,7.1245756,6.660345,5.9642777,6.7137527,6.181832,6.175799,6.100303,5.161615,6.563399,6.9255476,5.789234,5.988873,0.37501788,0.37983778,0.46053874,0.41229725,0.47898018,0.526107,0.45214313,0.5776039,0.55066484,0.50323933,0.44373804,0.3763167,0.2601681,0.25753525,0.2675116,0.24102402,0.2806594,0.30465266,0.24641,0.30029908,0.28249192,0.2908112,0.29080346,0.25045764,2459.3807747248898,359.69513909818687,0.1428422957381966,0.034063371145174125,0.18442486,0.032006573,metal,metal.00058.wav,c:\Users\darsh\Documents\Codex\2026-04-27\i-am-a-first-year-computer\Data\genres_original\metal\metal.00058.wav
-15.622626,99.13169,-45.622692,55.021473,-18.016518,23.890497,-19.60334,27.33491,-15.09996,18.792261,-16.151487,9.21564,-16.218187,5.4411445,-4.6560435,6.2786555,-4.701227,7.4452233,-5.8759637,-0.6940043,18.992731,12.810778,11.64542,8.398442,5.4751987,6.7241187,6.0037355,6.3057685,5.544669,5.638743,4.7986445,6.8184476,4.997324,5.564702,5.745469,7.5987663,6.3261604,5.265137,5.3868566,5.4772105,0.29707402,0.44097957,0.4840495,0.42042685,0.59319484,0.4311203,0.3869106,0.42719305,0.53535646,0.7752866,0.49788314,0.32275757,0.19337669,0.24722964,0.30762455,0.20278603,0.2871507,0.21493141,0.24867143,0.26960194,0.23601721,0.26109764,0.22893128,0.19147468,2442.6700033077755,295.87733248608464,0.14985396913699692,0.032892969553277515,0.18227965,0.030084321,metal,metal.00059.wav,c:\Users\darsh\Documents\Codex\2026-04-27\i-am-a-first-year-computer\Data\genres_original\metal\metal.00059.wav
-58.221924,105.824524,-43.90767,58.44157,-18.440866,27.96586,-17.969337,21.048119,-15.5502615,13.395051,-15.685904,9.364441,-15.323449,1.5323157,-5.9749947,2.0517452,-6.8151,4.2109413,-3.407656,1.7647108,23.826645,14.424568,14.058178,6.965549,7.500897,7.1860805,6.1316376,6.161526,5.8738585,5.5724244,4.9733133,5.1535683,5.675456,4.982548,5.644936,4.6694074,4.992216,3.9237406,4.511495,4.1738086,0.45602304,0.49709463,0.5478731,0.51946783,0.7382563,0.5307133,0.52507645,0.55143666,0.5132012,0.5408814,0.45893058,0.6077041,0.1845405,0.24114323,0.2588264,0.17037883,0.24722259,0.1896331,0.24717093,0.2682149,0.2302253,0.27967846,0.18600886,0.26326606,2315.8697989887996,338.9483509117249,0.13954412974071206,0.04014624339534633,0.12572911,0.02527246,metal,metal.00060.wav,c:\Users\darsh\Documents\Codex\2026-04-27\i-am-a-first-year-computer\Data\genres_original\metal\metal.00060.wav
-74.115524,80.12189,-46.984425,51.01986,-9.138491,31.76564,-6.376152,24.85552,-19.142609,20.790123,-11.669213,13.848666,-16.47486,7.748832,-10.6138525,7.497552,-10.351636,4.983658,-8.210215,1.2308667,28.26885,16.829828,15.436473,9.289508,8.11195,9.429327,9.961883,6.81125,7.965791,6.792369,6.800766,5.6821885,5.9346128,5.7756805,5.434067,5.510109,6.4334493,6.322661,6.3452935,5.6575284,0.41932148,0.38093486,0.41128758,0.50976837,0.6752933,0.5768003,0.4819351,0.54149556,0.5461316,0.619367,0.52882034,0.41933703,0.2677183,0.23966007,0.2541195,0.2557385,0.28014845,0.26252994,0.24489251,0.26989278,0.24651434,0.2956574,0.26180968,0.23887499,2709.5400662447228,457.8542612683631,0.16644079249709753,0.046304033099206235,0.10460098,0.02387412,metal,metal.00061.wav,c:\Users\darsh\Documents\Codex\2026-04-27\i-am-a-first-year-computer\Data\genres_original\metal\metal.00061.wav
-100.42865,104.687256,-57.258125,56.590782,-5.5367737,22.83633,-6.167544,23.090935,-19.069187,17.792307,-13.767806,9.958694,-14.848816,0.3448952,-7.3256373,6.9757853,-12.664746,-0.5581992,-11.753996,-1.5418612,36.424107,19.860899,18.153837,10.622011,9.656555,10.067053,10.509502,8.87983,7.083709,7.2213516,6.9170227,7.078603,6.9876127,8.434804,7.2724752,6.3897977,6.3859863,5.577994,6.120615,5.509958,0.4418653,0.39668006,0.43434587,0.49948114,0.5588742,0.4129779,0.45318604,0.49003378,0.49831372,0.51472324,0.3700135,0.4122854,0.2858247,0.2375443,0.2581365,0.25459155,0.31795776,0.24047238,0.27487782,0.2820125,0.27412733,0.31092152,0.22480446,0.2681506,2269.195809921602,368.61254545476453,0.13738125544214397,0.032912748338111274,0.097560614,0.019056369,metal,metal.00062.wav,c:\Users\darsh\Documents\Codex\2026-04-27\i-am-a-first-year-computer\Data\genres_original\metal\metal.00062.wav
-93.59133,89.89402,-55.902695,51.637325,-5.558396,28.777815,-13.892873,27.350773,-15.316164,22.829412,-12.410713,9.704986,-19.730852,-0.7791874,-9.100343,12.41412,-5.453556,4.238625,-10.8701935,-2.9501216,26.505283,15.280833,12.462173,7.4566746,8.19166,8.468881,7.5583596,7.4296103,7.8106775,6.7294855,6.307853,5.837323,6.0333085,6.512313,6.9741945,6.562833,7.0856214,6.534436,5.763411,6.040805,0.3505437,0.33727336,0.32564673,0.39422068,0.57212,0.44503105,0.34849823,0.41819155,0.6007518,0.6408877,0.44358575,0.36251897,0.240755,0.2415761,0.23093092,0.24661592,0.31797308,0.26713055,0.24682935,0.26519513,0.3073171,0.27776352,0.27371472,0.25264102,2463.4494582050966,350.99651047790064,0.15180860584365324,0.03138911017468492,0.09364971,0.019671932,metal,metal.00063.wav,c:\Users\darsh\Documents\Codex\2026-04-27\i-am-a-first-year-computer\Data\genres_original\metal\metal.00063.wav
-110.87448,83.18676,-45.257427,56.596424,-7.4923544,19.979755,-13.402861,21.218973,-15.719742,18.087414,-18.12701,12.930389,-17.24171,3.3319187,-7.5791416,5.8677897,-7.949427,6.8205423,-5.6727304,1.3515627,66.38388,24.679714,29.907116,13.119437,13.61467,11.360338,12.857547,9.243935,9.537011,7.451818,6.643802,6.2211785,7.879048,7.6195135,8.414148,7.516196,9.729392,7.150208,7.958701,7.622726,0.39137268,0.43343347,0.37347037,0.41972163,0.50165564,0.48502862,0.48824129,0.42272854,0.47785005,0.4674049,0.39511102,0.40612552,0.25678483,0.28189942,0.24964277,0.27721432,0.30459732,0.30435294,0.3113427,0.25686422,0.30823025,0.29358906,0.25415978,0.28539062,2683.329925042629,588.4692820873673,0.17731298676954335,0.06290043957582503,0.09044781,0.033403013,metal,metal.00064.wav,c:\Users\darsh\Documents\Codex\2026-04-27\i-am-a-first-year-computer\Data\genres_original\metal\metal.00064.wav
-86.27023,76.75912,-42.356274,53.999104,-8.330258,29.407862,-7.9087305,26.661469,-14.234941,18.466795,-17.955868,9.869916,-19.038647,6.477254,-8.355194,4.8816915,-11.782924,1.6698998,-10.605783,-3.7786944,29.709558,19.646343,16.928381,9.838904,8.776469,9.119326,10.093778,7.48409,8.915536,6.7426286,6.4128942,5.724736,6.1525116,7.116248,6.6629243,5.986655,7.0261965,6.135446,6.2469234,6.0179067,0.43156958,0.3540972,0.4266046,0.4307762,0.48691848,0.49116805,0.48155263,0.5296329,0.5551948,0.5707297,0.405903,0.47107223,0.27510744,0.21605648,0.2642391,0.2275195,0.28106898,0.2800302,0.26209396,0.29550084,0.2644923,0.29323357,0.21846288,0.2723025,2760.3423816837835,462.7111995761409,0.17124877551760836,0.04077768209285232,0.0953466,0.024279466,metal,metal.00065.wav,c:\Users\darsh\Documents\Codex\2026-04-27\i-am-a-first-year-computer\Data\genres_original\metal\metal.00065.wav
-135.51762,93.37061,-43.314274,59.227753,-8.516594,20.944653,-6.5328155,21.889866,-18.970129,17.050318,-15.884877,11.082778,-18.48888,-0.826837,-5.6172304,4.6652665,-8.734545,2.1139982,-8.564519,0.2105193,75.96585,26.912565,26.67543,14.95877,11.596004,11.740579,12.60183,9.65758,9.029569,8.626667,8.647959,6.834672,7.7197433,8.493287,9.4039135,8.9556875,10.464744,10.090651,9.220091,7.199603,0.38057026,0.4136904,0.4398417,0.45568466,0.5279695,0.40415123,0.397335,0.49205226,0.41837022,0.47845364,0.35679737,0.39714867,0.27852342,0.2537234,0.28753707,0.2551128,0.3317788,0.2653624,0.24999434,0.34822258,0.21818168,0.32648993,0.21935582,0.29824454,2389.4350405557316,604.904232379294,0.1442818184017028,0.06215697131575126,0.08803666,0.031601723,metal,metal.00066.wav,c:\Users\darsh\Documents\Codex\2026-04-27\i-am-a-first-year-computer\Data\genres_original\metal\metal.00066.wav
-82.50126,97.34412,-34.373585,71.40592,-3.2831824,17.367373,-9.023832,16.01118,-19.003857,12.07876,-9.568192,13.949616,-14.460563,7.954933,-7.123618,5.177264,-7.2045445,0.6676066,-4.8388996,-2.1070077,38.684963,17.98458,17.426989,13.737237,9.275889,9.197814,9.217804,7.645685,7.7938275,6.7782836,7.381632,7.5472555,7.068292,7.7645574,6.5119605,6.1656733,6.6637278,6.532046,6.3636413,5.365762,0.47130612,0.40977544,0.4888392,0.4424721,0.5038278,0.4271953,0.389605,0.41090322,0.448566,0.48851988,0.48603886,0.6627164,0.23979801,0.2723967,0.30679113,0.23346707,0.28509203,0.24427055,0.24271049,0.2772296,0.24852009,0.28870794,0.21040535,0.29391783,2254.451747982022,426.1423508917872,0.12015875943304953,0.03841475963498382,0.13624883,0.037760217,metal,metal.00067.wav,c:\Users\darsh\Documents\Codex\2026-04-27\i-am-a-first-year-computer\Data\genres_original\metal\metal.00067.wav
-99.92597,106.37655,-40.69357,52.71699,-20.752645,25.27852,-11.834835,22.090796,-12.473096,13.774301,-14.384913,15.974963,-11.724976,5.7711525,-9.157407,3.6455305,-8.888176,2.3828778,-3.6879458,0.15610035,61.73345,22.206402,16.769615,11.760927,14.951731,10.342813,10.150977,8.148929,8.665711,7.5395074,7.260821,6.909253,6.40524,5.9799223,5.906922,6.078716,6.3064756,5.9983597,5.9363,5.6538897,0.46864414,0.4118641,0.36761913,0.4862067,0.65018487,0.46105626,0.33457515,0.3688199,0.48661435,0.6145787,0.45449984,0.4522672,0.28841895,0.25032887,0.24411376,0.24253021,0.30061147,0.26007265,0.2265071,0.24488452,0.25256553,0.31688118,0.23915389,0.2588273,2302.7150351085147,455.3913725765425,0.13075015419407895,0.0418494982610602,0.09832205,0.03207351,metal,metal.00068.wav,c:\Users\darsh\Documents\Codex\2026-04-27\i-am-a-first-year-computer\Data\genres_original\metal\metal.00068.wav
-111.631966,111.15152,-10.673634,69.67505,-4.9124284,29.834528,-10.388692,21.257767,-6.6391087,20.084322,-7.234053,16.228865,-10.11801,5.317103,-3.5098681,1.3618947,-4.7046027,5.6378694,1.5145245,1.8745898,39.681133,18.790073,15.004062,10.3980255,9.922601,7.7811756,8.834817,6.569273,7.6719623,5.9004693,6.169133,6.964622,6.7030506,6.4080215,6.358125,5.915048,7.2228956,7.1918926,8.135821,7.039368,0.31325787,0.38244104,0.56680286,0.5865495,0.6899768,0.54421604,0.41471288,0.40876535,0.38993517,0.41791505,0.34383717,0.3904985,0.1971234,0.2256362,0.30572888,0.19914897,0.3098728,0.25445953,0.23100962,0.29028413,0.26001605,0.32172707,0.22769916,0.26593465,1741.2304486142502,426.4123631777504,0.05379181380611455,0.02598138017131214,0.17355335,0.024823107,metal,metal.00069.wav,c:\Users\darsh\Documents\Codex\2026-04-27\i-am-a-first-year-computer\Data\genres_original\metal\metal.00069.wav
-197.24265,74.135826,-10.732934,54.719276,-7.5989184,18.415985,-18.87797,11.601353,-14.568,18.417076,-16.47915,12.569829,-10.470822,12.355381,-6.2587886,10.49567,-7.0594673,3.7297094,-3.2354376,0.65811396,62.464294,29.539186,27.103802,15.705575,10.883226,13.109472,8.978508,11.529299,8.34444,8.211419,8.395739,7.9662046,8.045529,9.074968,7.395902,7.825455,9.153871,9.197938,8.406823,7.1719885,0.37874404,0.34452006,0.3654381,0.3342502,0.43378305,0.35360807,0.4765788,0.4956152,0.44767138,0.5145258,0.4070378,0.42400858,0.29346254,0.2590724,0.30199677,0.2534656,0.32293302,0.2527653,0.3350638,0.31812054,0.25977433,0.34124428,0.25981614,0.30542234,2742.97005055359,698.1091246529176,0.14287668706462847,0.06221136365525387,0.048858766,0.0274496,metal,metal.00070.wav,c:\Users\darsh\Documents\Codex\2026-04-27\i-am-a-first-year-computer\Data\genres_original\metal\metal.00070.wav
-78.646675,80.88038,-24.589214,47.02528,-23.750683,27.423235,-17.429619,22.271526,-13.534701,21.574053,-11.100493,15.586867,-9.705414,10.519359,-8.843407,6.214203,-4.7677083,4.5312366,-3.4288995,3.164565,64.06354,19.08905,14.804603,11.633542,10.051325,8.445227,9.360708,8.59127,7.1599507,8.881876,7.314117,6.1671233,7.360692,5.9775686,5.868784,5.784207,5.9581556,4.951473,5.852312,5.450776,0.46120176,0.6037494,0.4979755,0.49667796,0.49455866,0.48797372,0.4925764,0.44539624,0.52518547,0.40620276,0.40647647,0.4399434,0.25484785,0.31790328,0.28489625,0.28107533,0.2847033,0.28235695,0.30119255,0.25471923,0.30600503,0.24087226,0.25240964,0.25886154,2808.0046134374647,508.4678276780027,0.15380519241002322,0.05464209441438135,0.11531483,0.043909356,metal,metal.00071.wav,c:\Users\darsh\Documents\Codex\2026-04-27\i-am-a-first-year-computer\Data\genres_original\metal\metal.00071.wav
-35.211857,93.95566,-35.184963,62.78997,-11.732125,26.993427,-10.765925,24.075377,-13.050642,13.60035,-12.423316,13.567939,-12.25336,5.923869,-11.990138,3.3103526,-11.968026,-1.3697472,-2.4044917,-2.6268032,19.337008,15.385416,11.364409,9.991433,7.0671105,5.920012,6.9872274,5.547768,6.2411246,6.3945413,5.9859166,5.6546483,5.8294425,5.2747326,5.059989,5.3794875,6.071972,6.305779,6.7543173,6.1384583,0.39379084,0.48553476,0.5704877,0.4260723,0.39042944,0.5112456,0.57187754,0.56358755,0.432946,0.35624757,0.31345528,0.32718325,0.26826084,0.2791076,0.31270114,0.25129926,0.2335927,0.302594,0.28155982,0.31246823,0.2511939,0.2324683,0.2321523,0.25167868,2340.03096955969,351.7744667220858,0.11682733588912539,0.03924978151689941,0.19427228,0.027740791,metal,metal.00072.wav,c:\Users\darsh\Documents\Codex\2026-04-27\i-am-a-first-year-computer\Data\genres_original\metal\metal.00072.wav
2.76582,77.06904,-17.562174,57.969265,0.73400027,28.834631,-7.8623486,27.62109,-13.553445,17.290194,-7.5781507,13.043516,-8.747499,6.2662005,-8.75173,5.6346817,-10.762566,1.7315366,-7.0443177,-1.6029269,32.013676,20.526947,16.434717,14.394779,12.072335,11.041067,9.592121,9.018558,7.823248,7.9018345,7.386564,7.267324,6.896183,6.103135,6.096039,6.434681,6.546368,6.2601814,6.2381644,5.9828205,0.3404197,0.44619378,0.54946077,0.68936723,0.4819875,0.32875547,0.3392451,0.35095078,0.36978742,0.39227408,0.51214486,0.35899,0.22970745,0.30411208,0.23791373,0.3204292,0.23208597,0.20937939,0.28681383,0.2583746,0.27724954,0.24204259,0.2938635,0.20585844,2642.032925778633,539.0793332753652,0.12134280367163312,0.04278340857391909,0.2933537,0.047151286,metal,metal.00073.wav,c:\Users\darsh\Documents\Codex\2026-04-27\i-am-a-first-year-computer\Data\genres_original\metal\metal.00073.wav
-201.17038,76.82515,-14.830626,68.75314,-12.95295,36.95549,-10.98254,23.685738,-12.256573,16.672419,-11.068587,15.556435,-11.184572,10.567687,-3.8928819,7.0718303,-9.825485,2.655147,-9.00015,-2.2275777,39.06688,22.553808,15.965007,16.809147,10.2509575,9.543323,9.483078,9.202091,8.114197,6.333637,8.222724,6.4537654,5.3553205,6.284084,6.4407687,5.6713552,5.9425187,5.707977,6.1575065,5.3914437,0.5462711,0.7440527,0.5965941,0.43801242,0.40379044,0.44075966,0.41031936,0.4304812,0.49637735,0.4436202,0.39243773,0.45951796,0.23321909,0.27985856,0.23528089,0.23711118,0.26547882,0.2755587,0.25627533,0.26149333,0.29858136,0.26207957,0.23402987,0.24736159,2723.644292308425,610.9513332705817,0.13497272881191952,0.05791138186429692,0.040842734,0.008877005,metal,metal.00074.wav,c:\Users\darsh\Documents\Codex\2026-04-27\i-am-a-first-year-computer\Data\genres_original\metal\metal.00074.wav
-40.462826,105.28377,-14.121419,54.854095,-1.1847332,20.07817,-11.68658,22.177694,-10.237689,14.195452,-6.912577,13.34514,-9.254659,6.935654,-4.394074,7.80383,-7.623223,0.66062194,-3.9646745,-0.00101941,57.314613,24.48865,21.810396,12.494403,10.979187,10.983853,8.446405,10.571005,6.794979,7.943604,7.14929,6.3634872,6.4170465,6.278569,6.0435705,5.4663444,5.699389,5.4571185,5.6164894,5.2981415,0.33854783,0.37111798,0.35918638,0.47264326,0.32829252,0.3319015,0.46198142,0.52743065,0.7112892,0.53083014,0.4916972,0.4550726,0.2063664,0.28590593,0.22658032,0.2911653,0.22274567,0.22232948,0.26983473,0.23216078,0.30826637,0.23292576,0.25761107,0.27802938,2068.6843930292544,624.2083033944785,0.08889326443982198,0.03932209341487458,0.24473605,0.0812171,metal,metal.00075.wav,c:\Users\darsh\Documents\Codex\2026-04-27\i-am-a-first-year-computer\Data\genres_original\metal\metal.00075.wav
-100.87204,76.131744,-29.540949,69.70769,-17.339687,21.392006,-12.921216,22.004936,-9.841376,18.424261,-12.037166,8.98118,-20.874262,-2.6910977,-9.629925,2.931675,-7.5035872,0.53127,-4.969364,-3.1851037,39.57702,16.170385,22.232561,7.4812055,10.033609,10.351524,7.320001,10.047339,7.2625704,9.075452,6.187145,8.880472,5.178454,6.8237624,5.453944,6.561569,5.411266,6.871155,4.762944,6.3456135,0.40877035,0.35819474,0.47854745,0.59891015,0.7772851,0.57469577,0.38320613,0.41412848,0.5072731,0.43586466,0.42301223,0.5907877,0.20774867,0.2323383,0.2921972,0.20932604,0.26888698,0.20059863,0.21727872,0.2745645,0.2827741,0.26225653,0.21115969,0.2801733,2792.6902805308296,435.06992153430053,0.16254058932372292,0.053563896863959425,0.09692568,0.038130745,metal,metal.00076.wav,c:\Users\darsh\Documents\Codex\2026-04-27\i-am-a-first-year-computer\Data\genres_original\metal\metal.00076.wav
-42.02993,86.998,-27.519882,62.60779,-27.02055,32.348595,-18.955395,22.138983,-14.33114,19.516882,-10.970767,16.759539,-12.39556,10.520514,-6.721216,6.517083,-9.209883,6.571162,-5.786406,1.3288356,23.059824,14.107368,15.242867,11.908624,10.472874,8.515317,9.095212,5.675023,7.050563,6.9818487,6.7176213,7.6043954,7.7613816,7.235922,7.5443144,6.4990215,6.520045,6.6356006,5.735977,6.285035,0.39410794,0.3611748,0.43910596,0.39285865,0.39860663,0.3746409,0.44202662,0.40852314,0.48332068,0.5845857,0.49613252,0.51624084,0.24607274,0.23803598,0.30479372,0.24990529,0.29103085,0.22333282,0.27263227,0.2514727,0.2926884,0.3129276,0.26865867,0.29644015,2741.0869522297985,350.95887831849666,0.15998467129450464,0.034730606650250746,0.14909758,0.025035711,metal,metal.00077.wav,c:\Users\darsh\Documents\Codex\2026-04-27\i-am-a-first-year-computer\Data\genres_original\metal\metal.00077.wav
-1.6504897,73.40672,-15.8976755,55.80285,-1.9217756,34.024567,-8.33632,32.767876,-9.721336,20.836998,-9.041395,13.956027,-9.598967,4.9651403,-6.625369,6.481497,-6.449592,2.2325194,-3.009212,1.9899176,35.535534,20.552221,17.171263,14.649489,10.042707,10.999546,10.167779,9.860454,8.898902,7.4587684,7.418884,7.5257387,6.8415704,5.9972687,6.153142,5.735921,5.174202,5.255551,5.370812,4.628864,0.50215954,0.5195026,0.57236505,0.6674862,0.56694907,0.4360055,0.47142005,0.56286883,0.50195783,0.4822759,0.59315634,0.52695006,0.2511934,0.26060134,0.23236103,0.27673298,0.24908482,0.22862506,0.26158088,0.27459708,0.25577152,0.23594737,0.28769544,0.25663272,2815.480455068502,603.3313913043006,0.13186541577979877,0.046354466994245974,0.26945254,0.041785333,metal,metal.00078.wav,c:\Users\darsh\Documents\Codex\2026-04-27\i-am-a-first-year-computer\Data\genres_original\metal\metal.00078.wav
-74.930435,79.14185,-40.912487,54.720623,-9.683361,37.261475,-14.976005,20.937372,-17.431295,16.582232,-11.095817,15.470192,-11.143389,10.473645,-6.3828216,5.5478888,-7.29011,2.9126554,-0.56903315,-2.834362,39.499077,20.35201,16.340796,9.370261,10.366224,8.934745,8.777806,8.342458,7.421493,7.2984166,7.1577196,7.229489,6.6747794,7.9118752,6.678015,7.5174875,6.7907057,7.630461,7.635704,5.9383316,0.44364274,0.4111003,0.47641793,0.617396,0.6347398,0.4168676,0.38806894,0.37827352,0.4291877,0.5125075,0.43008938,0.53191876,0.2754398,0.223134,0.23665234,0.28611904,0.27587685,0.1989822,0.21276389,0.24837935,0.25104773,0.30798286,0.23032333,0.3033466,2710.046718960874,497.4285297847698,0.14390615929760062,0.04460432236376251,0.12730838,0.042055517,metal,metal.00079.wav,c:\Users\darsh\Documents\Codex\2026-04-27\i-am-a-first-year-computer\Data\genres_original\metal\metal.00079.wav
-73.53079,74.63624,-16.441614,55.65842,-7.735835,36.544735,-18.304749,27.83494,-11.930489,20.062954,-11.356052,14.714357,-7.2918735,9.606173,-6.7524467,7.8925457,-3.5827742,2.6660888,-5.1028223,3.0479605,46.71229,18.717207,15.373182,11.256452,9.446285,8.75166,7.884079,6.848497,6.907033,7.0726967,7.354267,5.9690886,7.3253217,6.505849,6.0346656,5.848965,5.925634,6.4600463,7.0779405,6.763781,0.46179706,0.5374142,0.5323435,0.48658872,0.57748425,0.57218283,0.5316785,0.45506918,0.40790778,0.42101106,0.46832237,0.51332486,0.24617928,0.282227,0.28618678,0.27464435,0.2744055,0.27495387,0.29540256,0.27741212,0.24002904,0.269195,0.26970333,0.2872156,2848.182022368144,557.1465748152863,0.14412119956946595,0.053472713662802505,0.13986295,0.05509969,metal,metal.00080.wav,c:\Users\darsh\Documents\Codex\2026-04-27\i-am-a-first-year-computer\Data\genres_original\metal\metal.00080.wav
-19.135782,118.842636,-52.170376,42.712044,-21.577301,27.695185,-14.619277,27.023914,-17.138739,18.976408,-10.770826,9.391385,-4.661059,1.0903963,-5.0440955,4.053998,-6.41968,1.9957601,-5.504406,0.4586854,29.838282,15.492213,11.591303,6.8575726,7.7482343,6.5218506,6.8367124,5.8038177,5.9524517,6.354388,5.3267493,6.666237,6.4663544,6.882837,5.727159,5.381272,5.0797625,5.397519,4.6673985,5.026216,0.44264594,0.6405074,0.44021517,0.46230003,0.5569555,0.48873076,0.7566781,0.57421523,0.5103497,0.4595405,0.46933308,0.41029277,0.22087793,0.25415096,0.19791883,0.24193254,0.25513434,0.18777494,0.24916896,0.20990273,0.24082862,0.2498219,0.22587296,0.22066875,2138.240246747415,311.28841269550765,0.12199056997387771,0.02780910931415909,0.19039944,0.033330154,metal,metal.00081.wav,c:\Users\darsh\Documents\Codex\2026-04-27\i-am-a-first-year-computer\Data\genres_original\metal\metal.00081.wav
-57.683388,101.43232,-41.485245,55.1306,-23.34928,28.151098,-12.139105,18.150204,-15.429839,11.888646,-10.803695,9.394469,-12.284428,4.8094835,-12.406643,5.4261503,-8.844725,0.059281245,-3.1784744,-3.361844,27.860125,14.473037,13.400255,10.443533,8.012974,7.6187873,8.60948,7.286231,8.934352,7.035791,7.6625757,6.187707,6.645998,5.3874283,6.4155035,5.9895725,6.1799097,5.5986423,5.5455065,5.6505055,0.43551287,0.4332252,0.47797254,0.6680852,0.5796772,0.5246772,0.507553,0.4909866,0.58257824,0.5346762,0.51000446,0.41347829,0.23820476,0.24106951,0.21137935,0.29352713,0.24358433,0.25556734,0.26736212,0.23490068,0.27688476,0.2493344,0.2570286,0.21224897,2378.392047570882,306.57760441161656,0.1413173616486068,0.03138005003061785,0.13158989,0.038606588,metal,metal.00082.wav,c:\Users\darsh\Documents\Codex\2026-04-27\i-am-a-first-year-computer\Data\genres_original\metal\metal.00082.wav
-29.364521,101.90519,-29.13861,69.73786,-16.19941,19.447557,-18.348463,19.076456,-18.29892,15.284218,-8.25647,2.497314,-14.802311,4.613596,-12.252425,5.274204,-10.689712,6.4197154,-6.4118514,-7.0120497,31.548243,25.684912,14.779773,11.119852,7.8313975,7.1452446,7.351207,7.0218377,7.0550804,7.370376,7.1103272,7.0296936,5.534218,5.0621123,4.607793,4.82225,4.794145,5.069337,4.833325,5.112202,0.33901247,0.32956988,0.40293416,0.46039522,0.6956643,0.5913588,0.49832758,0.44001472,0.519371,0.38565332,0.31938797,0.5050735,0.18980345,0.24259242,0.27314523,0.22819366,0.2800014,0.22681731,0.2838864,0.23335573,0.2672882,0.24154454,0.17724016,0.30173513,2340.7560584493326,543.9988048160636,0.1229134668875774,0.04477491393495899,0.20863253,0.032678287,metal,metal.00083.wav,c:\Users\darsh\Documents\Codex\2026-04-27\i-am-a-first-year-computer\Data\genres_original\metal\metal.00083.wav
0.2972941,94.16096,-32.3892,45.45783,-15.206419,25.888224,-12.4076,19.625692,-6.809362,17.237934,-12.993833,13.681172,-8.694563,6.838667,-8.357132,4.9821687,-4.3411765,4.7893076,-4.18103,2.5486681,43.894676,20.213352,16.432684,13.070188,11.786979,9.85578,11.42694,8.768981,8.374452,8.1559515,8.650048,6.7953615,7.7547307,6.348404,6.662591,6.132194,6.384171,6.3340664,5.9538374,5.539237,0.45636344,0.47902426,0.55957407,0.531608,0.5247052,0.44613808,0.4176802,0.49665383,0.40614232,0.47067583,0.5251743,0.451062,0.27923262,0.25794825,0.30177,0.29913718,0.2835663,0.26605186,0.25438324,0.30330834,0.2408607,0.2646011,0.3023171,0.24981624,2522.6734734695337,486.45628537568257,0.13858495186726005,0.0459573222247587,0.22978404,0.06490369,metal,metal.00084.wav,c:\Users\darsh\Documents\Codex\2026-04-27\i-am-a-first-year-computer\Data\genres_original\metal\metal.00084.wav
-46.61735,86.81587,-34.77483,49.901302,-18.18641,28.723974,-23.486286,15.659389,-8.936178,10.598558,-18.183575,12.44495,-13.554954,4.67121,-11.670172,5.325438,-13.545012,1.3799648,-4.7241096,-3.12482,39.04093,20.037561,15.282177,11.694448,9.032031,7.7616544,9.602271,8.516633,11.329256,8.880241,7.9353924,7.257487,6.5720315,6.9438524,7.289642,8.025237,7.411659,6.7999105,8.087931,8.016651,0.42675683,0.43635687,0.3644727,0.44480503,0.46180016,0.38137436,0.520236,0.4048846,0.4277809,0.44760764,0.4442193,0.5322943,0.2433112,0.27462852,0.21608613,0.26710796,0.29603714,0.21219584,0.31569424,0.24791723,0.29138976,0.30183634,0.25886917,0.324296,2647.051996452653,429.77182497598477,0.15778135884287925,0.039394280650209876,0.1519097,0.04644907,metal,metal.00085.wav,c:\Users\darsh\Documents\Codex\2026-04-27\i-am-a-first-year-computer\Data\genres_original\metal\metal.00085.wav
-96.30451,90.98215,-32.244606,54.340145,-23.049862,27.707533,-16.94906,21.061527,-18.193655,22.608337,-9.001288,14.274058,-11.000206,10.09328,-11.180352,5.7860255,-9.896402,4.399218,-6.9783983,1.2410432,35.293633,17.195644,17.885569,11.212101,11.2645645,10.013905,9.472061,7.5788064,7.043691,8.289625,6.9372473,6.9722157,6.8993926,6.682919,6.2263384,7.217219,5.6097474,5.7943187,7.2757454,6.1046863,0.46563205,0.3681092,0.39714453,0.4603371,0.4126131,0.49145427,0.4127535,0.47286147,0.37886328,0.42778274,0.5035048,0.41953912,0.31035143,0.2532211,0.27078223,0.3180312,0.25762898,0.32738915,0.2518855,0.29276776,0.25107846,0.25493348,0.3068002,0.25214183,2629.0107378061284,463.88704740549383,0.15904401182759287,0.04622086101012997,0.08828784,0.0184696,metal,metal.00086.wav,c:\Users\darsh\Documents\Codex\2026-04-27\i-am-a-first-year-computer\Data\genres_original\metal\metal.00086.wav
22.813816,60.81909,-6.410773,53.192276,-13.250526,27.924463,-14.319424,29.69412,-17.342932,20.313677,-9.7461605,17.133959,-8.265369,8.699249,-10.187819,8.035244,-8.118927,4.91807,-2.4821692,3.2020516,27.287806,16.182207,16.276596,15.3213415,12.684638,9.93046,10.347333,11.076404,8.498694,9.295365,8.565199,7.870639,6.795933,6.618542,6.533636,6.1060143,5.8255463,6.483162,5.930842,6.033976,0.42183453,0.49150643,0.52684414,0.5707963,0.6038248,0.5827517,0.51383024,0.4960651,0.50326127,0.56083953,0.50017637,0.42973876,0.23189633,0.26695833,0.28240287,0.27053192,0.25652838,0.2737468,0.27939883,0.2838273,0.24398406,0.27748454,0.25827733,0.2273966,3338.669549044171,414.80344352225546,0.18681330725135448,0.043127939458850975,0.26716456,0.033988945,metal,metal.00087.wav,c:\Users\darsh\Documents\Codex\2026-04-27\i-am-a-first-year-computer\Data\genres_original\metal\metal.00087.wav
-129.72392,104.0453,-26.971245,68.268524,2.4256182,22.6046,-12.102456,17.058987,-5.6731367,13.670591,-2.8124678,5.3755274,-3.007236,2.9793866,-5.830591,3.9462996,-5.997954,-1.9706922,2.3825228,-3.8564758,69.71203,27.40815,26.213003,12.2729,16.834293,13.7880335,13.70757,9.320587,10.472978,9.205906,9.388441,8.449159,9.548783,7.130309,7.292713,7.1433854,7.510285,6.3974047,7.754512,6.824702,0.41284665,0.36786547,0.3382993,0.43399397,0.59251237,0.42261374,0.29879278,0.38789853,0.441146,0.5077641,0.45841894,0.39755273,0.33209166,0.2688059,0.23620169,0.29182392,0.33681488,0.27989587,0.23950446,0.2835286,0.27734685,0.33720067,0.2876265,0.2506462,1988.1097637793819,581.1640816681172,0.09242007606907894,0.046078544822066386,0.13326412,0.05790108,metal,metal.00088.wav,c:\Users\darsh\Documents\Codex\2026-04-27\i-am-a-first-year-computer\Data\genres_original\metal\metal.00088.wav
-90.7047,128.03145,-34.762016,73.75541,4.3358192,28.097118,-0.528384,17.356289,4.3896894,12.314994,2.2703788,5.679951,-6.7684245,-0.47747537,-0.28473485,5.875542,-3.9548364,-1.2923449,3.5097082,-1.2530525,45.98953,14.449625,12.720187,9.76616,10.365147,5.9169765,7.5291,6.6348987,9.952164,6.6038837,7.331851,7.317493,5.9675217,6.194704,5.2305446,5.4861965,4.606893,5.6564674,5.5083923,4.199857,0.19760616,0.25343737,0.5305942,0.67637897,0.6030935,0.41629466,0.46871716,0.5861137,0.5345253,0.4908733,0.4424489,0.27133673,0.1686838,0.19428699,0.26250172,0.30755258,0.27251118,0.2555445,0.2575478,0.30957094,0.29818445,0.3057664,0.28906465,0.21926844,1443.9436096106106,384.50675488480573,0.046570013182082044,0.026461036518032114,0.26598838,0.06465005,metal,metal.00089.wav,c:\Users\darsh\Documents\Codex\2026-04-27\i-am-a-first-year-computer\Data\genres_original\metal\metal.00089.wav
-93.4888,100.64778,-23.36959,52.49629,-7.7495117,39.58746,-7.7753916,26.730106,-12.477862,11.733406,-10.55607,23.026806,-9.96186,4.1548424,-12.798698,1.7885052,-2.0170689,1.9329511,-9.061236,-7.053524,30.071651,19.380346,15.042408,10.607278,6.8762374,7.140823,7.405915,5.915638,6.992237,6.708985,6.2482967,7.8479376,7.7379217,6.714483,6.6670876,5.334304,6.9759746,7.6110506,5.7030907,6.7957263,0.41369894,0.32208717,0.36524922,0.43298396,0.50365496,0.44272244,0.24692965,0.23680158,0.36142525,0.52957195,0.6483571,0.6189275,0.2512385,0.24835368,0.24588576,0.28002098,0.31733957,0.23470862,0.15140532,0.21133964,0.24782994,0.28314817,0.32674503,0.28873137,2141.760929048819,475.1980637008336,0.08467824835526316,0.04223389435433258,0.14660068,0.019317577,metal,metal.00090.wav,c:\Users\darsh\Documents\Codex\2026-04-27\i-am-a-first-year-computer\Data\genres_original\metal\metal.00090.wav
-96.65606,101.72485,-16.843752,47.311695,-27.08291,28.275732,-17.200556,21.652477,-17.890528,7.0187664,-14.618829,15.222269,-16.005716,3.4892616,-13.510425,0.34644556,-9.604607,2.957613,-7.067704,-3.1289787,41.80421,19.227625,16.539078,10.731049,10.097621,9.530477,7.903938,6.4467406,7.1661787,7.2521634,8.574203,6.7365885,6.7828183,7.917214,6.9613705,6.823246,7.2491145,7.8333993,6.1616607,6.146371,0.35158563,0.404239,0.28587416,0.3812975,0.5321485,0.45239538,0.4285711,0.3288306,0.43209904,0.28386435,0.24228539,0.43901336,0.22864395,0.3227587,0.23033495,0.27549225,0.3136309,0.24181223,0.33451512,0.22718145,0.32637194,0.23487598,0.18794905,0.333533,2323.780312899506,465.26320110813157,0.12008733129353716,0.04621244200679884,0.11596696,0.032396138,metal,metal.00091.wav,c:\Users\darsh\Documents\Codex\2026-04-27\i-am-a-first-year-computer\Data\genres_original\metal\metal.00091.wav
-67.89626,108.934105,-33.84926,50.502457,-21.373014,21.500319,-14.890105,11.634114,-19.267109,10.540526,-13.92236,5.562826,-14.436232,1.9926131,-14.666116,-3.0274563,-13.955391,-2.0799775,-9.063074,-7.5461564,27.934628,18.265163,16.22344,13.837009,10.169046,9.843496,10.5328665,8.50738,7.6374288,7.358592,6.969441,6.724138,6.2075114,6.096507,6.128767,6.703506,6.3973346,6.467364,6.5595536,7.0822244,0.28054526,0.37715706,0.5664623,0.4257837,0.36548653,0.25030735,0.22681129,0.28428417,0.30761796,0.46577236,0.32993093,0.22302453,0.29867768,0.25342146,0.36140662,0.23960337,0.318015,0.22484213,0.2374645,0.31450027,0.24011685,0.3644786,0.2504717,0.22518599,2090.459458437368,413.7480158038904,0.09332936762287151,0.03304677934461374,0.16628256,0.0377508,metal,metal.00092.wav,c:\Users\darsh\Documents\Codex\2026-04-27\i-am-a-first-year-computer\Data\genres_original\metal\metal.00092.wav
-104.97826,80.70867,-28.533834,66.800766,-20.704025,29.11902,-9.355721,22.353577,-12.043808,13.592499,-14.734194,11.049199,-15.269818,5.3051586,-14.498409,4.748712,-11.4545145,-0.11827031,-6.5025268,-2.673578,21.56202,12.06166,9.875606,8.282832,8.885113,6.569833,8.315063,6.782926,6.460245,4.903767,4.9235234,5.421158,4.448353,5.044853,5.275059,4.3089724,4.4180217,5.0201783,4.4877615,4.33186,0.378612,0.34275123,0.41950038,0.4432025,0.549834,0.51492745,0.5226017,0.5496921,0.45144597,0.3835797,0.33760554,0.4381575,0.25391373,0.2326864,0.27363074,0.2349456,0.35950655,0.26192138,0.28911048,0.32145736,0.26597098,0.28858232,0.22605202,0.2727257,2644.8797461791337,293.73153036381746,0.14164653577302633,0.039843251002779204,0.09202425,0.020598114,metal,metal.00093.wav,c:\Users\darsh\Documents\Codex\2026-04-27\i-am-a-first-year-computer\Data\genres_original\metal\metal.00093.wav
-104.68676,87.7357,-33.242126,48.456833,-28.924986,22.51373,-24.994108,20.534803,-12.07721,18.25662,-15.190194,10.294038,-13.897688,10.2869,-4.697043,9.943593,-5.6209707,4.7915606,-11.67811,2.9583418,53.599197,28.226337,19.099283,20.412415,12.766664,11.384147,10.89912,9.643584,9.010954,9.8791,7.9044123,8.027454,9.507819,9.386654,13.019358,9.3107,10.149918,9.003917,7.6497025,7.5556507,0.3713691,0.27354673,0.33466777,0.3204019,0.4581707,0.3925798,0.4620307,0.48485434,0.40106925,0.4090079,0.42607203,0.5488885,0.23603979,0.20428388,0.2859924,0.2120326,0.3197243,0.24489625,0.29584917,0.33440953,0.27615294,0.3107169,0.2666938,0.32204127,2707.5423665716226,664.737744329241,0.16091248125483745,0.05765645595689141,0.09048659,0.024815362,metal,metal.00094.wav,c:\Users\darsh\Documents\Codex\2026-04-27\i-am-a-first-year-computer\Data\genres_original\metal\metal.00094.wav
-35.348392,94.13724,-24.249739,43.3057,-16.374916,29.515818,-5.852855,28.461887,-13.956537,13.738647,-9.20102,15.596586,-8.491607,11.409294,-6.139506,9.319452,-6.614794,3.5066886,-3.2864223,3.667304,35.472496,17.881426,14.021352,10.976985,10.0111,8.648988,7.963111,6.972908,7.0552363,6.829271,6.5049577,5.7280483,5.80388,6.2778172,6.0370197,5.6608534,5.800192,6.952419,6.1510305,5.6263714,0.5628717,0.64199954,0.5177415,0.4776539,0.54421127,0.50370926,0.55155057,0.494323,0.5185043,0.47305378,0.5252257,0.5398906,0.25099182,0.28041115,0.223476,0.21415932,0.2729997,0.22483785,0.29827863,0.25380296,0.27205884,0.2710922,0.25931257,0.2713738,2445.203639101959,505.91999886076627,0.12103592722039473,0.04877973941713198,0.18551446,0.061395895,metal,metal.00095.wav,c:\Users\darsh\Documents\Codex\2026-04-27\i-am-a-first-year-computer\Data\genres_original\metal\metal.00095.wav
-51.584152,86.15932,-20.28268,59.05158,-10.889933,27.533499,-11.25417,23.941713,-11.55746,13.293803,-9.016419,13.907334,-10.740367,8.386071,-7.0909276,8.215174,-6.1754866,3.802813,-1.9112833,0.8906286,54.732735,27.092775,25.76002,21.157059,13.583072,13.141522,9.611672,7.8537273,7.2043786,7.9005666,6.760067,6.478634,6.0467453,5.5940757,5.8029866,5.748388,5.040786,5.364258,5.9986067,4.72705,0.5049685,0.5261417,0.6649021,0.5879267,0.53605264,0.491964,0.47514924,0.44082466,0.48210332,0.5459092,0.4868856,0.47955337,0.26188397,0.21825914,0.29451066,0.2557844,0.26348868,0.2764881,0.25875062,0.26299426,0.2817743,0.3153815,0.25929275,0.26422945,2493.9383740127623,664.5283209934788,0.12823996529121517,0.05962516606316832,0.18819803,0.05618646,metal,metal.00096.wav,c:\Users\darsh\Documents\Codex\2026-04-27\i-am-a-first-year-computer\Data\genres_original\metal\metal.00096.wav
-82.15792,98.29185,-16.522001,68.44801,1.4452635,29.869274,-5.2750893,24.399492,-10.475004,14.404365,-7.89216,10.020229,-8.503235,6.668705,-6.297929,4.435781,-7.250672,2.3266814,4.2457356,1.1033678,71.68411,17.338287,27.554222,11.829541,9.411877,7.0801573,8.431148,8.010889,7.414508,5.8821707,7.5144753,6.2933817,6.733032,8.471717,6.4591594,6.207298,5.9289947,5.732849,6.38824,6.180364,0.5761075,0.48591095,0.52360064,0.43106353,0.47296217,0.4439932,0.44040847,0.4466334,0.52961516,0.5789237,0.4460984,0.527317,0.28887755,0.21458045,0.28255972,0.21417831,0.29049796,0.27526164,0.22722457,0.25085124,0.28262126,0.34102595,0.23186244,0.27200842,1983.2971581753839,578.6431282905457,0.08620620585816563,0.04458004966640147,0.18607971,0.05198461,metal,metal.00097.wav,c:\Users\darsh\Documents\Codex\2026-04-27\i-am-a-first-year-computer\Data\genres_original\metal\metal.00097.wav
-95.3391,92.06636,-28.061176,52.796284,-3.018975,25.395771,-6.135991,20.098093,-10.223873,12.411141,-8.270395,11.693288,-9.268385,2.805844,-4.433479,5.498817,-6.280542,3.8303196,-0.424016,4.660675,80.39798,20.799217,31.509775,9.694731,11.70338,11.1462555,11.19911,9.274663,8.228488,8.381589,6.8701015,6.5154777,7.359477,6.5229692,6.0192194,5.2024684,6.0920773,5.7400894,7.062244,4.9265866,0.49135143,0.5672981,0.58962685,0.46963233,0.4957666,0.5056534,0.592286,0.6453793,0.47971714,0.42020592,0.4012874,0.4687047,0.26512128,0.28522706,0.29920623,0.24337257,0.28860107,0.2687833,0.2688686,0.24747968,0.23376271,0.2889218,0.25950804,0.2670198,2241.4549321413824,626.4224874124562,0.11576498403637771,0.06058348059520881,0.13900022,0.06697174,metal,metal.00098.wav,c:\Users\darsh\Documents\Codex\2026-04-27\i-am-a-first-year-computer\Data\genres_original\metal\metal.00098.wav
-66.66679,88.367165,-27.544344,53.177696,-9.20226,27.959316,-8.114095,26.28682,-8.239136,12.685691,-7.13096,13.688373,-8.364938,7.9673624,-6.2975745,8.1210785,-4.975645,6.161322,0.36444423,2.6937668,45.99176,20.551071,20.252775,13.882439,12.840462,11.036678,10.495586,8.1767435,8.288906,8.285693,7.4144573,7.273591,6.0291853,6.2754464,6.441819,7.023437,5.692595,6.1523514,7.2894745,5.8911858,0.5560001,0.55510324,0.6463984,0.5245363,0.5092604,0.50234693,0.47381005,0.5057599,0.48205534,0.5379575,0.43881524,0.46380737,0.27852648,0.23118901,0.2970631,0.23141177,0.2542655,0.30921975,0.24851657,0.3018805,0.27365887,0.2910466,0.25120658,0.2453168,2375.5535392574907,563.1633746741918,0.1080065275493421,0.05655816828667865,0.170098,0.061338373,metal,metal.00099.wav,c:\Users\darsh\Documents\Codex\2026-04-27\i-am-a-first-year-computer\Data\genres_original\metal\metal.00099.wav
-94.53429,55.664608,29.260527,27.047909,20.063942,1.1709082,12.953799,-0.7993096,8.8729515,-0.67619544,-5.338357,2.2207077,-4.614716,-0.9826611,-1.4855211,3.13206,2.51177,4.0958247,9.172982,4.7367454,64.589195,24.894878,18.041988,17.127926,11.851547,14.991183,11.671796,12.727351,10.935026,11.213364,9.844407,8.603485,8.45055,7.046487,7.833594,10.596884,9.612802,10.626852,9.361579,9.413768,0.3836425,0.32702112,0.3893265,0.32534832,0.46218342,0.48061353,0.33993867,0.47940287,0.40095922,0.41170657,0.33846253,0.33796874,0.31070244,0.25498164,0.3115876,0.24519807,0.335599,0.33760196,0.23996252,0.3602881,0.27306533,0.3172412,0.28054613,0.2576914,3422.09468148469,1039.6893659171515,0.12676680715460525,0.09723434236558502,0.18582647,0.08670984,pop,pop.00000.wav,c:\Users\darsh\Documents\Codex\2026-04-27\i-am-a-first-year-computer\Data\genres_original\pop\pop.00000.wav
-59.200977,45.285435,36.85824,15.686738,15.64339,1.674394,7.294538,8.814742,5.826009,7.992021,-2.28285,1.8962289,-0.9197741,0.039757695,0.09380683,-0.8249688,5.5837708,3.8282194,5.5861907,4.933342,73.69122,37.95976,29.932299,22.245293,18.286188,18.143082,14.823107,13.684898,13.744675,12.162304,10.647727,10.407205,10.783091,9.928207,9.66398,11.39168,14.331663,13.079865,12.906551,12.462583,0.44667408,0.36241257,0.36243507,0.41830507,0.40107018,0.51216453,0.41296315,0.5117261,0.45965293,0.35642967,0.36796033,0.34130827,0.3378906,0.2819441,0.2885351,0.32387507,0.28927734,0.37065262,0.27684495,0.33407375,0.31465223,0.28784972,0.3025316,0.26167655,3702.928030369771,1184.989973000642,0.14947642039957432,0.0990904806192522,0.26218614,0.121851824,pop,pop.00001.wav,c:\Users\darsh\Documents\Codex\2026-04-27\i-am-a-first-year-computer\Data\genres_original\pop\pop.00001.wav
-59.607132,62.98234,31.12206,16.92889,8.904489,10.815333,10.561759,5.165959,5.408297,6.159945,2.278019,4.2545376,4.1256804,5.7277184,5.0610714,5.671052,1.4182491,2.8187902,-1.4061421,-3.3785641,53.949738,24.429201,13.461636,12.489437,10.174481,10.595752,9.109979,7.474097,7.4210835,8.087243,7.9693956,7.9551682,8.325391,9.35753,9.016303,9.730974,8.485254,7.6202135,6.6285534,6.801434,0.4760592,0.43355784,0.48287866,0.34032807,0.2877413,0.29964432,0.327701,0.41178635,0.42174017,0.5603922,0.5468286,0.4260246,0.3455857,0.28696728,0.32743305,0.24888656,0.23043168,0.26565415,0.2677791,0.31874654,0.28205687,0.31592634,0.3248734,0.28332728,3213.5168358111127,1003.4363437078443,0.11886851780185759,0.07595188838513403,0.215166,0.081188366,pop,pop.00002.wav,c:\Users\darsh\Documents\Codex\2026-04-27\i-am-a-first-year-computer\Data\genres_original\pop\pop.00002.wav
-125.906784,126.61828,-23.186909,36.22425,20.962921,-1.1735235,16.486767,-3.6612227,6.520491,9.33727,-6.409656,3.8801947,-7.941658,2.0486925,-2.3359535,-1.481203,4.7531238,-3.5139244,4.8868504,-3.1990805,52.409386,35.06127,22.519087,19.202364,11.929418,13.4964075,10.220704,9.474612,9.602686,8.904088,8.387748,7.7451186,7.616782,8.30034,8.156259,8.293431,8.821648,8.477475,7.8309474,7.807814,0.3732715,0.33895338,0.5644127,0.36774394,0.27085236,0.32211274,0.38632616,0.71027833,0.4413104,0.40259284,0.32896796,0.41381127,0.28372702,0.21731055,0.3139094,0.21836056,0.19969523,0.27844265,0.23094389,0.29656816,0.23168603,0.30157465,0.24635221,0.27936777,1837.191501891123,887.6745857172928,0.08535171367066563,0.04578306200615873,0.12935476,0.04256635,pop,pop.00003.wav,c:\Users\darsh\Documents\Codex\2026-04-27\i-am-a-first-year-computer\Data\genres_original\pop\pop.00003.wav
-20.901945,83.24167,5.04696,16.370789,9.402539,-0.56291837,4.051513,6.209602,9.122195,5.865447,-3.5055268,-0.63873327,-3.1722696,1.5466727,-0.91755396,-2.9599605,-1.3302047,-0.8693878,0.6923022,-1.767042,35.735855,22.31462,19.500038,13.128126,10.190036,11.506552,8.79837,6.9752254,7.145418,7.065821,6.006431,6.209942,5.875482,6.427462,5.71182,6.903803,6.020344,6.607845,7.2797313,6.9782066,0.3802014,0.35776287,0.4269389,0.3334328,0.39582112,0.326956,0.3494678,0.39361146,0.42253193,0.47617772,0.35871586,0.39104533,0.29441288,0.25036234,0.32003054,0.24671361,0.31096607,0.26287076,0.27912349,0.29423404,0.292856,0.30451953,0.26268277,0.30350697,2753.2217697518786,847.5640128840067,0.12376304602844428,0.07141076175717492,0.21116544,0.05067156,pop,pop.00004.wav,c:\Users\darsh\Documents\Codex\2026-04-27\i-am-a-first-year-computer\Data\genres_original\pop\pop.00004.wav
-113.6181,90.014565,-5.5413427,25.595474,2.60115,3.1922529,1.1311811,6.1437187,2.7893798,-1.8761606,-7.119992,-3.441792,-5.9110045,-4.3507495,-4.9464617,-4.3801026,-3.3122668,-5.4329095,-0.570475,-2.1802385,141.11212,21.335236,28.84684,14.019283,10.068849,12.175943,9.77011,11.334133,10.237753,11.184412,9.457596,9.077447,7.838726,8.372783,9.335889,6.4789915,6.8877897,6.87033,6.7102623,6.7385354,0.26243493,0.43391296,0.2656606,0.27792877,0.21259412,0.21987657,0.5157661,0.31987178,0.3087611,0.24062024,0.38169807,0.43995336,0.19709402,0.36707386,0.22173277,0.31595314,0.24729653,0.18837875,0.3550757,0.24701267,0.3222071,0.22388998,0.2682973,0.32151872,2290.0859207010612,741.806483892933,0.10678053345104489,0.04953827779448168,0.13953836,0.07726442,pop,pop.00005.wav,c:\Users\darsh\Documents\Codex\2026-04-27\i-am-a-first-year-computer\Data\genres_original\pop\pop.00005.wav
-169.15085,94.640785,24.504723,27.41387,11.641731,14.895841,4.234472,12.369024,10.702795,5.126413,-0.3423666,1.2547646,-4.1575885,-3.1358938,0.29853332,-3.551203,-2.817249,-5.7609015,-5.2082133,-0.0984023,70.08314,24.043037,18.800877,13.444351,7.868944,10.245577,7.955986,6.5385213,6.0761685,6.7002587,7.5193024,6.7130027,6.8934703,7.099199,5.8226957,6.1141605,5.818536,6.2258105,7.6287913,7.067633,0.5532835,0.38026166,0.32303694,0.2579367,0.27856055,0.35243332,0.392485,0.6128877,0.37962496,0.27583182,0.26022062,0.42891577,0.35973936,0.26142856,0.26041517,0.21874009,0.22296265,0.3456394,0.22577152,0.32734582,0.22709396,0.2733583,0.21643499,0.2737383,2125.4079876587084,851.6687155538492,0.06769535785119969,0.052067686155297964,0.09395813,0.038234957,pop,pop.00006.wav,c:\Users\darsh\Documents\Codex\2026-04-27\i-am-a-first-year-computer\Data\genres_original\pop\pop.00006.wav
-224.45636,107.30909,-1.568328,13.870831,8.123952,-9.378749,8.120475,9.294033,9.099869,6.025224,-6.6545024,2.0728164,6.2020764,8.332799,7.5784698,2.0672486,4.555451,1.2218056,-1.6407909,-3.7163208,60.656532,44.833965,26.291225,25.905403,13.485314,14.625292,11.979373,11.525249,10.709238,13.358141,13.346191,14.1580515,15.475924,12.603118,13.999151,14.199949,14.62627,11.434803,11.832816,13.253888,0.18293412,0.28318888,0.44738317,0.22104882,0.1270437,0.13056234,0.17583084,0.20237663,0.21224442,0.49770874,0.33318642,0.20555538,0.2471893,0.2936853,0.38978168,0.24088062,0.16800284,0.20596623,0.24513067,0.28193495,0.2148427,0.40076485,0.3097885,0.27069107,1968.4064522146039,941.887881674113,0.08234492913119196,0.048819085661004534,0.08428382,0.048815344,pop,pop.00007.wav,c:\Users\darsh\Documents\Codex\2026-04-27\i-am-a-first-year-computer\Data\genres_original\pop\pop.00007.wav
-52.448246,74.022064,12.697417,24.500343,21.1079,1.9049276,6.796557,4.7199597,8.40647,8.246997,-2.2676542,-1.2025365,-2.67781,0.26133522,-1.0678633,-0.8462424,-1.2573467,-2.3307621,3.8170018,0.30459076,47.09937,24.540913,25.259945,12.675662,10.911175,12.077206,9.226965,7.7340117,8.271236,7.4920316,7.7578545,6.920859,6.332577,7.0505743,5.697092,6.506561,7.782281,7.311739,7.385829,9.436812,0.36880907,0.38473946,0.411454,0.6040491,0.4559688,0.40121317,0.3387737,0.34288356,0.52893126,0.37154076,0.33749622,0.29987523,0.27703577,0.28703415,0.26373148,0.3328581,0.26428962,0.3014233,0.28604093,0.26719028,0.33952364,0.23614599,0.26345354,0.23576492,2885.3303652171926,987.4226000600132,0.1213038772252322,0.08898516427038436,0.19541194,0.0435261,pop,pop.00008.wav,c:\Users\darsh\Documents\Codex\2026-04-27\i-am-a-first-year-computer\Data\genres_original\pop\pop.00008.wav
-35.297348,61.247242,14.059667,28.661287,4.3299875,-1.3499215,-0.7904129,5.12254,5.3524,1.2215204,-7.2570734,-0.5168179,0.21715902,-1.2905803,-0.10900879,-1.2562847,-2.5358107,0.5710997,1.5749441,-1.7193333,53.148266,18.740152,20.820879,16.019121,12.560508,11.950361,8.502558,7.7779202,7.6810417,7.9777994,8.479482,6.508702,6.882351,6.243948,6.5405626,6.597649,7.04304,7.741297,7.900873,7.802796,0.41178903,0.54156667,0.41312355,0.437826,0.42479894,0.37720817,0.52398896,0.4098884,0.43205705,0.46740746,0.51329726,0.5050753,0.24542686,0.31231967,0.24441707,0.26690045,0.28360304,0.2205122,0.3086385,0.2473696,0.27628356,0.2871962,0.27812034,0.30258313,3279.967331808209,724.4008544388793,0.17281943873355263,0.06553407755010623,0.15964586,0.057400856,pop,pop.00009.wav,c:\Users\darsh\Documents\Codex\2026-04-27\i-am-a-first-year-computer\Data\genres_original\pop\pop.00009.wav
-111.13056,103.09619,10.90997,34.348927,22.34365,17.868382,6.8071394,6.333683,5.488653,0.6188137,0.33940017,3.8250782,2.0442042,-5.5212603,1.2078162,0.39954302,0.3329772,1.6744769,-4.0542765,-6.405829,68.31273,33.397324,16.218916,16.019644,11.143806,11.311409,10.465018,8.055874,7.3485847,8.256989,7.915541,7.487182,7.1527505,8.198295,8.611763,7.8907247,7.9370522,8.155174,7.2890882,8.758858,0.309014,0.41909587,0.31757742,0.317933,0.49545133,0.38159066,0.40794218,0.32092768,0.40153772,0.4830014,0.33455905,0.34711587,0.24513909,0.3286624,0.28736365,0.20018183,0.3066043,0.25040826,0.3555364,0.25778952,0.2892482,0.36784315,0.255122,0.29042894,1901.4116456876454,872.2784608851965,0.06621728666795666,0.04725199819682986,0.18398008,0.05640239,pop,pop.00010.wav,c:\Users\darsh\Documents\Codex\2026-04-27\i-am-a-first-year-computer\Data\genres_original\pop\pop.00010.wav
-240.68593,97.109665,0.40661904,-0.26895463,-10.478994,-15.741311,1.3906447,-17.873804,-9.089089,-8.767288,-14.260693,-5.5017834,-8.3689575,-9.316448,-3.1734798,1.7531855,1.5742667,5.622142,4.9669237,3.7379045,52.61604,31.373312,20.781183,18.745497,14.143851,11.626193,12.25358,12.917518,10.640185,9.475496,8.994141,9.740021,11.501981,10.32538,10.879777,9.767939,10.227927,13.210966,11.834623,13.92221,0.17318825,0.14520551,0.27989307,0.0980482,0.18095888,0.2936326,0.1660756,0.37122405,0.21481849,0.43329716,0.23640229,0.114811026,0.26858515,0.1773454,0.34494805,0.11315294,0.26586926,0.35654062,0.16885373,0.3915801,0.21243794,0.40338403,0.2688201,0.16151956,2200.799680588226,748.9059639926676,0.08712532350522446,0.05341270035424552,0.055772327,0.035183422,pop,pop.00011.wav,c:\Users\darsh\Documents\Codex\2026-04-27\i-am-a-first-year-computer\Data\genres_original\pop\pop.00011.wav
-50.85386,80.22757,-9.293903,20.294153,12.106113,6.7842712,6.279613,3.4291558,-3.9568377,2.5745726,-5.706396,0.4841114,-0.57195306,-0.58427507,-3.394357,-6.79263,-5.526354,-1.632335,-1.6056238,-1.501803,47.236958,25.705774,20.39485,12.469533,12.503917,10.404472,8.867077,8.702564,8.546565,10.353316,7.585809,8.036126,8.069445,7.741617,7.682389,8.655967,8.359843,7.253696,8.193357,10.461576,0.42046538,0.35938752,0.41135266,0.41280553,0.361775,0.48735335,0.3378277,0.34645495,0.33461833,0.39122006,0.41648856,0.3508959,0.2984355,0.2706035,0.330642,0.31698114,0.26466385,0.3278217,0.23157045,0.28824976,0.26475304,0.2837415,0.30309266,0.26748884,2679.2839905691167,761.4806041844988,0.12593423471362228,0.057999375041057045,0.16416128,0.051409636,pop,pop.00012.wav,c:\Users\darsh\Documents\Codex\2026-04-27\i-am-a-first-year-computer\Data\genres_original\pop\pop.00012.wav
-161.65413,85.566696,53.275494,32.21721,27.19544,11.300175,7.8961716,8.764694,1.2665905,13.211441,0.06758925,4.8267465,3.1036131,2.346416,3.6764767,-2.8747072,-2.6143231,-3.1520007,-1.1912893,-1.4712895,71.40296,29.377388,21.711931,16.991083,9.052095,13.145986,9.876148,10.523153,9.510312,11.915366,10.536409,7.8793287,9.238663,8.326174,6.964473,9.007407,6.7347026,7.3195047,7.464403,6.7341366,0.5439354,0.37914518,0.32914963,0.22834383,0.24647073,0.32477126,0.3158271,0.36037958,0.34734258,0.37852952,0.41197392,0.4084329,0.36343035,0.26129705,0.32172957,0.21668248,0.24531539,0.32844776,0.29850522,0.31659058,0.26842508,0.28085858,0.32901365,0.3082661,2150.085229874043,996.2708973524532,0.05165917364067337,0.039822200395237636,0.17306519,0.05223403,pop,pop.00013.wav,c:\Users\darsh\Documents\Codex\2026-04-27\i-am-a-first-year-computer\Data\genres_original\pop\pop.00013.wav
-135.32312,107.81954,-13.443976,19.0207,8.798831,12.496944,1.0323985,11.318429,2.5432124,1.2272974,-6.3917103,5.854486,2.88143,1.0215101,-1.7751945,-0.5023208,-1.0759585,-0.16349214,-0.89657056,-2.1383526,38.983887,19.788736,21.580084,16.76346,12.858825,9.618505,12.067171,9.295812,7.2743196,7.3338857,7.5022335,6.9362774,6.526022,6.498681,5.9894056,5.3580093,5.1963987,5.433281,5.674921,5.3148108,0.51714325,0.5005691,0.47027594,0.55394536,0.41264293,0.33912238,0.30479228,0.3746064,0.4140951,0.37899545,0.4166342,0.42943966,0.30274057,0.31543225,0.27343905,0.32598075,0.2587575,0.26146626,0.22857122,0.2794806,0.27407166,0.26624542,0.2756599,0.27755412,1997.9771683248648,527.9996473585622,0.0880610699255031,0.03587671137964071,0.07802102,0.016500289,pop,pop.00014.wav,c:\Users\darsh\Documents\Codex\2026-04-27\i-am-a-first-year-computer\Data\genres_original\pop\pop.00014.wav
-45.75362,65.276146,12.941987,14.516027,7.0181103,4.4085183,6.6144414,3.298751,7.7367697,4.059378,3.6551008,2.6030383,4.0553155,2.3974423,1.7854378,-2.3755167,-1.3446785,-2.8704054,-0.84292006,-2.5974782,65.9846,24.050003,21.289423,16.18142,10.648196,13.641645,12.281798,9.311926,8.78025,8.791245,7.101801,7.704636,7.6147003,7.695191,6.4988327,6.468578,7.399323,8.875215,8.620848,8.05995,0.5423383,0.421227,0.4234527,0.40123042,0.30166212,0.31304732,0.36079174,0.44554558,0.34327734,0.32580867,0.3634774,0.39882493,0.35486782,0.30366468,0.29713136,0.3081754,0.24902177,0.2847876,0.2761447,0.32695138,0.27271894,0.25456345,0.27459326,0.27657554,3207.220332891123,917.9528105558247,0.14158379994678794,0.08348704875700591,0.1961825,0.07892445,pop,pop.00015.wav,c:\Users\darsh\Documents\Codex\2026-04-27\i-am-a-first-year-computer\Data\genres_original\pop\pop.00015.wav
-97.00821,51.786003,18.738693,20.481663,5.6104527,3.5735023,5.5722895,0.737395,7.3361273,1.6588528,-2.7012627,-0.44397426,-1.0818589,-3.45436,-2.4807754,-3.309378,-2.2329962,-2.643499,-2.74049,0.3115344,80.706665,24.823742,20.684866,17.189583,12.520248,13.899143,12.055169,11.920444,10.801096,8.648102,10.2104025,9.502669,7.639265,7.6596594,6.691168,6.897212,7.23909,7.00831,7.599278,7.904083,0.39605984,0.44225672,0.4081384,0.48619822,0.35333234,0.32646847,0.3721518,0.30047157,0.3349192,0.33430055,0.4503991,0.4605594,0.29022935,0.33049572,0.27609733,0.34252387,0.28260317,0.2646195,0.30705103,0.26798138,0.3057859,0.27570686,0.31093925,0.3389106,3490.329748964607,955.841728519582,0.15341592794601394,0.08587397567031377,0.14658915,0.10215594,pop,pop.00016.wav,c:\Users\darsh\Documents\Codex\2026-04-27\i-am-a-first-year-computer\Data\genres_original\pop\pop.00016.wav
-53.12336,78.31344,2.2469547,18.838303,3.864591,2.5142798,-3.7991865,6.814705,-0.81020474,8.754906,-4.800525,-2.151995,1.2861205,-1.7439154,-1.9404191,-1.5876646,2.630396,2.429557,4.024241,3.9174657,30.279774,20.370667,28.826517,14.730527,12.805835,11.493013,8.815632,10.477858,7.972328,7.9420815,7.7423534,6.846826,6.176399,5.870099,5.9209642,6.0869656,5.6643686,6.5045176,6.2893853,6.686805,0.3996838,0.49125665,0.36855057,0.45508298,0.37029555,0.406904,0.6275996,0.44464442,0.40195233,0.3903224,0.4438204,0.42343324,0.25609183,0.31848785,0.22760202,0.3203669,0.2676333,0.23104785,0.32932183,0.25853255,0.28279784,0.26504514,0.28082708,0.29297978,2789.1243751604316,611.1182482322173,0.12622977336493807,0.05007069434081561,0.14308856,0.03269124,pop,pop.00017.wav,c:\Users\darsh\Documents\Codex\2026-04-27\i-am-a-first-year-computer\Data\genres_original\pop\pop.00017.wav
-48.958145,62.637794,34.22583,12.313788,16.560745,8.622409,8.7671175,5.245012,6.79424,9.059274,-4.0853252,-0.74630654,-0.37564668,-0.47257915,0.64663416,1.7050616,1.3546007,1.9141523,3.843488,1.6038547,46.87896,21.441746,21.34317,16.62045,10.311507,12.417171,10.185497,9.190916,8.716751,9.28853,7.64299,7.6404133,6.5207314,8.276036,8.361133,8.87333,9.361815,10.773709,11.322388,9.069029,0.47454077,0.38631848,0.3673317,0.48584297,0.39270929,0.36733735,0.30678368,0.42921707,0.5328609,0.38103515,0.41747144,0.37867758,0.3160402,0.28205407,0.26605836,0.32055396,0.27713495,0.29808402,0.23944534,0.28096306,0.3326278,0.25719613,0.31594568,0.2561184,3433.92215467519,916.1818670639261,0.12773467734133126,0.07461155724662408,0.20742075,0.06118442,pop,pop.00018.wav,c:\Users\darsh\Documents\Codex\2026-04-27\i-am-a-first-year-computer\Data\genres_original\pop\pop.00018.wav
-25.156342,70.818924,2.9392478,7.5544662,1.4596194,2.8461227,1.9075499,-6.8259797,0.291451,-1.9537078,-6.6516356,-0.24398105,-0.7550278,-4.249934,-2.4407935,-5.6814713,-1.5769206,0.66936177,1.6911362,0.78813845,62.29394,28.746153,21.555387,17.271482,14.102163,15.778702,11.391876,10.191723,11.093761,9.8922415,8.997408,7.6157627,8.240082,7.381596,6.7092505,5.893515,6.9538627,8.265133,8.597716,7.62438,0.48709977,0.3869969,0.49587908,0.49871174,0.31767908,0.28536332,0.29735327,0.4753176,0.29735568,0.24597114,0.36696956,0.36567,0.35784873,0.2660962,0.3006223,0.30868828,0.24865739,0.26346216,0.23360611,0.3275538,0.24699794,0.23059522,0.314671,0.2698794,3130.9812160844167,1095.436706078153,0.15605347813467493,0.10766473333368086,0.2108711,0.07619817,pop,pop.00019.wav,c:\Users\darsh\Documents\Codex\2026-04-27\i-am-a-first-year-computer\Data\genres_original\pop\pop.00019.wav
13.536641,58.196354,-2.2051022,5.008136,8.07077,-0.4792645,4.1051793,2.2589247,4.2934737,3.5860925,-0.50527275,2.4214692,1.8804909,2.1731513,1.9396269,-0.17357269,-0.6167383,0.75454986,0.73560923,2.0239272,57.273136,19.893898,17.678825,13.80814,11.241045,11.944674,9.244469,10.309025,9.216507,9.205241,7.868217,7.5330086,7.861659,7.6524067,6.9353623,6.617169,6.750786,7.0328455,7.905872,8.1508875,0.52026576,0.33426085,0.42314076,0.46050113,0.34686095,0.39489934,0.37667295,0.50421894,0.41420975,0.37547716,0.41517058,0.3821622,0.32896724,0.21794957,0.2825159,0.3118415,0.24554858,0.3102353,0.26748314,0.31677127,0.28077525,0.24953265,0.28295407,0.24540313,3487.4996203779583,817.230845854989,0.17974985789957432,0.08198335622865997,0.24811077,0.08623803,pop,pop.00020.wav,c:\Users\darsh\Documents\Codex\2026-04-27\i-am-a-first-year-computer\Data\genres_original\pop\pop.00020.wav
-23.23011,53.819168,-0.69001114,14.726738,4.8718457,6.73059,4.84588,4.9450912,4.264521,3.1102583,2.549565,2.9879477,4.6363297,2.8481328,2.1776063,1.0669053,-0.47156632,0.38901886,-1.1717294,0.5477562,83.14924,28.887764,18.76476,12.192542,11.940742,11.653141,9.041883,8.55155,8.812543,8.871914,6.3498397,8.018821,6.4025044,5.581372,5.63499,5.158019,4.8445663,5.3606896,5.430305,5.3814945,0.65437174,0.4508261,0.5226591,0.5713579,0.49347237,0.47275683,0.42171958,0.54825276,0.4947195,0.44237724,0.48053566,0.49968538,0.2859712,0.210319,0.28058895,0.28609127,0.26273915,0.28087568,0.2369486,0.2811769,0.2911045,0.24582635,0.26205084,0.23535408,3502.139027387522,904.0858143860261,0.1870177655766254,0.08869752106767362,0.19348684,0.102173984,pop,pop.00021.wav,c:\Users\darsh\Documents\Codex\2026-04-27\i-am-a-first-year-computer\Data\genres_original\pop\pop.00021.wav
-45.71781,65.287415,12.934513,14.516592,7.038324,4.395021,6.6337786,3.301898,7.7297854,4.070035,3.6681185,2.6062713,4.049002,2.3892908,1.7840554,-2.3934216,-1.3437685,-2.8735752,-0.8461024,-2.591192,65.84354,24.014334,21.27996,16.190002,10.640282,13.630265,12.244918,9.325782,8.7974,8.8003025,7.1264763,7.683262,7.600322,7.69961,6.505999,6.478937,7.4055743,8.873273,8.646146,8.065125,0.54382193,0.42008385,0.42405683,0.3996527,0.30089998,0.31299248,0.3634856,0.44612896,0.3426281,0.32538214,0.3631209,0.40080667,0.35629988,0.3025842,0.2964443,0.30662757,0.2477712,0.2835937,0.2778681,0.3276463,0.27310583,0.2522459,0.27439976,0.279154,3206.199866093883,915.3078266879843,0.14153920460042568,0.08343343157514205,0.1961218,0.07903552,pop,pop.00022.wav,c:\Users\darsh\Documents\Codex\2026-04-27\i-am-a-first-year-computer\Data\genres_original\pop\pop.00022.wav
-44.287426,51.327915,24.990486,12.160306,10.873074,7.612087,8.21147,-0.7733295,5.946744,4.7616363,-2.5084326,1.3215401,-1.946599,-0.44633582,0.23645823,-2.0033765,-1.9639544,-1.0339816,0.5159019,-0.38595906,68.361115,31.342829,27.001953,19.640253,13.328297,14.081553,11.536488,10.156928,11.064662,9.503277,8.408412,8.445813,8.326799,7.621767,7.602796,8.037237,8.272996,8.276002,7.5007796,9.594456,0.45660108,0.36274895,0.40374812,0.40862107,0.47284305,0.40104476,0.3426579,0.45563623,0.3684181,0.35025057,0.31689632,0.38164228,0.32987395,0.27416265,0.31877068,0.31324375,0.35771018,0.3306261,0.2873796,0.33657473,0.2719925,0.2917526,0.2531471,0.27553892,3759.8089732129138,1208.2547412632277,0.17767428466041021,0.1002428898996104,0.21067363,0.085181795,pop,pop.00023.wav,c:\Users\darsh\Documents\Codex\2026-04-27\i-am-a-first-year-computer\Data\genres_original\pop\pop.00023.wav
-40.830166,61.521126,9.867294,10.096548,8.454963,5.366854,8.376651,3.5050008,8.251043,5.880059,-0.10423888,-0.57036084,0.55144536,-1.9820307,1.9155515,0.07612812,-1.270984,1.2328516,1.4938198,0.95021856,62.344578,23.89656,20.21487,18.788498,13.10662,14.1826515,10.858031,10.690987,9.63253,9.744567,8.600014,8.632116,7.399833,8.143123,8.379691,9.264709,9.594119,9.698459,10.136097,9.818132,0.3586148,0.44685414,0.3486517,0.3942386,0.46242324,0.3738118,0.4399427,0.4222324,0.51257706,0.44023454,0.33429304,0.39789724,0.27758852,0.32871178,0.28570896,0.29500645,0.3300207,0.29450807,0.34325314,0.30097157,0.32979318,0.33064926,0.2619581,0.30113053,3301.8647028211412,893.3471712190194,0.14452671488003097,0.08253261216542591,0.20751022,0.09429661,pop,pop.00024.wav,c:\Users\darsh\Documents\Codex\2026-04-27\i-am-a-first-year-computer\Data\genres_original\pop\pop.00024.wav
-106.83286,81.01405,47.822872,13.640558,13.000602,6.8951917,7.581348,-2.6333246,-2.4983122,1.8714978,-5.139433,-2.7431228,-3.6675773,-7.8825502,-4.80721,-6.377817,-7.399428,-4.7401643,-0.13400179,-2.3326783,71.48498,35.26947,23.430382,15.559965,11.218593,13.999045,11.014925,10.033035,12.156311,10.09896,9.013423,7.4896603,7.870473,7.9493256,8.146952,7.6091614,8.150667,9.014234,11.052288,9.486599,0.33486676,0.32070336,0.43675682,0.31987563,0.34217197,0.25365672,0.33588824,0.44695446,0.30039734,0.3153214,0.2695572,0.28822675,0.33493733,0.27344632,0.36194524,0.26641193,0.3396306,0.24140145,0.32944462,0.34473675,0.24712884,0.30783725,0.2516676,0.28118482,2928.6503834649243,1257.9664842880945,0.10574085719814241,0.08759545864588295,0.1896258,0.08071181,pop,pop.00025.wav,c:\Users\darsh\Documents\Codex\2026-04-27\i-am-a-first-year-computer\Data\genres_original\pop\pop.00025.wav
-73.36742,97.46428,16.87055,-0.5790379,7.180088,4.872417,0.7465054,-5.550017,0.9903748,4.9166174,-5.8354435,-4.9214163,-0.030956304,-3.0463636,-0.15896785,-2.3810003,0.7234444,0.68285596,1.9683638,0.80376273,64.52697,28.374962,23.200817,16.156267,16.342844,13.286739,11.831115,12.637926,10.788674,9.964784,8.862027,9.272421,8.476359,8.623298,9.330786,9.366159,8.952688,8.181054,9.535146,8.915375,0.46378902,0.28745392,0.31659603,0.24600798,0.32340485,0.2671826,0.25042024,0.5417893,0.391104,0.3466031,0.24407439,0.34192964,0.3451708,0.22937994,0.2966028,0.22758791,0.29749927,0.26158723,0.22231321,0.36702466,0.28485313,0.33264086,0.24029355,0.30217823,2526.130442686517,1004.7266363013686,0.10354207986648607,0.06235762847890135,0.1956684,0.08865435,pop,pop.00026.wav,c:\Users\darsh\Documents\Codex\2026-04-27\i-am-a-first-year-computer\Data\genres_original\pop\pop.00026.wav
-75.36613,83.33488,10.703896,14.455102,14.244521,7.4102573,5.279713,-0.4001258,5.7177567,3.3618035,-2.5211022,-4.227081,-1.845522,-5.9079537,-1.2724807,-3.7835543,-2.864618,-0.93533534,-1.1115845,-2.7214704,68.25373,28.665207,18.70822,14.7549,12.042403,11.473533,10.525826,9.927787,10.001591,8.405489,7.871196,8.06623,7.751454,7.435421,7.300182,8.881157,9.05984,8.564919,8.687968,9.829512,0.3000909,0.37918484,0.47011837,0.3252942,0.3422886,0.31392196,0.4427254,0.40113723,0.33947682,0.4195035,0.3726457,0.42256695,0.22896539,0.2664451,0.33193955,0.24811459,0.32026774,0.24791887,0.3178932,0.3137684,0.24884725,0.298154,0.27423334,0.33261478,2682.713194799874,897.5989805971124,0.1019147276509288,0.05316040356220532,0.15791942,0.052353084,pop,pop.00027.wav,c:\Users\darsh\Documents\Codex\2026-04-27\i-am-a-first-year-computer\Data\genres_original\pop\pop.00027.wav
-45.638737,74.70451,15.98023,14.800469,8.992414,8.204231,5.6863494,5.2544928,5.396809,2.4352226,0.77943903,1.1747063,-2.359165,-2.9500175,-2.594253,-2.7030761,-1.5022324,1.5619365,1.6137363,-0.013135739,58.0722,22.128962,16.865334,16.19411,10.484823,10.7328415,8.08825,7.3328886,8.929601,7.193605,7.2997785,6.984567,7.1055408,6.7665844,6.987054,6.244438,6.7665963,8.411085,8.997118,10.316694,0.32181805,0.24336602,0.36526078,0.46009213,0.30885354,0.35387927,0.3034214,0.4591616,0.34240285,0.3018055,0.43262726,0.29946932,0.30631468,0.21637793,0.27207556,0.33484605,0.2244816,0.333394,0.23635924,0.34858465,0.2818564,0.2396867,0.34404552,0.23808229,2946.5774176287164,847.4143529913664,0.1212698638254644,0.05813059690475291,0.19456434,0.06957141,pop,pop.00028.wav,c:\Users\darsh\Documents\Codex\2026-04-27\i-am-a-first-year-computer\Data\genres_original\pop\pop.00028.wav
-40.52484,73.47652,22.62272,12.355103,14.860799,8.946286,5.305813,9.025769,2.0851216,4.30385,-3.1314619,1.8446423,2.0324934,1.3936074,4.1242695,-0.35411486,-0.7509657,1.1585399,0.7373189,-0.043280363,55.592358,26.06089,19.677986,15.392561,11.098208,11.199151,7.9127517,8.654955,8.035134,9.328736,8.125429,7.568504,6.865236,7.308229,6.987338,7.214394,7.772454,8.761374,9.159228,9.002477,0.3698332,0.46963856,0.336835,0.36907953,0.33757818,0.33759505,0.32844254,0.35419345,0.447606,0.30566594,0.32361004,0.27697402,0.30268377,0.36209962,0.27883604,0.3223851,0.2945265,0.31593287,0.32779473,0.299467,0.33756676,0.2466076,0.30313095,0.24602537,2988.85797981166,819.5208567516285,0.11157037599167957,0.05516761840122668,0.23414308,0.07935418,pop,pop.00029.wav,c:\Users\darsh\Documents\Codex\2026-04-27\i-am-a-first-year-computer\Data\genres_original\pop\pop.00029.wav
-18.171194,72.29644,-4.8672304,-0.35958102,1.6975714,-0.9182093,-1.3221729,-0.3419728,0.647323,-0.1809803,-1.2175112,-1.057464,2.5195053,1.2472867,1.7523706,-3.442979,0.39454007,-0.8525016,0.9242998,1.6602957,57.778263,22.349442,17.082207,15.126051,10.442978,11.597796,8.989044,9.422674,10.430056,8.475623,8.875635,7.9534183,6.3560295,6.1797767,6.378903,6.952673,6.8190455,6.2012944,5.9915304,6.5366473,0.40088522,0.5333807,0.29077685,0.37262845,0.2602606,0.37257463,0.25683153,0.28990218,0.4687373,0.32162452,0.4413841,0.28339642,0.29509816,0.3468707,0.21298236,0.3247289,0.20675619,0.31231773,0.21347824,0.2254974,0.32420254,0.23334606,0.35627177,0.21638875,3070.6451711304394,780.6889583730654,0.14873984133126936,0.06785776800372194,0.20310587,0.07963953,pop,pop.00030.wav,c:\Users\darsh\Documents\Codex\2026-04-27\i-am-a-first-year-computer\Data\genres_original\pop\pop.00030.wav
-18.854591,71.32852,-3.743232,-1.3965917,0.71034753,-1.0491368,-1.0524065,-0.24947147,0.6239636,0.4292991,-1.4892839,-1.0790832,2.415428,1.2472486,0.9718108,-3.58823,0.89175177,-0.49628252,0.7083632,1.6725212,58.113247,22.2681,16.854277,15.726243,11.133483,11.93502,9.300848,9.798742,10.934669,8.958646,9.208961,8.447274,6.8657274,6.5909758,7.0266647,7.350527,6.939948,6.435118,6.2598834,6.9546847,0.41269454,0.53713775,0.3004868,0.37944493,0.26979345,0.3804133,0.2650106,0.30320093,0.47377804,0.33159307,0.4450527,0.2937996,0.29638085,0.34706464,0.21806265,0.32530683,0.20904753,0.31296876,0.21625857,0.23034106,0.3239573,0.23733166,0.3545037,0.2206499,3111.0610992009765,779.6989860357453,0.15291026206946595,0.06874453079058775,0.19834772,0.07783123,pop,pop.00031.wav,c:\Users\darsh\Documents\Codex\2026-04-27\i-am-a-first-year-computer\Data\genres_original\pop\pop.00031.wav
-113.1695,41.588142,21.516308,11.092117,17.440653,0.6074317,3.0293283,0.08450882,3.4569807,0.29064044,0.61601543,1.2555636,2.8942459,-0.7695475,0.22040626,-1.4086614,-0.7604615,-0.8702321,-1.5392059,1.0672659,78.71344,29.64467,24.945078,20.32898,15.4141035,14.610729,11.431543,12.274307,12.2236,9.628684,9.176616,8.607768,8.53559,6.967045,7.5449085,6.967755,7.525746,8.628129,9.008706,8.938793,0.44348058,0.4932909,0.3737622,0.4780124,0.47693452,0.34438583,0.3895094,0.40317166,0.49145696,0.38340172,0.39092782,0.45145693,0.2883982,0.32283518,0.24571031,0.3008936,0.3062318,0.2511345,0.31781125,0.27444205,0.325705,0.28731453,0.286366,0.31384736,4225.564575455603,1279.9727927644924,0.22873671209849072,0.1366127977782069,0.097890966,0.04633424,pop,pop.00032.wav,c:\Users\darsh\Documents\Codex\2026-04-27\i-am-a-first-year-computer\Data\genres_original\pop\pop.00032.wav
-69.00194,73.77,-12.468982,9.536623,-0.045610458,12.718271,3.1650596,-0.08465784,2.5223582,2.8746748,-1.6729782,-3.025172,1.614928,1.0892638,0.93438625,-0.41627285,-1.2382096,-0.7576577,-1.704667,-1.0437557,95.91798,22.274757,22.896923,15.88649,13.197157,15.288374,11.656855,12.761019,10.502581,7.5661964,8.522184,9.790413,6.656518,6.553075,5.46449,5.9589887,5.8349447,5.7431326,6.043906,7.136956,0.54463905,0.35073343,0.38803205,0.33771315,0.3911665,0.43000865,0.44777718,0.53182083,0.40409365,0.41886202,0.3538318,0.47614262,0.32779625,0.24904652,0.31140247,0.25667003,0.27623376,0.32574844,0.27200082,0.31109658,0.2481846,0.29484996,0.25170717,0.27726626,2835.0593021892837,661.715013342013,0.13706266326431887,0.049297444635297116,0.139912,0.050008796,pop,pop.00033.wav,c:\Users\darsh\Documents\Codex\2026-04-27\i-am-a-first-year-computer\Data\genres_original\pop\pop.00033.wav
-59.58959,77.30937,26.367233,3.1743202,6.7570415,-0.06425415,-0.62479234,-0.69048333,4.141959,-0.44033727,-4.541956,-3.5614958,-2.2030644,-3.5575008,0.26179406,-4.6726303,-4.6041975,-3.7405696,-1.385197,-0.84536755,67.19018,27.42002,20.140562,16.768965,13.86637,15.851676,11.855615,10.409628,10.42889,9.499359,8.658614,7.342874,7.6838717,7.5004387,6.9969864,7.941417,8.890447,8.413625,9.8696,9.486288,0.3578247,0.26545388,0.34856558,0.30331472,0.29839805,0.47527057,0.29916927,0.31512308,0.26647955,0.3969143,0.4743181,0.289292,0.32403553,0.22952135,0.32124203,0.27522504,0.2569335,0.35577133,0.24004172,0.3121434,0.22833075,0.31010467,0.34421358,0.23513117,3141.655140286262,1030.2022539743311,0.131055518938661,0.08485049866428761,0.18744317,0.06826979,pop,pop.00034.wav,c:\Users\darsh\Documents\Codex\2026-04-27\i-am-a-first-year-computer\Data\genres_original\pop\pop.00034.wav
24.46663,68.96241,-4.2113004,-1.032618,5.249467,2.9858522,4.336798,4.2872887,6.422606,3.6307845,0.11548251,-0.00023518849,2.0697718,1.5497289,3.999015,2.8162687,2.1994698,1.5773796,-0.47220573,0.5248475,55.060783,20.378769,17.786602,14.46745,10.757279,11.134645,8.782445,8.6612215,8.077998,8.00115,7.108996,7.5690217,6.763656,6.998848,7.128901,7.130643,7.256329,7.068319,6.616104,6.688659,0.35504633,0.43468302,0.3414665,0.473417,0.37567532,0.29660758,0.41555348,0.38469774,0.5310063,0.354668,0.4878568,0.49420595,0.24424116,0.32810512,0.22820614,0.3113163,0.28868556,0.21592648,0.30117136,0.24884874,0.34237242,0.23721749,0.30092078,0.31223744,3194.1768682916545,729.4969605563456,0.15937998863196595,0.06434464116516651,0.28261182,0.09794556,pop,pop.00035.wav,c:\Users\darsh\Documents\Codex\2026-04-27\i-am-a-first-year-computer\Data\genres_original\pop\pop.00035.wav
-44.214016,76.17581,22.921127,16.816143,22.99891,3.266593,6.908667,0.10313874,6.4956775,6.542089,0.8544856,2.7243903,4.5169544,2.854357,1.3195447,1.7970861,0.37682888,-1.1220287,-0.43784976,1.570019,66.93945,28.591228,22.553186,17.189182,12.912964,15.276002,10.578233,8.969621,7.9900813,9.723436,6.746912,6.665083,7.162281,7.4030924,6.8548594,7.0922294,8.0882845,8.761343,8.678365,8.484942,0.41800615,0.35874012,0.44888937,0.4079426,0.47633684,0.40279928,0.3568203,0.4171945,0.35885322,0.38412187,0.3106017,0.39458227,0.32661986,0.2710334,0.32710978,0.27969092,0.3355031,0.3126133,0.27357313,0.32820705,0.26578605,0.30273673,0.2285309,0.2814612,2944.4779985642813,1120.7050995774084,0.1151153281008127,0.09077523071222171,0.25645226,0.0844243,pop,pop.00036.wav,c:\Users\darsh\Documents\Codex\2026-04-27\i-am-a-first-year-computer\Data\genres_original\pop\pop.00036.wav
4.8043222,64.50391,-2.5012724,10.419498,3.2420893,7.8209686,3.101567,1.4055257,6.7450037,4.884832,3.2736435,1.747771,3.3316631,2.3504841,1.4266739,-0.60548866,-2.1835034,-1.6002753,-0.6110449,-4.0513687,63.50406,22.887861,27.233412,15.820561,10.889756,12.687179,9.616704,10.79154,9.782947,9.526393,8.331893,8.223913,7.363289,7.719134,6.4354706,6.8787427,6.233781,7.2026663,7.5721807,7.2879276,0.5541777,0.48196,0.4840814,0.44518834,0.35990533,0.366569,0.41988933,0.5199303,0.4541894,0.45121095,0.4282108,0.45523247,0.32631224,0.3043628,0.30530658,0.30013505,0.24966913,0.27035528,0.26803282,0.31139743,0.28012785,0.28495052,0.25616038,0.27710637,3236.3834897605984,794.3654006906496,0.16482477808146284,0.06194899609210134,0.24089603,0.089719206,pop,pop.00037.wav,c:\Users\darsh\Documents\Codex\2026-04-27\i-am-a-first-year-computer\Data\genres_original\pop\pop.00037.wav
-15.679173,59.269085,-1.5834022,12.570526,8.758745,3.965868,2.0486033,4.2323008,4.989132,2.9016716,2.327089,1.9943117,1.7193478,-1.5517665,-0.620159,0.2913807,-0.002985526,2.756806,2.2938926,0.056969892,63.17884,23.550657,18.49691,12.534593,11.072177,10.017736,8.29502,8.913215,8.396167,7.9123545,7.251798,7.6895156,7.3691845,7.599698,6.8881516,7.348438,8.617721,9.451215,9.220409,9.677194,0.321005,0.4469895,0.33716333,0.41021156,0.48892802,0.36072007,0.40493244,0.35643452,0.5365969,0.43621093,0.35731706,0.35060072,0.24008569,0.3223859,0.25832307,0.29253593,0.33570763,0.26483634,0.32693756,0.23379633,0.32807738,0.30017254,0.26252508,0.26147532,3267.580275537532,866.6330088831471,0.14652330144640094,0.07452642432824119,0.22182827,0.07853155,pop,pop.00038.wav,c:\Users\darsh\Documents\Codex\2026-04-27\i-am-a-first-year-computer\Data\genres_original\pop\pop.00038.wav
-19.479713,51.92009,37.00408,13.1163845,14.590094,3.207625,15.297413,-0.7794648,7.2424235,10.393447,-0.37440053,6.2307696,-1.1885154,-2.1225438,-1.5674964,-0.7654629,0.032623857,2.8346593,0.82377,1.8658277,63.563324,24.688246,25.91273,19.196745,16.247526,14.782656,10.638874,10.605027,9.780273,9.639597,8.535305,8.885073,7.414071,7.6531124,8.071416,7.5181513,9.348758,9.366587,10.159021,7.8113933,0.3902082,0.34438112,0.3143656,0.4254743,0.4465132,0.32663393,0.3448924,0.3152066,0.45775956,0.38482094,0.37701645,0.4825585,0.30585235,0.29953372,0.25753117,0.3075712,0.33817658,0.27495185,0.31259543,0.25592256,0.34246272,0.28941414,0.27895457,0.34923086,3934.6043578715803,1048.5563858384355,0.18717800648219815,0.10335570101726092,0.27970567,0.10362971,pop,pop.00039.wav,c:\Users\darsh\Documents\Codex\2026-04-27\i-am-a-first-year-computer\Data\genres_original\pop\pop.00039.wav
-76.91657,113.29569,-6.219377,19.94625,15.115961,-3.289381,4.7895103,1.0169309,2.292926,-0.0114684915,-3.7627335,4.241214,2.2863302,-2.9218853,4.5193353,3.4273293,-0.5341386,-0.5602078,0.6277448,-2.0107129,75.98616,21.143747,19.955605,11.483432,9.999189,11.982425,8.754663,7.614222,7.366936,7.4192753,6.678694,8.22682,9.731163,8.024387,7.6216764,8.533789,8.885723,9.344396,8.158705,10.3582115,0.30858782,0.24154514,0.3974256,0.3627008,0.22004771,0.3185682,0.17835867,0.21010444,0.16176376,0.28297043,0.5486896,0.27615735,0.33912098,0.21584766,0.33794147,0.3453041,0.17771421,0.30345902,0.18216144,0.24161129,0.1793102,0.2525405,0.3767792,0.22592159,1962.259860440553,511.21086195743004,0.0958112120259288,0.0384322173955777,0.19927946,0.075112365,pop,pop.00040.wav,c:\Users\darsh\Documents\Codex\2026-04-27\i-am-a-first-year-computer\Data\genres_original\pop\pop.00040.wav
-204.75298,101.60512,26.384224,9.1857195,10.460929,5.108919,-9.447198,9.308316,-12.491376,-2.4966693,6.212447,-9.488957,-2.5600326,-9.048957,-10.187873,-4.0442524,-7.7497845,-5.138517,-1.8299532,-4.416521,57.08597,28.888464,23.724922,14.02069,18.24578,13.689069,14.809242,11.120048,11.826024,11.005761,11.296095,9.765374,10.819413,10.955153,11.763995,10.119487,11.602183,13.479603,12.628464,12.903267,0.22803819,0.21535613,0.40643382,0.32738888,0.2077196,0.4092916,0.26195174,0.2505107,0.19473068,0.2756838,0.37571037,0.23574626,0.28327215,0.23241228,0.38129237,0.3098288,0.18960552,0.38126183,0.23065335,0.3192426,0.22689262,0.27256462,0.3503401,0.2403994,2053.894371276876,828.5668897395091,0.0753657574255031,0.055286892803981746,0.08329674,0.0351989,pop,pop.00041.wav,c:\Users\darsh\Documents\Codex\2026-04-27\i-am-a-first-year-computer\Data\genres_original\pop\pop.00041.wav
-37.071033,68.84186,10.511309,23.959776,15.370536,3.547914,11.677659,2.9124515,2.5459216,4.7503414,-1.5888675,2.5664659,-1.0170679,-1.6613677,0.48934498,-2.8281736,-3.4125834,-4.102842,-4.2148557,1.1007029,53.588818,26.49189,21.46387,14.107497,11.666364,12.463334,12.363826,9.904221,9.269107,10.873973,7.221292,7.3515344,7.023038,7.145447,7.101372,7.8022494,8.913037,10.537975,9.279881,7.7008524,0.3525122,0.4655826,0.32328668,0.40943488,0.4959683,0.2870683,0.3326826,0.3353404,0.45957664,0.35910267,0.3599937,0.37620828,0.27424854,0.35206056,0.24305938,0.292159,0.35629967,0.223484,0.30601597,0.2600504,0.3331681,0.28668427,0.28935483,0.29605964,3002.6169823427717,891.3268703473714,0.14374780802534828,0.07551759320047853,0.22344245,0.08487153,pop,pop.00042.wav,c:\Users\darsh\Documents\Codex\2026-04-27\i-am-a-first-year-computer\Data\genres_original\pop\pop.00042.wav
-50.890957,68.04223,12.082594,36.314426,8.646877,19.502785,10.72235,12.312874,1.6614351,10.164873,4.8397875,1.6969053,2.7312357,3.1664689,2.4620578,1.4162687,1.0564288,1.8941798,2.2652884,2.4275951,47.96619,32.60899,18.941166,17.669764,14.76096,12.01683,9.469845,8.599315,9.005185,8.603513,7.5954165,7.073186,6.908279,7.555005,6.9846964,7.348145,6.505798,6.4107366,7.2669735,7.4187083,0.49685025,0.59896404,0.44332328,0.45117277,0.3701488,0.48263928,0.48007774,0.44085047,0.5145053,0.4421988,0.4999471,0.4606703,0.27845097,0.30030528,0.25335196,0.29510036,0.23519827,0.3031073,0.30244154,0.25678506,0.2859055,0.25193575,0.28297865,0.29136533,2703.2416682609646,1065.1892388797723,0.1032971833881579,0.07288589019101249,0.25419882,0.07047601,pop,pop.00043.wav,c:\Users\darsh\Documents\Codex\2026-04-27\i-am-a-first-year-computer\Data\genres_original\pop\pop.00043.wav
-47.93828,54.159214,-4.005042,21.5129,13.886649,6.003954,13.75534,1.0669996,6.722089,6.232228,1.6225083,0.45345965,2.414838,-5.5971355,0.30466765,-1.0046958,0.6401351,1.2582229,2.0810168,3.0324845,56.364475,22.846893,26.358063,17.312805,13.544307,15.39908,13.038059,11.971299,9.213332,9.941199,8.136296,8.01066,8.993666,8.811123,7.915608,7.5254817,9.687769,10.080603,10.468493,9.023332,0.48990512,0.44537872,0.47818404,0.5059208,0.39242947,0.35824504,0.43259692,0.56365114,0.47926056,0.40035197,0.46195588,0.465864,0.33879066,0.3072374,0.31427738,0.32700348,0.2769577,0.26249054,0.28076345,0.31642833,0.28633296,0.26252744,0.28483054,0.29967383,3143.535196698567,783.977456854695,0.135637501814048,0.07431593239031764,0.22276354,0.092974156,pop,pop.00044.wav,c:\Users\darsh\Documents\Codex\2026-04-27\i-am-a-first-year-computer\Data\genres_original\pop\pop.00044.wav
-71.61501,81.12124,16.355663,8.950535,13.818387,-0.7371726,12.522271,-0.63937056,3.043049,3.054754,-3.2121913,-1.318577,-0.6402586,-4.0062227,-0.9454737,1.9157288,3.5294614,5.9878035,6.0908732,2.567977,73.73637,33.6039,31.322948,19.985493,15.701512,16.484308,14.857588,12.480364,11.254596,11.222677,10.967269,8.6942005,8.602607,9.277387,7.5298,7.8173656,8.404846,10.277373,10.099436,8.97398,0.4215141,0.40175334,0.36014265,0.40675747,0.38890663,0.5051616,0.3610757,0.4680212,0.51562923,0.37736052,0.40420926,0.3439017,0.33190495,0.30605057,0.26500654,0.29740587,0.26804444,0.32211447,0.23838337,0.30999538,0.31414175,0.27853215,0.31792793,0.26328215,2842.6607931089798,1080.5468293981023,0.12498941805340558,0.08603753371603301,0.2022946,0.07428934,pop,pop.00045.wav,c:\Users\darsh\Documents\Codex\2026-04-27\i-am-a-first-year-computer\Data\genres_original\pop\pop.00045.wav
-72.17291,81.3121,16.72972,8.680574,14.163569,-1.0486612,12.839069,-0.5343492,3.1377692,3.1529665,-3.4740796,-1.1388001,-0.6851626,-3.9981558,-1.0880297,1.7791657,3.4944952,5.9058084,6.3410254,2.4415286,73.683945,32.998314,31.827284,20.118612,15.755048,16.263868,14.887231,12.65149,11.466231,11.082729,10.956468,8.696067,8.522594,9.416356,7.59006,7.947114,8.491397,10.53752,10.277656,8.999891,0.4270516,0.40466997,0.36215305,0.4078118,0.39150074,0.49956048,0.3565802,0.47249964,0.5190366,0.381558,0.40917614,0.34854007,0.33471277,0.30669743,0.2659856,0.2992011,0.27047208,0.3234554,0.23770975,0.31175077,0.3147665,0.28146714,0.3193185,0.26596525,2838.0210737706198,1082.7256265402818,0.12218028915924922,0.08498150318899325,0.20336604,0.07455644,pop,pop.00046.wav,c:\Users\darsh\Documents\Codex\2026-04-27\i-am-a-first-year-computer\Data\genres_original\pop\pop.00046.wav
-45.064255,69.78576,11.866148,8.177108,12.603081,7.750251,11.3099985,0.2585076,9.659319,2.803888,3.8585238,-0.8353044,2.1194327,1.1247411,0.0074641933,0.76138514,-1.480884,3.656361,4.4588914,4.1998005,59.482147,28.824137,20.10307,18.375334,14.266875,16.101847,11.136587,11.3994875,10.67245,9.2447,8.711114,8.025199,9.0986395,9.75092,10.598484,10.354558,11.379897,10.256181,10.8704605,9.265902,0.39231282,0.4283813,0.5240063,0.38573214,0.36640796,0.43332902,0.44408315,0.59095097,0.43721575,0.41359738,0.4222358,0.3642254,0.31286946,0.2914113,0.32088715,0.26806694,0.26283252,0.31373712,0.27184924,0.3407819,0.2775997,0.29638776,0.31432697,0.2630681,3149.97113080032,909.593489435534,0.12735523897058823,0.06973665898059997,0.21580054,0.090983115,pop,pop.00047.wav,c:\Users\darsh\Documents\Codex\2026-04-27\i-am-a-first-year-computer\Data\genres_original\pop\pop.00047.wav
-52.64915,47.78274,13.455156,2.213427,13.251046,9.133875,14.447654,0.87383705,9.459656,7.004077,-0.69285774,1.7276204,8.496528,6.9274364,3.1864774,2.2743254,-0.8961154,2.031985,2.2780228,3.4661899,53.381927,21.983036,20.836496,13.18638,11.798639,9.0229645,9.674533,9.313043,9.1830435,9.399416,7.644852,8.189733,8.344388,8.367573,7.9755464,7.5314875,7.498123,7.746733,9.032203,7.8953786,0.5634321,0.50113016,0.58791137,0.41462156,0.3725573,0.3829286,0.37710178,0.47566795,0.4296482,0.52140427,0.46362698,0.48921695,0.3070085,0.27892375,0.31871432,0.28950232,0.28436056,0.28135127,0.24657147,0.29936534,0.2390269,0.28532943,0.27358592,0.2716389,4052.8886703211056,1049.7294093449768,0.21071452326818885,0.09231647542984274,0.1564599,0.06469113,pop,pop.00048.wav,c:\Users\darsh\Documents\Codex\2026-04-27\i-am-a-first-year-computer\Data\genres_original\pop\pop.00048.wav
-170.92262,105.92536,31.060646,22.226055,12.8146105,-5.1669703,11.2371025,-2.1054714,-0.1724929,5.0788264,-11.54121,-3.6240706,1.3911012,-6.6363363,-2.4310412,-7.377177,-2.5536122,-1.7130775,-6.1377354,5.0679655,72.99459,38.288082,30.616232,19.626835,15.396209,19.21001,15.993837,14.980141,11.45869,12.3477745,10.8789425,10.923962,9.533091,11.499198,9.625304,11.030079,10.567103,10.040559,10.876408,11.492135,0.2730091,0.39335608,0.2518802,0.31100938,0.22728911,0.3442783,0.4176823,0.29483128,0.38999045,0.31773934,0.34995213,0.30109996,0.23973739,0.35404757,0.20619103,0.3082174,0.1909658,0.3087566,0.3425905,0.24407409,0.36719388,0.28777948,0.32212663,0.30365816,1987.8719219449235,1048.4513377885396,0.06614018962848298,0.06136431114768753,0.14744551,0.061382707,pop,pop.00049.wav,c:\Users\darsh\Documents\Codex\2026-04-27\i-am-a-first-year-computer\Data\genres_original\pop\pop.00049.wav
-78.1925,65.99214,24.578518,25.652824,13.854882,3.6000478,16.22554,0.5925538,3.3257751,4.16047,2.7126958,3.649891,1.3959066,2.0099125,-1.8058223,-3.9544833,-0.95099777,-1.0149827,-0.46333376,-0.74938136,64.29339,33.264503,30.66289,19.095692,15.245535,16.95795,13.595919,12.246239,10.523065,10.002289,9.854172,9.095568,8.155746,8.390995,7.4847426,7.3773837,7.2705092,7.5194764,7.2772346,8.182728,0.45387033,0.50366133,0.41790676,0.37033755,0.41649178,0.3561451,0.3712011,0.3343816,0.40614077,0.46802366,0.40705168,0.46377262,0.2934875,0.3266404,0.3120522,0.26480907,0.32553205,0.28156716,0.30455735,0.25445548,0.2746848,0.33335048,0.2885312,0.32062596,3046.2397998563833,1173.1994007513213,0.1186580126499613,0.08799772591675754,0.20836434,0.08127359,pop,pop.00050.wav,c:\Users\darsh\Documents\Codex\2026-04-27\i-am-a-first-year-computer\Data\genres_original\pop\pop.00050.wav
-14.170114,44.39024,12.680576,10.152087,11.2593,3.9758954,12.507779,-2.1717224,10.705039,2.2852633,5.0335593,-0.86626524,3.80587,1.6627514,1.504286,-0.19028266,-1.020159,4.782087,4.863109,3.05332,55.353462,26.785711,18.341177,16.375633,13.101546,13.579194,11.031136,10.006122,9.7020035,8.551174,7.7146807,7.5180063,8.941205,9.466502,9.757025,8.868047,9.943767,9.5403,9.742068,8.133667,0.41931143,0.474898,0.54697245,0.42076516,0.44119656,0.43271843,0.47670653,0.5813141,0.41986108,0.40166688,0.37582767,0.37299097,0.29894498,0.28958318,0.30944756,0.26888746,0.28984857,0.29797444,0.26858878,0.3257711,0.24873987,0.2804794,0.27717745,0.26141712,4156.136801574854,1032.4801270459143,0.23004509420955882,0.1115601856803759,0.21318002,0.06526785,pop,pop.00051.wav,c:\Users\darsh\Documents\Codex\2026-04-27\i-am-a-first-year-computer\Data\genres_original\pop\pop.00051.wav
-39.98735,35.58321,8.9385,15.082217,15.206814,10.572661,21.824984,10.004446,13.9735,16.55746,1.4647634,3.2635627,0.062112246,0.9717617,7.650401,7.642751,9.415578,6.5875235,1.1903111,-0.6452358,61.872047,24.107876,22.37133,20.55559,16.249353,16.744396,13.4291315,12.522894,10.191015,10.014579,10.588908,8.729899,9.123518,7.910882,9.34681,10.7311125,12.766519,10.370312,10.275625,10.924128,0.41846827,0.41733223,0.46746275,0.5517486,0.62746704,0.58469504,0.55328876,0.5491662,0.5355155,0.5480999,0.50072074,0.5186928,0.24879241,0.25311634,0.27070972,0.29320514,0.29893878,0.30955204,0.315747,0.31864697,0.28976616,0.31838906,0.2751793,0.28747004,3662.9266594641513,1023.5826094860564,0.15600737108165635,0.10369340003104864,0.32143492,0.14283347,pop,pop.00052.wav,c:\Users\darsh\Documents\Codex\2026-04-27\i-am-a-first-year-computer\Data\genres_original\pop\pop.00052.wav
-145.92575,62.53524,-23.114868,-18.786009,-14.782013,-28.421488,3.134416,-24.940002,-13.637032,-4.6073895,-24.383535,-15.806172,-17.455078,-11.709296,-8.264144,-13.850937,-9.910087,-11.985029,-5.0356164,-2.9024737,66.44399,40.59263,42.269184,23.348574,21.29299,15.662553,15.156933,16.320074,15.789028,14.362967,12.998921,10.856327,12.364531,22.264486,17.927258,19.672169,14.323579,14.199941,16.693575,16.070908,0.25954705,0.20857379,0.22574046,0.24283159,0.26497248,0.2851821,0.36383405,0.26662645,0.23229612,0.2810106,0.3092478,0.3886273,0.28249973,0.26423278,0.3003202,0.3064995,0.32330555,0.30291218,0.36730078,0.287483,0.28571442,0.33063346,0.31370053,0.3793945,2639.59187801044,1015.9311431155714,0.10700086469620743,0.09702451420472964,0.17211172,0.0963643,pop,pop.00053.wav,c:\Users\darsh\Documents\Codex\2026-04-27\i-am-a-first-year-computer\Data\genres_original\pop\pop.00053.wav
-46.703014,55.877514,26.12021,16.543205,7.104527,-3.3266866,9.25601,-0.87159336,8.313573,7.1481004,-0.53872216,1.7517585,-1.8377473,5.196832,-3.1105437,-0.8630542,-3.8621142,-2.3494835,-0.22604811,2.2205696,66.27015,30.75711,23.699429,15.671185,14.587162,18.108234,13.761619,10.253114,10.935881,11.248845,11.077547,9.048454,8.819048,9.4074,7.427593,9.532323,9.136125,10.089959,8.943901,10.070394,0.49919224,0.41647363,0.3601142,0.4523861,0.4145138,0.4170031,0.37078878,0.4581486,0.34087753,0.26846012,0.3312575,0.35560346,0.34578565,0.29883373,0.26831466,0.35043383,0.33611962,0.3704131,0.32194334,0.3315276,0.26910722,0.23773734,0.28458878,0.2732515,3498.3579746722603,1173.369755123734,0.13602223115808823,0.09140449231594258,0.27360487,0.12332197,pop,pop.00054.wav,c:\Users\darsh\Documents\Codex\2026-04-27\i-am-a-first-year-computer\Data\genres_original\pop\pop.00054.wav
-56.091187,36.468166,11.94532,-6.4417515,3.7781627,5.284157,3.3947845,4.2650976,7.9939175,5.8644285,1.5971135,4.8613906,0.49247718,2.506001,0.27597904,-2.5915582,-1.4281114,-1.8711603,-5.3898835,-4.313989,70.64935,34.001022,25.290115,21.99197,19.625858,17.512375,12.962965,14.755697,11.85797,12.538739,10.568185,10.344464,10.409398,9.67028,9.161494,10.325158,8.141553,7.921363,8.326248,8.656325,0.456363,0.41803682,0.38863122,0.36825264,0.34080234,0.31117073,0.33039024,0.40672114,0.5300694,0.5697691,0.52300644,0.5511443,0.2932652,0.28572944,0.28114003,0.2670704,0.26606444,0.24850528,0.25979245,0.29963654,0.32704383,0.3402551,0.32073736,0.3276472,3940.3499208914445,1162.587795806774,0.16739883659055727,0.1340251424355649,0.24087685,0.13041553,pop,pop.00055.wav,c:\Users\darsh\Documents\Codex\2026-04-27\i-am-a-first-year-computer\Data\genres_original\pop\pop.00055.wav
-80.396324,35.962517,20.407267,26.376535,17.379705,4.580236,13.489164,3.6187565,7.324075,5.479913,3.9538543,5.3136964,3.534632,0.5135293,0.18830319,-1.1251197,3.5296657,1.4410526,0.4726653,-1.7977359,77.747,41.019833,29.620413,21.165636,15.643431,14.919622,12.681517,11.730044,11.731486,11.86195,10.561568,10.238906,10.454734,9.306966,8.942605,9.629033,8.131304,8.456985,7.9575405,9.671494,0.45138517,0.47377577,0.44953445,0.54884046,0.47520712,0.39684778,0.3794915,0.45403308,0.6140807,0.5618266,0.44544944,0.426656,0.30706072,0.33494106,0.299116,0.31449357,0.2868684,0.30420604,0.29553452,0.28752184,0.34200218,0.32392973,0.27795562,0.28459048,3681.430351016257,1462.3320395313963,0.14562421391253869,0.13077850513533304,0.24994287,0.12312224,pop,pop.00056.wav,c:\Users\darsh\Documents\Codex\2026-04-27\i-am-a-first-year-computer\Data\genres_original\pop\pop.00056.wav
-39.69138,33.951675,9.604388,16.657578,14.906162,11.198783,21.502827,9.886201,14.732349,15.628255,2.040395,2.5794961,0.35728565,1.6512009,6.9411736,8.237751,9.367545,6.9661984,1.4967381,-1.1285765,62.87451,24.445978,22.934448,20.488953,15.61129,15.547723,12.896659,12.23798,9.799871,9.295985,9.7112875,8.453937,9.2143755,7.547828,8.99582,10.308845,12.51638,10.848326,10.4714985,11.119945,0.4063964,0.4393167,0.5192744,0.60706675,0.60569775,0.5529749,0.54310507,0.5267663,0.54763395,0.50631726,0.5260115,0.4418141,0.24914452,0.26241964,0.29171798,0.30180135,0.30965748,0.32116112,0.31940764,0.30055526,0.31831887,0.2862527,0.28906804,0.25270358,3672.6739422013616,1033.5953630335036,0.15406445010158668,0.10243915143345804,0.3293133,0.14713779,pop,pop.00057.wav,c:\Users\darsh\Documents\Codex\2026-04-27\i-am-a-first-year-computer\Data\genres_original\pop\pop.00057.wav
-87.723495,64.30925,-12.976586,16.032646,0.486166,0.40709496,4.431545,-2.7237475,-0.30932483,-0.049745258,-5.929299,-4.269969,-3.5097022,-4.630935,-4.0938272,-3.320875,0.21073724,2.7040024,2.4902892,0.21650171,73.62454,45.215347,26.98734,20.178562,15.879155,13.491314,11.717215,11.607643,10.389351,10.024212,9.23943,8.928796,8.524795,9.003493,7.8256073,9.309946,10.708564,11.697267,11.4979315,12.776703,0.4024961,0.5358154,0.4006707,0.27962548,0.25315124,0.23123541,0.3463413,0.26543912,0.36675575,0.37183428,0.28120044,0.34469935,0.3234096,0.36407527,0.33484614,0.26182538,0.26470488,0.22962949,0.33885345,0.23973568,0.31671774,0.3343994,0.25736883,0.33005497,2940.0005210928985,1289.731079422966,0.14575422068498453,0.10831296937395703,0.16742225,0.07983135,pop,pop.00058.wav,c:\Users\darsh\Documents\Codex\2026-04-27\i-am-a-first-year-computer\Data\genres_original\pop\pop.00058.wav
-77.94189,32.364952,20.077257,27.633484,16.262774,5.319164,13.481539,3.5032268,7.344144,5.271802,4.001198,5.271229,3.752625,0.7814801,0.40025985,-0.7132615,3.0644116,1.4034705,0.5459311,-1.9002221,78.43608,41.63388,29.151978,20.476807,14.894385,14.548465,12.292783,11.319461,11.440562,11.940818,10.5460615,10.206476,10.162227,9.017939,8.720734,9.335369,7.892178,8.2441845,7.7712445,9.535358,0.4553858,0.476115,0.4527491,0.5534599,0.47994155,0.39973205,0.3805666,0.45300454,0.6127316,0.56379265,0.44736648,0.43070126,0.30667907,0.33496365,0.29891208,0.3147848,0.28654546,0.30359283,0.29490057,0.2858681,0.34043816,0.32354552,0.27799958,0.28412122,3727.2488351836582,1448.2872267287696,0.14478748427825078,0.12835208210972282,0.25179002,0.12356319,pop,pop.00059.wav,c:\Users\darsh\Documents\Codex\2026-04-27\i-am-a-first-year-computer\Data\genres_original\pop\pop.00059.wav
-46.703014,55.877514,26.12021,16.543205,7.104527,-3.3266866,9.25601,-0.87159336,8.313573,7.1481004,-0.53872216,1.7517585,-1.8377473,5.196832,-3.1105437,-0.8630542,-3.8621142,-2.3494835,-0.22604811,2.2205696,66.27015,30.75711,23.699429,15.671185,14.587162,18.108234,13.761619,10.253114,10.935881,11.248845,11.077547,9.048454,8.819048,9.4074,7.427593,9.532323,9.136125,10.089959,8.943901,10.070394,0.49919224,0.41647363,0.3601142,0.4523861,0.4145138,0.4170031,0.37078878,0.4581486,0.34087753,0.26846012,0.3312575,0.35560346,0.34578565,0.29883373,0.26831466,0.35043383,0.33611962,0.3704131,0.32194334,0.3315276,0.26910722,0.23773734,0.28458878,0.2732515,3498.3579746722603,1173.369755123734,0.13602223115808823,0.09140449231594258,0.27360487,0.12332197,pop,pop.00060.wav,c:\Users\darsh\Documents\Codex\2026-04-27\i-am-a-first-year-computer\Data\genres_original\pop\pop.00060.wav
-65.18545,65.47451,4.127748,32.742474,16.918562,-5.8376946,14.960992,-0.24383582,9.038334,8.441269,-6.5761538,-4.4843636,-2.628058,3.4548986,1.6005542,-0.69787496,3.2031765,1.0458927,-1.1681348,-4.722194,50.842545,33.733635,26.108635,19.717182,15.171617,18.211979,12.291874,12.041299,12.225997,12.5047655,9.834235,8.171103,8.778903,8.177969,7.5730104,8.183118,8.595334,7.234176,9.198035,9.3193445,0.5457801,0.434145,0.3620081,0.38368556,0.32090855,0.33463824,0.3324642,0.4641968,0.550578,0.56741405,0.6292271,0.5411865,0.30529413,0.29900792,0.25877008,0.29328495,0.2246877,0.26642343,0.22801688,0.28110507,0.3204029,0.30511567,0.32343856,0.27968764,2949.270014966028,1168.9591584098973,0.11195132606907894,0.08741418361769308,0.22080922,0.08771479,pop,pop.00061.wav,c:\Users\darsh\Documents\Codex\2026-04-27\i-am-a-first-year-computer\Data\genres_original\pop\pop.00061.wav
-6.92664,68.88017,3.7705872,28.195871,2.293225,13.625752,1.0469884,6.004647,2.750496,15.018392,-8.786577,0.7954419,-7.2196684,2.92449,0.56175005,11.366313,11.479182,14.17094,-0.9239,0.8095099,39.802807,22.303665,22.687717,15.503458,13.402774,12.250886,10.655038,12.142552,12.395138,14.032781,13.714873,12.929705,12.966916,14.363441,16.253271,15.85527,15.253915,16.222725,14.91405,14.768343,0.22576286,0.22859007,0.2588148,0.31249112,0.26397115,0.2524053,0.27900636,0.46338737,0.69104254,0.40567017,0.28476477,0.28980705,0.22616188,0.25217655,0.27404627,0.32153815,0.2926443,0.2830798,0.27129045,0.32251924,0.33172798,0.27383077,0.28595954,0.28445402,2468.498529319245,558.4235712570307,0.09820877878289473,0.03577884501724589,0.39785087,0.08474579,pop,pop.00062.wav,c:\Users\darsh\Documents\Codex\2026-04-27\i-am-a-first-year-computer\Data\genres_original\pop\pop.00062.wav
-125.98142,117.33393,-0.07229227,10.211122,4.49017,2.1888669,-3.6360846,3.3763404,1.7375195,4.551119,0.84272957,2.4246018,-3.1125748,-2.837452,-6.1066365,-5.2675734,-1.8156683,-3.2187061,1.2653753,5.800691,45.551167,24.429491,17.264317,14.457426,11.89384,11.675388,10.235021,10.501571,8.915645,8.430843,8.575003,8.3251705,8.199467,7.8794804,8.343723,8.717087,9.292071,10.568089,9.811699,8.897672,0.36232573,0.25152785,0.27408683,0.24303627,0.24923427,0.43704355,0.40541652,0.50058615,0.38347432,0.2241054,0.2517194,0.21807587,0.3476738,0.23061664,0.27430502,0.25169128,0.265713,0.3547461,0.3062995,0.33708012,0.3071327,0.22704373,0.26771504,0.2044569,1826.5420467927368,583.2940420706718,0.07464656298374613,0.025637080539983016,0.12609246,0.03565272,pop,pop.00063.wav,c:\Users\darsh\Documents\Codex\2026-04-27\i-am-a-first-year-computer\Data\genres_original\pop\pop.00063.wav
-88.45125,34.33366,-11.282462,2.2004082,-4.8584256,-6.127731,0.33107793,2.4401877,-8.17747,5.6359863,-9.394409,-7.359539,-3.9459164,2.3768632,1.2362306,10.805466,9.384404,5.292023,-2.935119,-5.572682,96.30784,38.482986,28.93632,18.822306,13.948356,20.023,14.026769,10.586729,16.909876,11.786228,12.829053,10.5904045,12.439919,15.65098,17.686588,13.756568,14.681081,15.615409,12.899191,10.235728,0.32373747,0.23005842,0.2547813,0.3130491,0.26458904,0.21228653,0.2509608,0.4109468,0.52070445,0.48019788,0.5132195,0.38362673,0.31137338,0.24217771,0.2638838,0.28622818,0.24988182,0.23500134,0.228921,0.33620605,0.36688328,0.31586403,0.37561542,0.30746225,3647.8594016331967,1043.5802529678017,0.205950001814048,0.11147007658987343,0.16902655,0.11092298,pop,pop.00064.wav,c:\Users\darsh\Documents\Codex\2026-04-27\i-am-a-first-year-computer\Data\genres_original\pop\pop.00064.wav
-111.61652,85.579094,3.5153575,16.35747,2.2059448,5.980132,-5.0457573,-3.962524,-0.096168734,1.5746027,-5.793351,-5.0871906,-0.20802836,-4.411729,-0.7768346,1.5563339,0.36258054,0.5752825,-0.69262815,-1.8156011,69.69514,27.927258,17.369762,16.952892,15.479386,11.138311,12.577306,9.404694,10.928712,9.587991,9.923794,8.10461,8.727136,8.112037,8.054913,8.28735,7.5347896,7.3827834,7.6159678,7.6139164,0.35283884,0.23255233,0.2370205,0.23691095,0.2887625,0.4508013,0.39415187,0.49727586,0.39010188,0.3773519,0.39626986,0.29377672,0.32619113,0.2329051,0.23800205,0.24154827,0.2651808,0.37417373,0.3038684,0.35621703,0.3087616,0.3142295,0.34079266,0.2598474,2518.6680120349943,760.1870113877194,0.10014338537635449,0.06023898969619625,0.13348536,0.07795899,pop,pop.00065.wav,c:\Users\darsh\Documents\Codex\2026-04-27\i-am-a-first-year-computer\Data\genres_original\pop\pop.00065.wav
-63.635056,79.04566,42.744022,16.09554,15.26836,10.789147,13.3115835,3.685729,4.928326,10.677057,-0.01267207,3.4803085,3.4220939,-2.4508333,0.85064113,-5.120554,-4.2999783,-1.56403,-0.059282523,2.6619992,60.386864,28.750809,25.028656,14.535032,13.182616,12.191261,11.272436,9.856543,10.003786,10.398938,8.929573,9.131061,8.617561,8.774813,8.644634,8.642914,9.160946,8.062392,9.522747,9.779681,0.3593032,0.33918366,0.40348938,0.36671668,0.4216727,0.43756008,0.28380075,0.31008834,0.34178627,0.35212237,0.3208116,0.3128616,0.31942764,0.27616236,0.34452266,0.27940515,0.3123878,0.3256251,0.22222064,0.26287362,0.2703399,0.2842279,0.27556947,0.26551953,2844.070407885239,953.5933561802592,0.09974656237906347,0.0544008387510597,0.24325013,0.081651755,pop,pop.00066.wav,c:\Users\darsh\Documents\Codex\2026-04-27\i-am-a-first-year-computer\Data\genres_original\pop\pop.00066.wav
-52.537975,37.49602,14.12139,18.180311,16.782768,5.9580927,6.4324026,2.7082067,-0.44743854,3.2196102,-3.928455,1.5937504,0.29058215,-0.16011737,-0.5063943,-1.5440645,2.0738177,1.2248797,4.5870175,1.6419147,52.113518,27.876596,21.777367,15.007812,12.426167,14.026537,11.502769,10.845087,10.278705,9.958033,9.892775,9.302772,9.761544,10.105201,10.717772,10.522599,10.368197,9.420404,9.79614,9.2792845,0.37931553,0.38749745,0.5468873,0.48841056,0.50351876,0.42649907,0.42258263,0.52094954,0.3971792,0.41250837,0.41909468,0.4644497,0.26075777,0.2626309,0.3310525,0.3047085,0.34482068,0.31812978,0.26148397,0.33024094,0.26781994,0.3013429,0.2990791,0.30443028,3889.787116785757,1024.7184776080483,0.19104230662248453,0.11539418739104917,0.19137336,0.088422254,pop,pop.00067.wav,c:\Users\darsh\Documents\Codex\2026-04-27\i-am-a-first-year-computer\Data\genres_original\pop\pop.00067.wav
-29.26039,53.868725,-1.700224,15.506247,1.0880836,0.54396456,4.902141,-3.2225883,-1.6917725,2.2325523,-7.122959,-5.9894915,-2.9803963,-3.7967625,-4.8949075,-6.7240953,-0.41865265,-4.0128164,4.3791423,4.4604297,56.4733,37.64722,22.533566,20.71809,21.060781,18.693554,12.9290695,11.189687,11.384504,12.04482,9.212841,9.378534,8.842298,9.097231,9.108869,9.053863,8.612845,8.467405,11.212037,10.92786,0.34577435,0.39685827,0.4574183,0.44414178,0.4467691,0.40202,0.5568798,0.34796497,0.3247236,0.39164275,0.37006265,0.4046106,0.25798672,0.29094803,0.34694988,0.31352746,0.31849635,0.27100372,0.34711713,0.27695617,0.2680978,0.31172758,0.26958445,0.3165487,3262.9124447410586,1108.6680145667733,0.15505650759481424,0.10557602048645401,0.24570654,0.11650278,pop,pop.00068.wav,c:\Users\darsh\Documents\Codex\2026-04-27\i-am-a-first-year-computer\Data\genres_original\pop\pop.00068.wav
-30.211868,88.44852,-6.587008,32.785645,8.500259,8.3887,2.04252,6.864184,3.5769942,2.7208421,1.2942762,3.290607,1.5695497,2.3794365,2.5250056,1.0964289,-1.5795058,-0.26449084,0.112851925,0.42111668,47.893265,22.531296,16.83308,9.824922,7.8514714,7.633813,8.807304,7.5802712,6.967376,6.775491,6.333984,6.0593667,5.12121,5.175541,5.1723623,4.7134843,4.8960023,5.4966717,5.0586624,4.714988,0.51747614,0.40374103,0.44682473,0.5134938,0.6826364,0.47505817,0.4213239,0.42380223,0.4456121,0.4840134,0.50928956,0.6402646,0.26625437,0.22761013,0.26366132,0.2383981,0.30307207,0.22722457,0.2363523,0.2508991,0.2504873,0.28303185,0.26359946,0.2898659,2327.9956325128483,571.0905287457952,0.09549942252805728,0.051514945594883295,0.21555631,0.06711796,pop,pop.00069.wav,c:\Users\darsh\Documents\Codex\2026-04-27\i-am-a-first-year-computer\Data\genres_original\pop\pop.00069.wav
-91.85373,56.67415,13.763752,15.050706,0.9011203,-4.0791926,-0.22235471,0.5639136,-4.60077,-2.6161902,-2.761266,-3.0964155,1.7973816,-0.9524221,1.4047229,0.92358834,1.0776355,0.9147185,3.2946672,0.21995436,98.3237,27.328684,28.385094,20.068848,15.898467,15.6859,13.111121,11.010969,10.935925,10.175645,9.514545,9.121894,8.534894,8.048172,8.085721,8.939522,8.4917965,8.775668,7.775524,7.9981456,0.51197165,0.43811142,0.4902795,0.3425142,0.34898046,0.38864616,0.34719446,0.43154162,0.4553371,0.6305211,0.43389136,0.42664924,0.33130863,0.28370485,0.3146632,0.25256383,0.26181525,0.29456696,0.24949482,0.2974095,0.26988184,0.33034402,0.27270126,0.29166308,3142.2532583222696,1005.614854975292,0.13644399731520898,0.08527817711769424,0.1678202,0.11190055,pop,pop.00070.wav,c:\Users\darsh\Documents\Codex\2026-04-27\i-am-a-first-year-computer\Data\genres_original\pop\pop.00070.wav
-52.537975,37.49602,14.12139,18.180311,16.782768,5.9580927,6.4324026,2.7082067,-0.44743854,3.2196102,-3.928455,1.5937504,0.29058215,-0.16011737,-0.5063943,-1.5440645,2.0738177,1.2248797,4.5870175,1.6419147,52.113518,27.876596,21.777367,15.007812,12.426167,14.026537,11.502769,10.845087,10.278705,9.958033,9.892775,9.302772,9.761544,10.105201,10.717772,10.522599,10.368197,9.420404,9.79614,9.2792845,0.37931553,0.38749745,0.5468873,0.48841056,0.50351876,0.42649907,0.42258263,0.52094954,0.3971792,0.41250837,0.41909468,0.4644497,0.26075777,0.2626309,0.3310525,0.3047085,0.34482068,0.31812978,0.26148397,0.33024094,0.26781994,0.3013429,0.2990791,0.30443028,3889.787116785757,1024.7184776080483,0.19104230662248453,0.11539418739104917,0.19137336,0.088422254,pop,pop.00071.wav,c:\Users\darsh\Documents\Codex\2026-04-27\i-am-a-first-year-computer\Data\genres_original\pop\pop.00071.wav
9.675074,88.82607,-20.29368,5.1013055,-2.917802,-0.18818103,0.3274819,1.6043208,-2.2592056,-0.94065094,-6.2122498,-2.9767892,-1.8151839,-0.31959984,-1.3413132,-1.6791989,-0.18654181,1.7162682,-0.132488,-3.901139,46.418457,28.384329,17.131422,13.709639,10.917519,9.436494,9.818374,7.884112,7.231014,8.026523,7.281337,6.8180957,6.149151,6.0870442,5.8478084,5.8022175,6.1348267,5.5692573,5.6747494,5.649307,0.5033662,0.42235675,0.45908222,0.4501041,0.42711765,0.46636856,0.42984504,0.535033,0.5465722,0.47850406,0.5240826,0.5269246,0.27186435,0.26495454,0.27825764,0.26147768,0.24881728,0.27582493,0.24739312,0.29753584,0.28314885,0.2587461,0.28541657,0.28690806,2569.255822724336,634.3898918712331,0.13165642233455882,0.0510417805484458,0.23445223,0.0697762,pop,pop.00072.wav,c:\Users\darsh\Documents\Codex\2026-04-27\i-am-a-first-year-computer\Data\genres_original\pop\pop.00072.wav
-8.531341,54.251755,20.96331,13.099079,9.721153,6.015052,10.720785,6.1021194,0.6942645,5.0023856,-3.4498136,0.87255687,-1.9390469,-2.7849798,-2.676201,-3.3184636,1.7050132,-0.14683868,4.8484674,2.9080083,55.027363,23.107737,20.575764,13.011524,10.34863,11.043411,9.92848,8.211914,8.241311,9.336305,8.607124,7.2696905,7.9369154,7.0098095,7.40362,7.4054976,7.5273027,7.6434846,8.798253,8.730405,0.34397402,0.4772209,0.46106997,0.38296485,0.43027332,0.36005566,0.5957096,0.406595,0.354057,0.46452096,0.37018004,0.43370217,0.2401341,0.29962388,0.29694548,0.26638046,0.2952828,0.23105444,0.33268768,0.25549698,0.22482817,0.30746058,0.2374555,0.32265642,3671.2604882708424,937.0246795761713,0.16189735814144737,0.08461007200126341,0.2598068,0.09610067,pop,pop.00073.wav,c:\Users\darsh\Documents\Codex\2026-04-27\i-am-a-first-year-computer\Data\genres_original\pop\pop.00073.wav
-93.63922,59.69026,32.077374,13.12749,13.27032,-6.8693585,2.3390276,-7.8879848,2.2946646,4.4875836,-4.0405664,2.6735637,-3.0863953,-5.7560024,-1.523375,-1.1896892,-3.0514128,-1.0875479,2.3892708,4.767099,65.2288,35.962475,24.096619,22.074068,15.436902,18.996834,14.932922,15.974134,12.25951,12.092627,12.915274,11.047422,9.938516,9.453397,8.659707,8.724276,9.573411,10.490152,10.28103,10.430665,0.39055616,0.3238163,0.39188692,0.32210976,0.3505483,0.28823423,0.4487614,0.29606667,0.23600055,0.29747587,0.35270792,0.49512234,0.31685337,0.2929074,0.35136533,0.26782325,0.33548284,0.23912032,0.3701318,0.26798517,0.24431412,0.29141858,0.27918825,0.36796165,3419.3447490583962,1252.649738892475,0.1308480372000774,0.10671303271369453,0.21037216,0.14509207,pop,pop.00074.wav,c:\Users\darsh\Documents\Codex\2026-04-27\i-am-a-first-year-computer\Data\genres_original\pop\pop.00074.wav
-68.85472,40.457462,25.354525,35.768284,13.383127,2.8213696,12.759582,4.483545,3.3571875,10.026522,-2.3750985,2.9945145,-1.8024031,-3.3783832,-1.5463305,-1.6591519,-3.520382,1.3764956,2.0280373,1.5048236,56.887714,25.775764,18.06516,17.092762,13.0166235,13.800984,11.70587,9.752758,9.470383,9.150656,9.240366,8.192708,9.479773,7.43767,7.6317096,7.8359766,7.977504,8.793117,8.827457,9.57426,0.4108236,0.47090834,0.47869557,0.3853736,0.41544813,0.33910316,0.46963108,0.33349127,0.32582247,0.3888975,0.40228602,0.4921603,0.28753328,0.32653177,0.3433784,0.26437998,0.33649644,0.22716497,0.3344231,0.23835397,0.2511184,0.3014245,0.28462622,0.34354314,3645.470694057959,969.7527249662887,0.15924053369291796,0.09825617698213585,0.18560503,0.09238667,pop,pop.00075.wav,c:\Users\darsh\Documents\Codex\2026-04-27\i-am-a-first-year-computer\Data\genres_original\pop\pop.00075.wav
-38.288414,47.802376,20.052776,23.848087,19.795454,13.665192,14.684335,4.5720963,7.7137046,8.956255,5.421002,1.1439084,1.0811883,4.386656,4.5840893,2.549877,-0.24593869,4.625784,3.0101738,-1.3092594,67.641426,25.418604,20.147268,17.015038,15.719467,15.513419,10.711772,9.948593,8.924387,9.503461,7.100909,6.54972,7.322243,7.4827847,6.9178123,7.0813007,6.6923356,6.9715242,7.995398,7.319158,0.40990904,0.5047786,0.3564951,0.4057866,0.47045898,0.4968222,0.57908386,0.49399248,0.53175056,0.5529946,0.44544128,0.46121216,0.26644695,0.3092488,0.25158316,0.25796306,0.2626332,0.2770317,0.30089948,0.26887485,0.27786952,0.31397545,0.25954452,0.33714095,3544.132839481264,967.8218370210268,0.14281924221168732,0.08201173828453147,0.24529977,0.09136549,pop,pop.00076.wav,c:\Users\darsh\Documents\Codex\2026-04-27\i-am-a-first-year-computer\Data\genres_original\pop\pop.00076.wav
-34.209938,40.399307,17.51066,13.42147,13.240601,7.449265,18.183458,2.7254276,4.3396277,5.8252974,-1.1257582,3.1106064,2.4149976,-2.0906532,-1.2851561,0.15344484,2.3362236,4.32972,2.137922,2.9388883,70.90945,30.60846,22.241014,16.210026,11.786318,10.883464,11.177122,8.971408,8.489418,10.007193,8.948468,8.496901,8.150874,7.989206,8.465988,9.101361,10.190578,10.1099825,10.695821,11.114708,0.4539543,0.41113508,0.47926643,0.4473486,0.41131654,0.4935966,0.42297494,0.5063075,0.44620654,0.4796569,0.42621812,0.3673255,0.31195828,0.25224558,0.3258398,0.29918668,0.2672052,0.34455475,0.29221684,0.3283485,0.2858011,0.33093217,0.30589867,0.26450205,4037.153770826656,1137.7191375888099,0.21392576613293343,0.11606557221244702,0.23102272,0.12739554,pop,pop.00077.wav,c:\Users\darsh\Documents\Codex\2026-04-27\i-am-a-first-year-computer\Data\genres_original\pop\pop.00077.wav
-42.779434,62.799667,4.7602077,24.068392,9.642162,-1.8881843,9.252786,-2.9691231,3.1815617,5.9340043,-4.7737393,3.0194983,-1.2407999,-3.524429,-0.3243883,-1.4424752,-1.8644704,-0.031904664,-0.73046863,-0.9891401,67.92397,32.2463,26.307676,18.578995,16.607279,15.43884,14.046733,11.210793,11.427427,10.549777,9.856784,9.253278,8.388149,7.31689,7.0713305,6.8044543,7.1395807,8.054019,8.601729,8.147833,0.40752998,0.4477862,0.44402295,0.49149543,0.37540737,0.35809276,0.46695617,0.46845353,0.6189135,0.50244474,0.4496691,0.4262821,0.25743318,0.31049716,0.29091012,0.31533748,0.25636438,0.24635017,0.281807,0.26278526,0.3282703,0.29380444,0.2888075,0.2981399,3124.14935420786,972.9570316316733,0.14272098127902477,0.09283304265737555,0.22333701,0.114091,pop,pop.00078.wav,c:\Users\darsh\Documents\Codex\2026-04-27\i-am-a-first-year-computer\Data\genres_original\pop\pop.00078.wav
-273.28632,103.14759,8.722427,31.6977,12.511967,3.4922655,3.9396503,-0.16230226,-3.921683,3.2304423,-6.373685,-1.5361918,-3.213047,-6.777504,-3.8153548,-6.2407227,-5.618338,-4.015953,-2.3887515,-3.0845282,86.03298,34.67284,22.627241,13.94079,10.335473,13.713993,8.549171,8.04502,8.561924,7.737229,6.5100656,7.0709167,5.8029685,5.613756,7.1232457,6.461268,7.272011,7.077876,7.51293,7.714801,0.40551847,0.49701354,0.3364541,0.34128034,0.34419513,0.2954331,0.40691236,0.28425804,0.25554216,0.20095594,0.3187168,0.5368619,0.25415197,0.3742258,0.26871344,0.2900302,0.3137029,0.25787035,0.34552312,0.25188377,0.2595119,0.20563963,0.26297194,0.36456332,1995.3281824967328,977.4697902819355,0.07255095963138544,0.07490883312033969,0.037560895,0.019951338,pop,pop.00079.wav,c:\Users\darsh\Documents\Codex\2026-04-27\i-am-a-first-year-computer\Data\genres_original\pop\pop.00079.wav
-44.972015,69.76533,11.851114,8.137467,12.62307,7.7987547,11.307399,0.19175656,9.630409,2.8426688,3.8571947,-0.83266294,2.1378024,1.092536,-0.0684463,0.64883536,-1.4783103,3.7229264,4.5474606,4.2634854,59.464615,28.840467,20.173132,18.400345,14.286172,16.131565,11.1421995,11.323833,10.640457,9.274187,8.699971,8.024009,9.092289,9.781403,10.586325,10.301345,11.3785095,10.283215,10.876804,9.269703,0.39172503,0.42925322,0.52452606,0.38593417,0.36656564,0.43408823,0.44531825,0.59331536,0.43894,0.4132562,0.41848055,0.3619998,0.31181398,0.29248184,0.32119638,0.26955837,0.26418427,0.31540775,0.27211693,0.3401376,0.27810657,0.2957252,0.31199074,0.2581205,3151.445800513278,911.0488503451962,0.1275974899622678,0.06983669051193582,0.2157003,0.09080833,pop,pop.00080.wav,c:\Users\darsh\Documents\Codex\2026-04-27\i-am-a-first-year-computer\Data\genres_original\pop\pop.00080.wav
-137.73311,100.24318,14.383044,15.403811,2.3205364,-1.0818115,-2.1069715,-1.6870853,-5.3112006,-1.7847022,1.7484086,-6.1835394,-3.0364275,-9.783619,-6.6642976,-3.9666076,-10.177887,-2.9706817,-3.5730906,-0.6477029,62.248535,25.013264,20.00915,18.49705,15.152515,11.295533,12.087756,8.916868,11.232407,10.120052,9.705567,8.525163,8.540506,8.407382,8.723416,7.28318,7.525148,9.082899,6.789782,6.690525,0.45028332,0.32295775,0.40935874,0.33059937,0.4070856,0.5363206,0.35413915,0.42066577,0.31619075,0.37960842,0.25358304,0.25752136,0.3443099,0.22814193,0.33946508,0.2340845,0.2960441,0.33136222,0.22836018,0.34467128,0.22793211,0.2981011,0.21156429,0.19850077,2246.9998668388666,710.3990174574898,0.08601724252612229,0.04229347117417399,0.09215401,0.03490546,pop,pop.00081.wav,c:\Users\darsh\Documents\Codex\2026-04-27\i-am-a-first-year-computer\Data\genres_original\pop\pop.00081.wav
-62.043804,64.239815,29.874727,23.24483,16.247187,7.4384794,8.871021,6.4075446,7.3948216,3.0163872,1.4878421,2.9757106,1.8600916,0.543262,-0.33012378,0.8136625,1.2980133,1.1867973,0.86054564,0.09585137,50.00824,21.058605,13.784273,10.125138,10.0529175,10.171747,7.780624,8.177472,7.2818856,7.9664803,6.407523,6.270002,6.22059,6.8172693,6.542362,6.3328013,6.3254714,6.6929207,7.590363,8.063965,0.57850635,0.4059145,0.35519442,0.32312453,0.41065204,0.40948364,0.45907086,0.45565352,0.41991872,0.5172794,0.58317375,0.6276221,0.3201667,0.20786573,0.24611086,0.234158,0.30498663,0.2944915,0.32835168,0.32008845,0.25860885,0.30541736,0.2641606,0.3174505,3168.3771358678678,791.5148850162831,0.1003391513883514,0.05975121796205029,0.20798877,0.0852514,pop,pop.00082.wav,c:\Users\darsh\Documents\Codex\2026-04-27\i-am-a-first-year-computer\Data\genres_original\pop\pop.00082.wav
-104.47532,86.85541,28.76275,26.635527,8.927457,5.6745653,7.7592797,0.46634582,6.6300635,6.5633125,0.37748373,2.1488523,-0.01993804,-0.36272928,1.3109479,1.3177944,1.9381652,1.2264539,-0.12414593,0.8405374,45.6757,22.556292,18.750906,16.74128,15.404426,12.39587,9.851664,9.821133,8.800314,9.934541,9.304468,8.152048,8.534921,8.253351,8.458962,7.56612,8.226731,8.884522,9.492927,8.244192,0.33372527,0.29103187,0.24712597,0.43192512,0.27928406,0.28227374,0.19827504,0.34563562,0.3166327,0.2318053,0.3662478,0.25329903,0.33574948,0.2925398,0.19677033,0.38446426,0.24048394,0.2946506,0.17287831,0.3279475,0.2854745,0.19278882,0.34563726,0.21307623,2489.577623717522,742.5360475560685,0.08429578657120743,0.04035524591315496,0.14298287,0.04445537,pop,pop.00083.wav,c:\Users\darsh\Documents\Codex\2026-04-27\i-am-a-first-year-computer\Data\genres_original\pop\pop.00083.wav
-112.395996,59.759735,14.483949,19.190073,15.127423,-3.2115033,6.109609,-6.668194,1.4637218,-1.187687,-1.2330449,-0.7587417,1.8843272,-0.6907867,-2.2996898,-3.4926953,-3.891752,-3.3886583,-2.4311671,-2.089299,70.89735,48.264946,30.28754,16.226229,17.717081,15.875929,14.147208,12.59938,12.687444,11.764972,11.532205,10.01748,10.269611,8.744263,9.071558,8.646559,8.016236,8.920117,9.718836,9.320379,0.45842013,0.42762634,0.5455526,0.36471382,0.32673672,0.26928484,0.3391275,0.4413155,0.41015777,0.52412254,0.40912673,0.39404255,0.33848202,0.28256363,0.3433284,0.2572036,0.2928772,0.25386605,0.26256993,0.3317194,0.28574124,0.37021294,0.28319535,0.2900518,3262.336283566903,1613.3248762755131,0.13586614744582043,0.11821614924974304,0.17935272,0.097115465,pop,pop.00084.wav,c:\Users\darsh\Documents\Codex\2026-04-27\i-am-a-first-year-computer\Data\genres_original\pop\pop.00084.wav
-81.77599,78.609276,-17.260933,24.511774,8.410555,2.1446185,5.5200152,1.9346678,8.799277,-0.12229669,0.49543995,4.6422744,2.3893163,5.5083528,0.6174307,-1.808122,2.305687,7.846462,5.0109644,-3.3342338,84.58857,41.179413,33.06412,17.362541,16.45652,14.083282,14.917072,10.743087,11.123784,9.958933,8.384026,8.022702,8.812605,9.5941725,9.127861,9.115398,9.556821,12.2245865,10.188215,9.620091,0.35920733,0.39588472,0.556791,0.3690751,0.40388215,0.37990656,0.4661449,0.58626854,0.49190277,0.5583242,0.38577205,0.37272495,0.30541795,0.25438434,0.31817156,0.281765,0.30078885,0.27654153,0.29149288,0.36024487,0.26472405,0.3145802,0.2917048,0.30098146,2516.4589514571976,1023.4275279600389,0.1220960115131579,0.07674440495887433,0.19525385,0.06699531,pop,pop.00085.wav,c:\Users\darsh\Documents\Codex\2026-04-27\i-am-a-first-year-computer\Data\genres_original\pop\pop.00085.wav
-50.449287,56.41648,12.563282,11.288339,-2.739751,1.362813,4.5399694,-0.96321356,2.2894216,2.7384722,-1.9891648,2.5949512,-4.0203376,0.683096,-1.396714,3.3251173,3.028759,2.6311064,2.0771775,1.3595716,41.683662,18.90541,13.112892,13.073722,9.41133,10.787101,8.833917,8.716078,8.468237,8.214362,7.383576,7.300402,7.002166,6.6824565,6.248144,7.259326,7.7653937,8.2573395,8.013749,7.5576816,0.24643327,0.33226955,0.42219344,0.29745153,0.41530272,0.29503798,0.47763515,0.5323263,0.40382847,0.5228776,0.34093463,0.36604476,0.18809135,0.24292362,0.28472993,0.20124847,0.3226475,0.20313698,0.31425938,0.32891527,0.21520735,0.33308595,0.22028482,0.26940793,3594.167118271268,722.3497338115999,0.18523244001547987,0.07679396298969991,0.1324763,0.038686164,pop,pop.00086.wav,c:\Users\darsh\Documents\Codex\2026-04-27\i-am-a-first-year-computer\Data\genres_original\pop\pop.00086.wav
-47.05376,55.781746,27.617126,19.193428,15.186061,3.1757607,5.6275535,1.6121148,4.148368,1.6211523,-1.5870059,-3.0055182,-7.6369953,-3.8415287,-8.113685,-3.369737,-2.2721322,4.5030904,1.4371148,-0.3833655,43.489635,26.670452,20.826622,15.309708,10.529547,12.735675,9.428787,9.98081,9.339195,7.7716517,8.656077,6.7803917,8.341306,7.2004986,7.3687286,7.5569882,7.438697,7.5485554,7.9824767,6.44115,0.25362495,0.32079816,0.56827486,0.36775684,0.3066121,0.25805646,0.35463327,0.57194257,0.35798168,0.34455428,0.26324356,0.26025486,0.25369582,0.25318217,0.35563678,0.26190972,0.31256855,0.2323871,0.2492323,0.36054522,0.2421929,0.30612424,0.24460328,0.26017004,3587.4721810924966,972.5589751764932,0.1464783281733746,0.08836463346109234,0.19091529,0.046747196,pop,pop.00087.wav,c:\Users\darsh\Documents\Codex\2026-04-27\i-am-a-first-year-computer\Data\genres_original\pop\pop.00087.wav
-42.68938,54.882027,17.06182,19.76454,6.852839,2.7781906,11.820236,1.2058558,7.9387155,1.138253,-4.071282,0.13736188,-4.236571,-4.4564805,-2.5122685,-2.8911157,0.6187278,0.89942294,2.3103714,1.9261038,89.41025,33.37064,21.087587,18.309032,13.992019,16.06058,12.533037,11.107811,9.697848,9.847017,8.409517,7.9341702,8.378363,8.322556,7.6065392,7.1144013,8.391413,7.7581625,8.755997,8.545776,0.3662931,0.4376014,0.57128364,0.44461012,0.41625074,0.40239516,0.42824858,0.42743364,0.3859865,0.5119621,0.40563685,0.38040408,0.26461336,0.26578754,0.32979864,0.2827151,0.29360092,0.29747653,0.29290926,0.31123388,0.27507865,0.32643467,0.27870092,0.28731853,3510.9284752203253,1150.70622700234,0.17203410712558048,0.1055784682183664,0.23498306,0.13003686,pop,pop.00088.wav,c:\Users\darsh\Documents\Codex\2026-04-27\i-am-a-first-year-computer\Data\genres_original\pop\pop.00088.wav
-47.681934,55.53719,19.17886,24.482964,4.0398774,1.5440775,6.9665008,-1.046118,3.0828688,1.7952809,-3.035119,1.9345391,-4.678551,-2.5212111,-0.8627602,-2.2868989,-1.6915138,-3.232456,2.6129022,1.893048,89.361404,34.979435,25.197613,18.01071,12.876844,16.720034,12.4499035,11.182173,10.994795,9.158175,9.958021,9.155626,9.051362,8.870328,9.037879,10.154676,8.559494,7.9192395,9.657627,12.305382,0.36995557,0.4309669,0.61509764,0.4491152,0.45393264,0.4574719,0.5236279,0.41709268,0.35866392,0.4569343,0.36738756,0.34524548,0.26691324,0.23841728,0.32365343,0.26437184,0.32602042,0.30940548,0.32180846,0.29137468,0.24526195,0.30387542,0.2506145,0.25696695,3401.2336884828965,1119.578897286797,0.16573822682856038,0.09891643065449823,0.22054978,0.10774679,pop,pop.00089.wav,c:\Users\darsh\Documents\Codex\2026-04-27\i-am-a-first-year-computer\Data\genres_original\pop\pop.00089.wav
-44.723248,55.059227,27.137182,19.50298,14.696994,3.2040472,5.509529,1.4237081,4.4969788,1.3679072,-1.6663119,-3.5344167,-7.9148335,-3.5322046,-8.198315,-3.392684,-2.6661005,4.283488,1.3531154,-0.16799039,43.749863,26.195845,20.935965,15.078904,10.796005,12.8188715,9.480421,9.945263,9.272296,7.7115536,8.648558,6.737419,8.311955,7.2088356,7.3733525,7.2870126,7.419554,7.5482106,7.8869004,6.4317126,0.25391528,0.32017303,0.56927866,0.36994153,0.3071746,0.2588755,0.3543239,0.57432616,0.36075982,0.34526342,0.2634779,0.26026124,0.25374955,0.25192437,0.35375577,0.26149797,0.31218943,0.23359255,0.24810012,0.35906985,0.24316987,0.30536723,0.24354893,0.25871268,3603.429553551326,967.9418147157721,0.14755995428599072,0.08846918969243606,0.19408727,0.04728341,pop,pop.00090.wav,c:\Users\darsh\Documents\Codex\2026-04-27\i-am-a-first-year-computer\Data\genres_original\pop\pop.00090.wav
-8.406137,42.004875,8.2976465,17.972025,14.039091,7.345697,5.72532,-1.8997345,4.6036773,2.0709262,-1.0726748,-0.6631825,-2.4345155,-1.4743019,-3.7601752,-1.6542797,-2.3765326,0.052155014,-0.99298936,-2.6045353,55.24053,21.486536,24.456013,18.168732,14.95522,15.054895,12.853077,10.243962,10.028859,8.30354,8.096948,8.040437,7.295743,6.3219237,7.490646,7.438698,8.6748,9.044478,9.442,8.120266,0.43278924,0.49211493,0.3942549,0.4292463,0.35764262,0.40607592,0.5188548,0.41806045,0.42854655,0.36398208,0.43477514,0.41788736,0.2846484,0.33303106,0.2653361,0.3153765,0.28514054,0.30960357,0.36815083,0.29889306,0.32263717,0.26793626,0.29633054,0.31320402,3696.287748409418,877.7518842986608,0.1668300569611068,0.09941433929321998,0.2653083,0.09270406,pop,pop.00091.wav,c:\Users\darsh\Documents\Codex\2026-04-27\i-am-a-first-year-computer\Data\genres_original\pop\pop.00091.wav
-25.935339,60.872036,6.071953,17.717197,5.13251,10.431291,2.4501173,4.9244223,8.108929,3.8508587,-0.18614738,7.2528105,4.9468403,0.9169612,-2.2947693,1.5526826,0.21936403,1.9272804,2.3685062,5.4341993,56.464516,27.549793,26.09339,15.169332,13.3742075,11.371492,10.693187,10.019925,9.873549,10.2955,8.754677,7.930067,9.27628,8.130527,7.0346556,6.9558787,8.108069,8.586077,8.139163,8.304424,0.56655896,0.4689516,0.4538793,0.36338836,0.39667103,0.43671504,0.4895079,0.56091595,0.5134159,0.5046779,0.52471614,0.5686629,0.2857659,0.25521225,0.26219925,0.25351667,0.27816054,0.29856166,0.2843481,0.31566298,0.3103899,0.28684822,0.2810117,0.2859269,3271.2458605975758,931.6883723681627,0.14535890939434984,0.07793121615609189,0.22711194,0.091210596,pop,pop.00092.wav,c:\Users\darsh\Documents\Codex\2026-04-27\i-am-a-first-year-computer\Data\genres_original\pop\pop.00092.wav
-20.228376,57.77345,16.777649,18.249578,8.958152,14.899964,2.6696355,3.7526221,1.1145035,1.8456721,-5.9808383,-3.6137552,-3.6554594,0.90817404,-0.47599763,-0.40367442,-4.619457,1.9671378,1.5699369,0.54384744,35.745377,19.209364,18.446249,11.943985,10.375332,11.6717615,8.9608555,8.824469,8.549851,7.4320083,6.9966726,6.8437643,7.0848165,8.956872,8.026016,7.1846194,7.582656,9.083012,9.391449,8.398264,0.64236253,0.44509482,0.46365306,0.41968733,0.32550362,0.3821302,0.32457393,0.47023597,0.3596733,0.31916678,0.37937167,0.4513675,0.33444396,0.25134394,0.30890462,0.3043195,0.2499666,0.33538282,0.23970969,0.30996174,0.2715113,0.23799942,0.28563148,0.2677377,3258.8665238179296,626.4220436445214,0.1316624691611842,0.05899813120011993,0.24578635,0.08660694,pop,pop.00093.wav,c:\Users\darsh\Documents\Codex\2026-04-27\i-am-a-first-year-computer\Data\genres_original\pop\pop.00093.wav
-42.268806,82.17975,-2.2469733,19.916231,13.862178,0.8657801,7.92098,-0.7182553,6.8773565,-1.9071584,-4.6875606,-3.1641936,-2.94167,3.602587,-0.07809387,1.5862794,0.84904444,-1.2324394,2.538912,0.7802422,52.374798,29.91365,19.677118,13.866059,10.965286,13.30779,10.476832,9.502274,8.06405,9.043772,7.8336167,7.9021883,8.13754,9.109435,7.8007517,5.9880238,9.079991,11.505567,9.47196,7.4140654,0.4003363,0.26117945,0.28420272,0.371086,0.22010088,0.3373337,0.20660372,0.36284006,0.40698993,0.31776273,0.5383334,0.29041174,0.3265061,0.25450617,0.23072046,0.32314962,0.18105525,0.32598153,0.18239726,0.30317438,0.32980153,0.21223086,0.38350216,0.21386877,2806.432725529733,899.7542289646402,0.12854835344910992,0.059247529474173964,0.19856702,0.083767265,pop,pop.00094.wav,c:\Users\darsh\Documents\Codex\2026-04-27\i-am-a-first-year-computer\Data\genres_original\pop\pop.00094.wav
-36.629185,73.09261,39.12304,20.328524,12.4935465,2.151913,11.737693,-2.4324148,6.6467233,3.182791,-5.3805714,-3.149369,-5.7750807,-7.682376,-7.6059957,-6.8437,-6.105222,-1.5670518,2.1235185,-1.5718985,56.40974,29.320135,22.160992,18.22974,13.007394,13.456992,11.030019,11.196685,11.270935,8.7911825,9.318605,8.800878,8.362703,8.092366,7.076313,7.8302827,8.469802,8.53661,8.708997,9.01524,0.4256605,0.33311895,0.4307858,0.34950215,0.37253112,0.38702962,0.3069692,0.4409379,0.36736694,0.36404297,0.2844267,0.32608885,0.31323072,0.23799112,0.3561363,0.27459756,0.3107456,0.33537027,0.25115168,0.3518402,0.26289865,0.28867298,0.25707114,0.2692369,3046.1865869262933,985.8321226983294,0.10639353654702012,0.06583206529646518,0.3037274,0.09865164,pop,pop.00095.wav,c:\Users\darsh\Documents\Codex\2026-04-27\i-am-a-first-year-computer\Data\genres_original\pop\pop.00095.wav
-59.09869,60.998295,27.75064,23.867935,12.298356,7.3722224,12.321168,7.1516924,13.415489,2.4857318,-1.9674118,-2.414119,-4.5195565,3.4697351,2.0349872,3.7280085,2.4979272,1.2848576,3.1396012,1.6590124,58.972076,30.391306,24.983076,18.907248,13.260621,12.960728,10.157805,11.357309,9.142634,8.392098,8.795139,8.036196,10.012954,11.367634,10.514123,13.137636,10.982613,10.351435,11.297686,10.528422,0.2888214,0.2758775,0.32053757,0.32809746,0.32407135,0.44386843,0.39125654,0.3434876,0.26368707,0.3507145,0.45917404,0.2904549,0.29945678,0.2624337,0.2877872,0.30695406,0.2888567,0.36115646,0.30489963,0.31059936,0.2548363,0.3094268,0.3649565,0.2636962,3126.3938966039664,1137.9887592829612,0.10534554590750773,0.06440893787505508,0.25115368,0.06999668,pop,pop.00096.wav,c:\Users\darsh\Documents\Codex\2026-04-27\i-am-a-first-year-computer\Data\genres_original\pop\pop.00096.wav
-125.53952,51.196957,38.517105,14.491696,16.232536,4.6429577,12.308261,1.1730317,1.7245497,9.770825,-2.8224163,2.07893,0.85300976,-0.50384974,1.3426533,-0.8620617,0.4848825,4.129414,1.749743,8.2345915,73.49762,34.00556,33.58128,22.16994,16.51214,14.833392,14.79433,13.25966,9.407231,10.808727,9.272698,9.1399555,8.270905,7.4203005,7.490239,8.206216,8.383101,8.512763,8.644495,10.85382,0.44630587,0.42416406,0.491338,0.42175883,0.4402231,0.42211616,0.40637416,0.5062411,0.5425052,0.5932072,0.47701782,0.43239146,0.29719397,0.2655428,0.33172053,0.27784795,0.28535962,0.28205794,0.24435604,0.31043744,0.33871055,0.3654853,0.29236242,0.25316754,3510.042356894514,1511.7661482951257,0.13724822525638544,0.14166575104819387,0.20417361,0.1400683,pop,pop.00097.wav,c:\Users\darsh\Documents\Codex\2026-04-27\i-am-a-first-year-computer\Data\genres_original\pop\pop.00097.wav
-26.93658,46.71037,8.7081785,8.604124,6.086184,12.425231,6.958877,2.5068421,1.1593012,7.25731,-3.1307192,1.2537664,3.838255,4.690354,1.7137886,-0.9803976,-1.3044107,-2.6919029,-1.2717874,-2.4849613,66.547066,24.287046,23.492336,19.003363,11.044224,12.229628,12.219382,11.645808,11.426617,9.012418,10.2274,9.494127,10.754309,10.054538,11.105569,9.591424,9.627749,8.944665,8.816817,10.111669,0.4864715,0.36533067,0.42045757,0.39427817,0.4274326,0.27212846,0.30018476,0.41702685,0.38852412,0.46039805,0.38224193,0.47761905,0.33909053,0.26690125,0.32914433,0.2864232,0.3267641,0.2500055,0.2561952,0.31979278,0.29363164,0.34275278,0.27077797,0.32270452,3634.106563927481,820.1911985984315,0.18310584667666407,0.088114889256061,0.21293947,0.07502681,pop,pop.00098.wav,c:\Users\darsh\Documents\Codex\2026-04-27\i-am-a-first-year-computer\Data\genres_original\pop\pop.00098.wav
-119.34646,85.94366,33.886936,9.992517,17.70141,0.5190522,9.565488,-5.299009,4.170094,8.122251,-7.9776335,1.5659163,-2.933183,-1.6069088,-0.19922574,-2.4307659,1.2062728,5.8464403,1.6082752,7.58336,67.550606,26.239353,21.38457,13.475892,11.026413,14.622502,11.424294,13.402918,9.898433,9.893081,10.140719,8.330488,7.619242,7.475666,8.197813,7.3709865,8.336176,11.328529,11.168813,10.936997,0.3551454,0.3867629,0.28128922,0.30975714,0.41917914,0.2930357,0.3584457,0.33452603,0.4340888,0.3701816,0.3376684,0.44631287,0.280177,0.33922517,0.26409528,0.26376665,0.348412,0.23667568,0.31732118,0.25676984,0.3297902,0.31228793,0.26471198,0.33648762,2765.6481348893653,916.7970203860294,0.09601491449787151,0.06038996347141779,0.13814604,0.0503288,pop,pop.00099.wav,c:\Users\darsh\Documents\Codex\2026-04-27\i-am-a-first-year-computer\Data\genres_original\pop\pop.00099.wav
-159.4762,104.848114,-10.300141,34.656025,-4.9666266,26.805262,-21.953398,23.45208,-14.029752,19.586172,-8.298798,9.717497,-10.065849,1.4203507,-6.502981,1.0738482,-9.211351,3.2851348,-0.76430565,3.762076,57.44624,19.543415,22.167004,16.802273,12.636354,11.366102,11.649114,10.267089,9.367115,10.263371,9.917136,10.637546,9.811887,7.86909,8.79731,8.2,9.433476,8.684373,9.3047285,10.20959,0.2525677,0.4453452,0.32408652,0.24812542,0.41225284,0.37136233,0.42026645,0.27146947,0.30113974,0.38419038,0.2658874,0.24984697,0.21797706,0.3568323,0.28096154,0.25325572,0.35302648,0.28599086,0.36850294,0.23230927,0.26741397,0.3384392,0.23561794,0.2586098,2133.437132679841,525.8420492003531,0.09781082200561146,0.03579468036068824,0.09414241,0.042095684,reggae,reggae.00000.wav,c:\Users\darsh\Documents\Codex\2026-04-27\i-am-a-first-year-computer\Data\genres_original\reggae\reggae.00000.wav
-190.91765,127.40976,-3.7634392,26.71416,-12.804949,23.936832,-8.225953,9.973004,-12.233067,13.443711,-7.079032,1.6518703,-14.517787,-3.2188597,-10.451734,-3.4889703,-9.745509,-3.9056628,-7.6496854,-3.5429668,54.289444,27.926023,20.739235,11.38434,11.202205,8.805427,9.735061,10.677637,8.942632,8.892957,8.735717,7.9871516,7.533698,8.514991,7.6619253,6.9878397,7.213806,7.761218,7.926372,7.448299,0.39157268,0.50653595,0.2514882,0.18526798,0.22217205,0.44646975,0.39248198,0.3986361,0.5794608,0.30946037,0.2729948,0.23159605,0.2846624,0.33487362,0.1944069,0.19304135,0.1766654,0.31395057,0.3373068,0.2500608,0.34844878,0.24273117,0.30297175,0.21275923,1638.9674121345956,639.8554885028834,0.06396144241002322,0.036835097891346,0.08202816,0.040169694,reggae,reggae.00001.wav,c:\Users\darsh\Documents\Codex\2026-04-27\i-am-a-first-year-computer\Data\genres_original\reggae\reggae.00001.wav
-189.03758,110.847466,2.9524722,48.38527,-6.4148865,20.739729,-12.55073,15.89101,-13.612209,9.429014,-8.036865,8.099243,-10.633535,-2.542347,-4.712573,-1.0250477,-3.2118282,2.6939585,-3.9863682,2.8767805,79.614685,26.81653,25.145855,17.913008,13.849787,15.606926,12.989926,11.889963,11.420591,11.249466,9.365616,9.451798,10.105441,10.415137,7.871559,7.75364,9.389412,9.6439495,7.5375657,8.480173,0.3842522,0.3756834,0.44579762,0.34911108,0.44443074,0.39800242,0.47173274,0.3646318,0.24933992,0.23229884,0.30473137,0.5221445,0.27447686,0.2988527,0.3214648,0.2515108,0.35585195,0.29148978,0.33119673,0.27203444,0.23347329,0.23876895,0.2312483,0.364056,1797.2984668713393,653.6927354423228,0.07512652984713622,0.04207189472459372,0.092480436,0.04284489,reggae,reggae.00002.wav,c:\Users\darsh\Documents\Codex\2026-04-27\i-am-a-first-year-computer\Data\genres_original\reggae\reggae.00002.wav
-201.14635,104.14866,-15.473289,30.804382,14.2523155,31.42222,-7.867557,17.963144,-4.0559983,16.943935,-11.217154,12.121105,-5.2871847,-0.686693,-1.3800302,3.932362,-5.861718,1.0428141,-2.9809184,-1.3651696,73.91918,33.57895,27.634638,17.736382,17.306147,14.770944,15.006351,13.770473,10.724529,10.016441,10.195489,9.701809,9.615592,10.532212,8.903572,8.876927,8.215485,8.233598,8.817557,9.784993,0.31082886,0.46444702,0.4206672,0.36220363,0.51419955,0.4249355,0.38030288,0.27607247,0.34036505,0.47971672,0.36656263,0.35581902,0.23339027,0.32662395,0.31167102,0.29408267,0.3310919,0.30553722,0.31469774,0.23288149,0.26343846,0.37663624,0.27478206,0.28365386,1924.062787400072,830.2872676958027,0.08493448263351393,0.06347003014835992,0.094160885,0.04642554,reggae,reggae.00003.wav,c:\Users\darsh\Documents\Codex\2026-04-27\i-am-a-first-year-computer\Data\genres_original\reggae\reggae.00003.wav
-175.64171,104.896675,-15.691057,27.549057,-8.112591,24.010681,-10.335524,18.850737,-8.387437,11.847504,-7.5933056,12.55491,-6.044676,2.4995797,1.908294,7.1437817,-3.3788838,12.449427,-3.3393536,0.75244975,83.98261,29.60338,23.650698,19.392006,15.620262,14.10279,16.009117,13.67945,13.580803,12.62014,11.604511,11.233837,9.770432,10.774712,9.204861,9.169251,9.32724,9.661757,8.417544,9.460772,0.35420036,0.4860823,0.33200258,0.290547,0.4102309,0.36805692,0.4159714,0.379303,0.48801306,0.5612694,0.39109445,0.34562424,0.25714475,0.34042442,0.28740448,0.25059947,0.30327138,0.2837872,0.32153383,0.28289068,0.3098131,0.3484234,0.27426597,0.27516624,2009.3766964303295,701.2091330922617,0.08446849905669504,0.04918898307252047,0.10106945,0.05232611,reggae,reggae.00004.wav,c:\Users\darsh\Documents\Codex\2026-04-27\i-am-a-first-year-computer\Data\genres_original\reggae\reggae.00004.wav
-176.69528,116.83858,-21.32323,38.76649,-5.4716187,26.62239,-8.185519,15.780884,-10.489778,11.041742,-10.061267,9.915605,-3.2601383,2.817187,-2.5358472,-1.4068649,-9.888324,3.0774343,-0.2820031,1.9877512,73.52381,28.4603,23.116747,15.649288,18.877062,13.599817,13.675996,10.237658,10.568616,10.87732,9.144531,9.204191,9.336797,8.703682,8.798265,9.319803,9.417654,9.827904,9.507109,9.039916,0.46707007,0.3754575,0.4064281,0.4873963,0.38573655,0.34364927,0.35308683,0.48682198,0.25760937,0.2095309,0.28239483,0.320168,0.3512676,0.28349835,0.29276785,0.34060493,0.30031136,0.32129514,0.2848742,0.3607123,0.21352443,0.20694117,0.26866633,0.25989562,1798.6538836861723,628.496334126617,0.07305095660797213,0.04155342918074895,0.1003339,0.050014418,reggae,reggae.00005.wav,c:\Users\darsh\Documents\Codex\2026-04-27\i-am-a-first-year-computer\Data\genres_original\reggae\reggae.00005.wav
-207.34694,134.66908,-9.072053,38.461567,6.2944055,22.612717,-8.297777,16.307375,-8.460724,4.1607494,-4.3510094,6.347874,-6.9025645,0.9577758,-0.9435606,-2.5334957,-6.1084275,2.4835787,-6.168632,-4.5849576,71.95504,33.263264,26.917809,20.662737,19.95485,13.584485,17.714527,12.317659,11.017837,11.835189,10.534742,9.60855,9.364231,7.95147,8.211398,8.081419,8.100027,8.07879,8.565159,6.497325,0.33880362,0.5047713,0.43150425,0.32439253,0.37427515,0.2529695,0.26851928,0.22439773,0.35618925,0.41326454,0.2887767,0.3313309,0.2479986,0.3674532,0.3352998,0.26766098,0.33362952,0.21839036,0.2963249,0.20970622,0.31107804,0.34567055,0.24338445,0.29422614,1418.2807056387026,739.0556343102762,0.060822383538119196,0.05101173401405865,0.10510129,0.050817244,reggae,reggae.00006.wav,c:\Users\darsh\Documents\Codex\2026-04-27\i-am-a-first-year-computer\Data\genres_original\reggae\reggae.00006.wav
-192.26953,116.49671,-10.948332,29.89508,-0.64370245,21.415995,-11.890398,18.631174,-13.072376,14.4536705,-7.3830028,4.824288,-2.8118994,3.11156,-1.6245098,-2.3962562,-6.515826,-1.4116211,-5.53472,-2.5470498,70.8992,25.799955,26.942112,20.428066,18.551744,11.947805,20.070549,12.477192,12.627946,12.103234,11.798382,10.385796,10.729826,9.265068,8.539777,9.837371,9.4031,7.6268897,8.385783,9.274637,0.41210324,0.35843438,0.4703191,0.41286802,0.35298902,0.47796705,0.34726718,0.3034397,0.28608248,0.34972608,0.4808789,0.37992424,0.32918677,0.2386359,0.31929436,0.33174974,0.28150362,0.33404237,0.25679833,0.29064137,0.256294,0.26366886,0.34362373,0.2843073,1754.296876028464,676.2418969658652,0.07391149562209752,0.044730506407744765,0.09057761,0.03905056,reggae,reggae.00007.wav,c:\Users\darsh\Documents\Codex\2026-04-27\i-am-a-first-year-computer\Data\genres_original\reggae\reggae.00007.wav
-194.59451,118.551735,-6.4070854,40.793236,-3.2897935,25.464678,-9.305264,11.397987,-6.1488485,15.341208,-5.157906,5.756854,-6.2863235,5.8656626,-2.8015068,2.5843725,-4.748822,4.5274935,-3.1933517,-0.3205058,76.894936,33.72074,24.331434,22.474861,17.969364,12.3280115,15.336753,12.792352,14.186338,11.301659,10.27188,9.137057,10.233524,10.3036375,11.422194,8.7031355,8.968412,9.431663,9.305865,10.168597,0.3597657,0.4164679,0.54479086,0.4196762,0.28389063,0.29313746,0.33239514,0.4293962,0.2903607,0.35505244,0.38071024,0.31922576,0.31066227,0.31001845,0.37112355,0.32725215,0.23370014,0.2669824,0.2533609,0.35900986,0.25352502,0.29514152,0.3188913,0.26347086,1691.9918927541255,706.5910589524012,0.06947274695239938,0.045968972309658976,0.10185106,0.047887698,reggae,reggae.00008.wav,c:\Users\darsh\Documents\Codex\2026-04-27\i-am-a-first-year-computer\Data\genres_original\reggae\reggae.00008.wav
-232.59302,131.23955,2.662842,18.392391,11.315528,22.940382,-10.487954,16.763714,-15.250354,15.54302,-8.380157,8.023414,-3.7811055,3.1112142,-1.4120816,3.2603438,-4.1057906,2.9342403,0.38328403,0.012208472,80.03519,36.609077,24.731565,17.375713,17.56961,15.980235,16.42072,12.785229,13.11486,11.66689,11.534479,9.968343,9.918809,9.221435,8.3072405,8.41052,8.296211,7.256981,7.8313947,7.938723,0.51711303,0.44506538,0.35605857,0.41752926,0.3041242,0.27895758,0.23927064,0.38553682,0.48202014,0.4087476,0.38554746,0.37587813,0.34160015,0.33472887,0.29677817,0.32651666,0.23596221,0.2642808,0.20933524,0.32344738,0.35629734,0.33357102,0.315908,0.25210565,1609.7558037303509,1026.232567160231,0.06057597535313467,0.04951183818621845,0.08663683,0.04325848,reggae,reggae.00009.wav,c:\Users\darsh\Documents\Codex\2026-04-27\i-am-a-first-year-computer\Data\genres_original\reggae\reggae.00009.wav
-233.61296,87.49833,-22.208412,52.046257,-8.596837,24.979408,-18.240002,1.8987337,-9.137019,-0.22734675,-17.065607,-3.0177414,-9.790683,-8.786684,-7.723598,-2.1792302,-13.649117,-6.4862905,-9.148553,-12.729436,70.68214,30.409544,20.113588,18.57143,20.34332,10.129725,18.138481,10.66179,10.457408,9.238912,10.102762,9.281795,9.307133,7.946996,8.075295,8.341578,10.587912,6.874307,8.663534,7.9445624,0.31722534,0.28681478,0.38844234,0.2770606,0.23624827,0.17646791,0.20828602,0.38681865,0.30192745,0.3273069,0.2646764,0.3680383,0.32481125,0.2660634,0.3705306,0.25030607,0.29194933,0.21823864,0.21645045,0.362149,0.26174727,0.35327917,0.23986426,0.34790534,2149.7748681954477,836.3917055027446,0.10279038373161764,0.07014406672519193,0.061662752,0.041984536,reggae,reggae.00010.wav,c:\Users\darsh\Documents\Codex\2026-04-27\i-am-a-first-year-computer\Data\genres_original\reggae\reggae.00010.wav
-198.6328,102.41357,-10.031449,30.802383,-3.3106058,20.276924,-5.637373,28.09563,-11.512123,18.202065,-7.3657823,12.278468,-4.36051,11.4029665,-3.4694695,2.0161312,-6.987338,1.1139208,-1.4947573,1.9552054,69.82245,22.857038,25.073046,17.655514,15.686373,12.100144,12.116552,10.646369,9.615289,9.288545,8.801789,8.849417,8.292119,8.187193,8.434873,7.5353317,8.530016,8.004199,8.802957,8.18856,0.4712324,0.40669647,0.5340389,0.45323107,0.4799988,0.3231111,0.36767334,0.3795187,0.33306867,0.38590378,0.39720452,0.49033624,0.32267368,0.26735198,0.35461426,0.3063713,0.3469233,0.2597012,0.27097216,0.3150548,0.28583992,0.318198,0.29640844,0.31501028,1995.6005146508553,545.0741464630041,0.07032270401993033,0.03830244686763856,0.07841224,0.042676162,reggae,reggae.00011.wav,c:\Users\darsh\Documents\Codex\2026-04-27\i-am-a-first-year-computer\Data\genres_original\reggae\reggae.00011.wav
-191.17174,96.340126,-17.656992,24.872456,-0.87806803,26.34468,-12.918914,19.642458,-9.785497,16.977057,-8.600345,11.42141,-8.215001,5.9677954,-1.8638285,5.9602714,-8.060111,3.3991616,-2.631839,-0.7988751,72.85303,31.431581,26.020908,21.617496,19.009548,15.704108,16.971542,14.812453,11.563431,10.326155,10.645117,9.67559,9.649078,10.006848,7.762859,7.668952,7.967424,8.731896,8.714776,7.626014,0.44543463,0.38561115,0.3483833,0.36160728,0.49306846,0.39485243,0.3660377,0.49756038,0.50149345,0.57555425,0.38978204,0.36900988,0.31214818,0.27125847,0.2769617,0.26801464,0.31040752,0.30236498,0.26538822,0.3063587,0.27690184,0.35302582,0.25578782,0.25631747,2300.0529187574825,952.2549798855363,0.1137952302631579,0.08840022252356414,0.075578645,0.042568274,reggae,reggae.00012.wav,c:\Users\darsh\Documents\Codex\2026-04-27\i-am-a-first-year-computer\Data\genres_original\reggae\reggae.00012.wav
-206.49236,122.64486,-0.6156087,29.371662,10.252774,28.223461,-9.921397,13.379462,-8.442613,11.284243,-7.2747073,7.0825186,-10.333574,1.9441687,-6.532225,-0.21489099,-7.540655,0.41365618,-1.6585841,-0.16715996,80.26113,30.435024,29.32755,16.715025,18.063194,13.845476,15.647547,12.387285,12.137276,14.031379,11.35216,10.277169,10.783051,9.503107,11.2057085,9.943156,9.848377,8.994432,9.685995,11.036977,0.31521317,0.38622314,0.5013999,0.38106337,0.4076848,0.386149,0.44240338,0.3153112,0.2830038,0.30716935,0.2801993,0.34028983,0.28811297,0.2889117,0.3487516,0.27542645,0.35128978,0.3246493,0.352203,0.2657388,0.2543807,0.29364392,0.270269,0.3289235,1606.560170615663,794.6074196600532,0.07054114563177244,0.05929702345633586,0.11165976,0.051021628,reggae,reggae.00013.wav,c:\Users\darsh\Documents\Codex\2026-04-27\i-am-a-first-year-computer\Data\genres_original\reggae\reggae.00013.wav
-209.72826,105.235115,2.5971057,34.906914,15.330765,25.211895,-6.0549407,18.22258,-5.076517,8.924583,-0.99670994,8.245265,-4.022234,4.729955,-1.0536166,3.0564938,-4.5925846,4.2480564,-2.1156552,-3.6582186,81.99923,36.137238,28.509645,20.103964,18.70345,13.570322,17.106848,14.683523,14.453991,11.243631,11.157993,9.520322,9.8440485,8.65688,9.71095,8.130743,8.522699,7.9490824,7.1281157,9.4763775,0.4100148,0.33515403,0.35355258,0.34619814,0.42625362,0.3285123,0.3048579,0.39081624,0.468426,0.59312963,0.4121624,0.37080276,0.29702982,0.2520391,0.3190071,0.27186534,0.3269273,0.26864085,0.2659395,0.32772484,0.3093973,0.36322457,0.26436386,0.27972698,1716.1117225999903,959.423985220608,0.06411563648897059,0.05822072335346724,0.11409616,0.06342325,reggae,reggae.00014.wav,c:\Users\darsh\Documents\Codex\2026-04-27\i-am-a-first-year-computer\Data\genres_original\reggae\reggae.00014.wav
-157.72598,109.83527,8.463048,41.79172,5.113608,25.760815,-12.964588,22.066961,-15.514671,14.372681,-11.921099,11.602117,-10.626172,4.125749,-4.0515113,3.4704802,-8.407584,1.7806472,-5.242628,-1.4668235,62.134895,29.063192,22.807375,16.599201,14.19953,13.9196415,13.700433,11.061133,11.176078,11.576603,8.917394,9.246172,8.549434,8.464656,8.969308,8.237582,7.6351185,7.4040995,7.4892926,8.932632,0.3288823,0.34555647,0.44720703,0.4185063,0.32902,0.41487333,0.3091355,0.3211605,0.28525376,0.30162555,0.44830114,0.35412043,0.2871461,0.28217694,0.35367152,0.33867028,0.24784565,0.3419083,0.25725725,0.31684914,0.25997064,0.25378552,0.366996,0.2931758,1923.7123234958624,814.6537902095738,0.06821916420762383,0.04309297372704605,0.13193196,0.05458763,reggae,reggae.00015.wav,c:\Users\darsh\Documents\Codex\2026-04-27\i-am-a-first-year-computer\Data\genres_original\reggae\reggae.00015.wav
-76.048325,101.127174,-11.631933,46.232918,-11.2169285,31.394114,-9.462058,22.460752,-16.815596,15.975832,-9.508244,11.812327,-7.8450184,9.720803,-7.2474904,6.17486,-8.610062,8.070505,-5.5852027,3.7330098,61.589226,17.499205,20.722202,11.669187,8.7923,8.702266,9.219526,7.420934,7.500181,7.8716745,7.331257,7.2296576,6.8085537,6.1020994,6.2457104,6.437391,7.5374117,8.113803,7.6883593,6.930441,0.47217742,0.4810464,0.510152,0.38702172,0.40975815,0.36335045,0.4198075,0.2889252,0.32970357,0.37497473,0.39419925,0.60313547,0.28007993,0.27531374,0.31892693,0.23973477,0.3073825,0.23954414,0.29233566,0.21832891,0.23271799,0.25866053,0.22156696,0.3472741,2118.326028871004,474.5591623378415,0.07927087364551083,0.03588569373134594,0.18559653,0.0487323,reggae,reggae.00016.wav,c:\Users\darsh\Documents\Codex\2026-04-27\i-am-a-first-year-computer\Data\genres_original\reggae\reggae.00016.wav
-154.8781,110.041916,-18.444853,36.64433,0.52315885,31.586283,-10.428807,18.81091,-7.1827836,13.130121,-5.251168,8.890394,-6.71836,6.0094323,-2.8002794,3.637413,-2.2208931,5.30364,-6.5800443,-2.9349852,68.32787,37.387165,24.625887,18.527454,20.655127,13.735361,17.954874,11.66264,14.965903,11.595824,11.365354,9.416307,10.993164,9.908146,9.112642,8.007191,9.957944,7.989599,7.906758,8.207758,0.4119343,0.4435756,0.36654535,0.30407175,0.41278908,0.35661158,0.4717172,0.41038737,0.46190703,0.5120477,0.46254233,0.49729764,0.2982523,0.29237476,0.2687346,0.21678983,0.32760462,0.26562905,0.32950735,0.29410103,0.29160252,0.33061752,0.28963646,0.3411722,1803.5661063308723,812.0345431879231,0.07796513702109133,0.05959570950443023,0.13965924,0.059971727,reggae,reggae.00017.wav,c:\Users\darsh\Documents\Codex\2026-04-27\i-am-a-first-year-computer\Data\genres_original\reggae\reggae.00017.wav
-170.9219,107.74944,-1.7545495,46.44016,-0.19604416,24.946032,-10.681295,18.073284,-10.796637,11.152104,-7.2524505,6.203107,-6.464094,2.0463712,-2.440873,2.5579047,-4.042341,0.79381096,-3.7560375,-1.6679442,71.68163,31.161774,23.32674,15.133689,18.565159,13.6785755,14.136491,10.936794,12.872545,10.59905,10.825948,9.590996,9.920986,9.224736,7.908178,7.5837445,6.965419,7.1847563,7.7473087,6.3233614,0.41509655,0.36234695,0.41755283,0.39491192,0.44175106,0.41198513,0.31761554,0.31300643,0.3328587,0.52951473,0.4212854,0.37711185,0.30106267,0.24896316,0.33877048,0.30719212,0.31627592,0.31958365,0.24425748,0.25117853,0.24971169,0.36897543,0.28926262,0.27897513,1907.381884489025,868.3066543658438,0.07739862495162539,0.05845871678912975,0.10636914,0.05186345,reggae,reggae.00018.wav,c:\Users\darsh\Documents\Codex\2026-04-27\i-am-a-first-year-computer\Data\genres_original\reggae\reggae.00018.wav
-184.51595,106.18037,4.020249,38.737694,8.408315,30.45933,-3.3555884,20.299545,-1.55138,15.922177,-6.5210133,13.197273,-1.7158338,6.852844,-3.2387495,1.8637657,-6.049035,3.5135026,-7.4141216,-1.7434583,92.138084,34.65552,28.459991,16.612593,23.556368,12.368804,19.47851,11.401656,12.894393,9.799732,10.174272,9.387106,10.346053,11.469982,8.633396,8.227418,8.422943,7.6266365,9.127478,7.735954,0.44407317,0.48680803,0.38907334,0.28382128,0.29641458,0.38433456,0.32904482,0.31055328,0.393507,0.41240463,0.4929628,0.5036234,0.31712204,0.33918396,0.30708948,0.27156618,0.27465877,0.32900095,0.26886186,0.27573714,0.3027999,0.32432535,0.3396036,0.34914574,1754.5284525268162,955.9632528965839,0.07129926651993033,0.06445115865730949,0.13875468,0.06816056,reggae,reggae.00019.wav,c:\Users\darsh\Documents\Codex\2026-04-27\i-am-a-first-year-computer\Data\genres_original\reggae\reggae.00019.wav
-177.68387,113.61754,2.3168926,35.842815,1.5947576,34.69798,-8.75585,16.296055,-9.33526,14.175699,-2.0734396,13.142423,-7.2475615,3.5860155,-0.5792335,4.835953,-3.5922883,3.7729363,-4.3120465,-1.1142004,77.68805,28.768337,22.29452,18.348347,16.169128,12.357512,16.221733,12.963264,13.417856,11.198152,12.284768,11.467374,11.327326,9.513617,8.685482,8.926635,10.25983,7.4741383,9.468852,7.9155083,0.3324558,0.33444002,0.5401888,0.43444,0.41757604,0.3307753,0.34420073,0.39415053,0.31446603,0.3171553,0.3038045,0.3875523,0.27344707,0.23750289,0.37092224,0.30300653,0.33320558,0.28401023,0.27466923,0.35726082,0.28223222,0.27760097,0.25698507,0.3309263,1637.9263684990146,758.277709838855,0.05678045786571207,0.04789884175603162,0.13927479,0.05313525,reggae,reggae.00020.wav,c:\Users\darsh\Documents\Codex\2026-04-27\i-am-a-first-year-computer\Data\genres_original\reggae\reggae.00020.wav
-88.0909,109.416725,-25.173023,40.403038,-8.781225,24.709513,-11.537566,18.499166,-8.2953205,17.03021,-8.444006,9.80278,-12.90077,1.572021,-10.528803,-0.43553224,-7.793019,3.4446898,-4.9788017,0.058966905,38.995277,21.043737,17.716433,12.394756,11.6407585,12.198535,12.172414,8.76751,8.941944,7.984633,8.625374,7.086171,7.3440804,7.404782,6.804419,6.695705,6.8537045,6.540631,8.376791,7.4798455,0.38086507,0.35730374,0.4653242,0.38278922,0.40719062,0.39690492,0.43957236,0.4995947,0.36837265,0.35740763,0.28410387,0.3410274,0.30581105,0.26527503,0.33408403,0.272624,0.31705543,0.29178005,0.28916073,0.34584787,0.24633831,0.28921533,0.22238965,0.26292974,2007.372657971661,524.6149174193421,0.09286754123935759,0.039902825540715704,0.15503213,0.06251937,reggae,reggae.00021.wav,c:\Users\darsh\Documents\Codex\2026-04-27\i-am-a-first-year-computer\Data\genres_original\reggae\reggae.00021.wav
-91.33977,98.830605,-23.198654,46.879734,-6.857409,29.266338,-9.967306,25.659388,-10.211893,19.611229,-8.21838,13.407227,-6.499761,14.019779,0.41123486,12.5813265,0.34520662,10.107013,-0.43188736,1.2852145,55.248653,21.692743,18.170856,15.179002,10.567939,11.150141,10.721276,8.621002,8.4621725,9.588784,8.55943,7.1445894,8.15105,6.615779,8.342882,5.8194566,7.235408,6.149981,6.9262815,7.8263817,0.45943528,0.5348799,0.46977645,0.41539383,0.45319274,0.40312558,0.38558644,0.37312552,0.45663357,0.55504954,0.47124106,0.48768833,0.29147366,0.3197134,0.29207632,0.27680364,0.29470387,0.28242064,0.29081813,0.26825836,0.28793558,0.32556546,0.2661419,0.30062085,2059.3588992585837,493.25667142180646,0.0723423441128096,0.03569558494854113,0.18218318,0.046521153,reggae,reggae.00022.wav,c:\Users\darsh\Documents\Codex\2026-04-27\i-am-a-first-year-computer\Data\genres_original\reggae\reggae.00022.wav
-161.81602,78.712814,-19.275562,55.11339,13.201412,30.957823,-7.0246763,24.269943,-12.833858,21.512707,-13.528581,12.772058,-7.4467325,12.766994,-3.334874,9.13467,-7.7527347,0.641076,-4.0955224,0.50137186,70.07312,30.722244,19.571104,16.013895,14.476845,12.2300005,13.301794,9.997947,11.920069,11.15553,8.951412,7.875666,8.223127,8.015345,7.5500755,7.4812202,7.376274,7.87036,8.142917,10.491751,0.31991732,0.36487323,0.41507095,0.4991586,0.3587309,0.37993684,0.45269394,0.40035033,0.45421064,0.5083173,0.5626213,0.42584828,0.22947061,0.27068755,0.2892408,0.349232,0.24102952,0.2558476,0.30860043,0.26756796,0.32154182,0.31346285,0.33345294,0.28494295,2354.2710703063417,859.5887613581737,0.1202902779121517,0.09112250223852493,0.1078041,0.0524487,reggae,reggae.00023.wav,c:\Users\darsh\Documents\Codex\2026-04-27\i-am-a-first-year-computer\Data\genres_original\reggae\reggae.00023.wav
-169.24367,110.447716,-8.553957,43.898697,0.26645374,26.64651,-14.365674,13.026837,-11.142896,8.144701,-7.6902556,10.909969,-8.172387,2.8046381,-6.414233,1.1023636,-4.2614355,4.3270764,-3.458248,1.2084926,76.76116,34.8729,22.23799,18.108244,15.674194,11.998334,16.124859,11.390906,12.906303,10.958412,10.152739,8.84172,9.6020975,9.550879,8.581099,8.543813,10.386978,10.810783,9.219695,9.4353695,0.41218948,0.3333881,0.38963598,0.37034884,0.3089369,0.38676327,0.28832594,0.32933483,0.24285893,0.29751685,0.42281377,0.40194538,0.3461801,0.28086317,0.33463734,0.3235453,0.28298396,0.35996988,0.26319632,0.33756778,0.22283073,0.2755811,0.33727062,0.2972102,1811.3582154873116,810.1451025407114,0.0721775680872678,0.05171073026795023,0.12365177,0.053080305,reggae,reggae.00024.wav,c:\Users\darsh\Documents\Codex\2026-04-27\i-am-a-first-year-computer\Data\genres_original\reggae\reggae.00024.wav
-177.34091,110.98351,-15.655527,36.77763,0.06121845,24.468962,-3.7678869,18.426622,-3.3727522,13.775833,-2.1070578,8.59365,-5.94512,2.9016984,-5.2763124,-3.0622096,-6.2044888,2.0515826,-0.9910093,2.3013546,90.30092,31.67988,31.575394,17.347267,19.04671,13.633293,16.28672,13.589874,14.338096,10.315824,9.607918,9.754894,10.273202,8.799196,9.325435,9.626973,8.985134,9.178565,7.879323,9.874729,0.36456656,0.29946318,0.41703552,0.36632788,0.44431925,0.38189578,0.32423502,0.42623988,0.3665163,0.33390382,0.27150863,0.35385787,0.33395085,0.24929069,0.34119716,0.27818438,0.34223348,0.32888967,0.2558583,0.3498761,0.29457438,0.31758425,0.24930324,0.30395266,1709.0354342543874,774.6447834637473,0.07374974300986842,0.051299621555574666,0.1267832,0.05457451,reggae,reggae.00025.wav,c:\Users\darsh\Documents\Codex\2026-04-27\i-am-a-first-year-computer\Data\genres_original\reggae\reggae.00025.wav
-171.67456,99.35704,-8.266291,49.604023,1.0877643,31.122862,-7.1348906,15.8882,-1.36541,12.733199,-5.1999,11.8099785,-5.3254657,3.1670113,-6.6942806,0.02668174,-7.726804,6.69701,-3.7591057,-1.7928301,85.864944,30.394485,25.436394,19.854372,19.57678,13.568796,14.917634,11.706418,13.5219755,12.246623,11.084176,10.322798,10.080655,10.08505,8.792194,8.443331,11.482387,10.955788,9.52088,9.999058,0.39167657,0.3856572,0.41640252,0.37030068,0.47363645,0.42309338,0.4651466,0.40625298,0.296951,0.3133183,0.361783,0.52836615,0.30572233,0.29007542,0.32151535,0.26022217,0.34243646,0.31486306,0.31498426,0.31705317,0.24391928,0.2880412,0.28444794,0.36695993,1840.8054757537875,771.2713640112629,0.07455850607101393,0.047762171574204,0.13427873,0.059198074,reggae,reggae.00026.wav,c:\Users\darsh\Documents\Codex\2026-04-27\i-am-a-first-year-computer\Data\genres_original\reggae\reggae.00026.wav
-177.61339,89.9523,4.605283,40.16279,0.16708124,23.182535,-9.905035,12.762709,-7.308214,18.732483,-5.735256,6.114346,-9.921317,0.27476895,-8.231639,3.866412,-6.8660936,2.1783082,-2.3552926,1.8247569,83.23368,31.85312,27.255379,23.16176,17.69731,13.971967,15.250513,12.197412,11.940358,11.527488,11.320279,10.835125,10.13418,10.117082,9.369089,9.08038,8.988584,7.333332,9.110042,7.8503776,0.4779183,0.39063987,0.35972002,0.330804,0.45201078,0.45793563,0.38987932,0.46297926,0.37913516,0.34752747,0.35001555,0.4462432,0.35013705,0.2968533,0.29728568,0.26427084,0.34153065,0.3588029,0.29268718,0.3376412,0.27964187,0.30525118,0.2818174,0.32322422,2086.5315028359455,911.328301486395,0.08737815644349846,0.07514190382036555,0.12768055,0.071653925,reggae,reggae.00027.wav,c:\Users\darsh\Documents\Codex\2026-04-27\i-am-a-first-year-computer\Data\genres_original\reggae\reggae.00027.wav
-256.31827,104.26259,-7.273195,56.246433,11.097317,27.300398,5.819085,17.783636,-1.2736737,14.663482,-3.4646602,10.868228,-2.461492,1.5637312,-3.7310224,-1.3596017,-4.2055964,1.3962828,-0.2764056,-1.6045073,95.21336,34.32309,31.356794,16.11991,26.19011,13.6820345,13.378209,9.835362,10.444872,9.394567,8.645387,7.240448,8.176449,6.7492995,7.491674,6.3408504,6.2504706,6.600667,6.8295517,6.9166903,0.4334711,0.50009245,0.45309675,0.50502557,0.47267157,0.46932295,0.47347096,0.5165933,0.6500253,0.5153453,0.4634716,0.39506787,0.31629694,0.34691203,0.24644026,0.26514482,0.27355108,0.2949695,0.2635432,0.23322095,0.31469277,0.2653337,0.29751706,0.29498422,1640.0485302065747,891.7748577963979,0.06783783620356038,0.06378219731575013,0.07285961,0.041966025,reggae,reggae.00028.wav,c:\Users\darsh\Documents\Codex\2026-04-27\i-am-a-first-year-computer\Data\genres_original\reggae\reggae.00028.wav
-202.0222,111.094864,8.876879,51.82644,1.2931867,30.043192,-4.50889,22.452713,-7.146487,11.500771,-4.760858,10.600746,-2.6392035,9.013605,-4.359338,-0.04145128,-4.3263583,0.65347505,-3.7452366,-6.1954627,77.646416,20.075878,31.031078,11.55515,14.108055,10.029158,10.21696,9.813292,8.512899,9.718663,7.732482,7.853679,7.1199837,6.955421,5.465834,6.4447136,5.9337935,5.9567823,5.450929,5.811089,0.6393967,0.461194,0.3429664,0.32373604,0.3866305,0.55322725,0.5321329,0.4631095,0.31643304,0.27757,0.3727089,0.47780493,0.38721082,0.28758222,0.23784168,0.24116616,0.2774972,0.3576581,0.25098768,0.26157767,0.21755548,0.23157494,0.2580397,0.2822744,1585.601293881055,543.0890547964221,0.04367887420181889,0.02332330172149772,0.103837006,0.04281005,reggae,reggae.00029.wav,c:\Users\darsh\Documents\Codex\2026-04-27\i-am-a-first-year-computer\Data\genres_original\reggae\reggae.00029.wav
-239.17886,98.96217,19.201752,50.7939,2.838991,32.244686,-1.5015264,16.732338,-7.452125,16.71691,1.4970632,16.056482,2.8027043,5.937705,-6.308285,-1.0379016,-6.3440433,2.1457455,-6.640424,-5.261345,88.483315,34.772663,30.97385,18.19523,21.696297,11.189357,15.047699,8.713419,9.375302,10.343148,7.503563,9.456325,8.548118,7.0859265,6.941287,9.094997,6.1196647,6.4688816,5.8389034,6.3520412,0.40747213,0.5507623,0.6696822,0.6248345,0.55645925,0.39994705,0.37596807,0.4168384,0.47267264,0.55376345,0.42804843,0.39524165,0.2621048,0.28972462,0.32191354,0.23438191,0.29088163,0.25276053,0.26100937,0.31397873,0.24964643,0.28204852,0.24098344,0.2677882,1814.19900091257,945.0558363952011,0.07047840980553406,0.06953823215658099,0.080515176,0.036926456,reggae,reggae.00030.wav,c:\Users\darsh\Documents\Codex\2026-04-27\i-am-a-first-year-computer\Data\genres_original\reggae\reggae.00030.wav
-226.41882,103.35993,0.1665024,43.973858,10.650589,35.21007,8.444857,21.145638,-3.2926626,15.537871,-3.0108569,11.102893,1.777282,10.621122,-5.7564626,-0.9837619,-4.13233,0.659414,-3.7918532,-0.5790857,92.42017,25.57426,31.469831,18.803572,22.813442,16.58739,14.035424,10.041272,12.015164,9.791697,9.389944,9.521606,8.013421,7.1108813,8.298753,8.595012,7.068051,7.0940514,6.399663,5.9647946,0.6486737,0.5210391,0.5430953,0.3971664,0.41564834,0.39669555,0.5039321,0.6018518,0.44011006,0.38495767,0.3985359,0.63332456,0.3360668,0.21936978,0.27043214,0.21977861,0.29523608,0.25444573,0.26678902,0.30443993,0.27424487,0.24021718,0.23407403,0.32018343,1578.9797524821934,722.6497866961328,0.05862247242647059,0.040125812220501475,0.0919936,0.043216787,reggae,reggae.00031.wav,c:\Users\darsh\Documents\Codex\2026-04-27\i-am-a-first-year-computer\Data\genres_original\reggae\reggae.00031.wav
-243.80943,123.347595,-15.57089,38.883972,6.487192,25.511738,3.0363429,17.175442,-0.21269453,8.983332,-2.487526,6.7616143,-3.4531975,3.2560692,-3.4338753,-0.47975537,-2.5348237,-1.862335,-4.9655204,-2.7182348,69.2743,27.691038,30.912788,22.293615,17.810701,12.782254,11.747682,9.254646,9.325009,9.08253,7.47193,7.735802,7.073691,6.5986648,6.006366,6.47126,5.5789037,5.840139,5.0398273,5.2371464,0.43029585,0.43727612,0.64692247,0.476751,0.49253127,0.52236015,0.41901967,0.4257042,0.48956463,0.6110976,0.5006532,0.39137113,0.25571588,0.24604616,0.34787348,0.2351795,0.28625214,0.31958753,0.266476,0.29226762,0.2586587,0.2895893,0.29863927,0.25208518,1510.806650097002,576.6243240770474,0.0658639252370356,0.03831987556988722,0.063896276,0.039923437,reggae,reggae.00032.wav,c:\Users\darsh\Documents\Codex\2026-04-27\i-am-a-first-year-computer\Data\genres_original\reggae\reggae.00032.wav
-249.42773,111.49364,11.282426,41.328266,-2.88513,34.554276,0.42364568,22.346,-9.966396,10.2083845,-2.8217614,8.728782,-1.4477806,2.2692575,-3.8882215,-1.8549621,-0.84235734,-0.93739444,-3.1697903,-4.3267784,80.369484,28.545958,37.62648,17.40452,17.240587,15.127076,14.445397,10.366449,9.940526,11.559433,7.9503202,8.437295,6.5830126,6.814598,6.158067,5.935076,6.11758,6.4658422,7.6167955,5.8681703,0.42623797,0.42048347,0.49540725,0.6315099,0.50362575,0.43656293,0.32749158,0.4230363,0.42010805,0.37616792,0.4825882,0.4174432,0.32776242,0.2805554,0.23853411,0.3513191,0.27045098,0.27414092,0.22067644,0.3109598,0.31013396,0.28705585,0.295731,0.27843288,1615.9036118108686,807.4753747442071,0.059147790489551086,0.06101540799930658,0.074202016,0.036538325,reggae,reggae.00033.wav,c:\Users\darsh\Documents\Codex\2026-04-27\i-am-a-first-year-computer\Data\genres_original\reggae\reggae.00033.wav
-238.86949,132.32365,-0.12489059,41.233845,2.4230201,19.0934,7.9688535,19.944677,-0.63158435,11.098161,-1.7195421,9.940314,3.0247061,2.210293,-7.8496413,-3.985692,-4.9199595,-2.1506598,-2.4111888,0.05068018,76.68229,28.236423,24.079165,15.476981,15.84184,15.503856,14.050263,9.692867,10.102893,11.157659,8.681994,8.5447855,8.118111,9.569472,8.711505,6.8459864,6.0645285,6.6517854,7.0120816,7.125147,0.5476496,0.4599873,0.5593905,0.5438819,0.47650915,0.49768132,0.46996233,0.5399273,0.46369871,0.3492874,0.32424465,0.41480285,0.33083802,0.24976006,0.30846566,0.26815093,0.27489975,0.33712825,0.26447514,0.30974036,0.3042342,0.24024136,0.23974295,0.30623296,1291.482455169567,688.327638931512,0.04461386476876935,0.028460355880413568,0.082489036,0.04310359,reggae,reggae.00034.wav,c:\Users\darsh\Documents\Codex\2026-04-27\i-am-a-first-year-computer\Data\genres_original\reggae\reggae.00034.wav
-223.36678,114.212555,-4.424649,40.187866,-5.0985384,24.676882,0.72357184,17.049505,-2.3657622,11.154623,-3.0846279,6.1297007,-5.687176,3.5125518,-5.4818797,0.031668272,-4.8445797,-0.70038456,-3.639368,-2.805782,80.136375,26.575893,24.224794,17.52337,17.616837,15.854102,14.4754715,11.430976,10.409415,8.699994,8.819904,7.6062145,7.188629,7.2198305,7.2276692,6.140456,6.2394586,5.900439,5.7193284,6.0794125,0.49243614,0.551667,0.7256729,0.46037084,0.38313764,0.4591252,0.45822257,0.4479669,0.34098274,0.39410338,0.37726766,0.4115271,0.29408404,0.2310818,0.31448457,0.22923051,0.24363346,0.30784944,0.31054148,0.31639183,0.23272477,0.24046157,0.27726257,0.31655818,1699.8353933233097,743.438883577462,0.061317467468072755,0.04246129247250051,0.073211916,0.043467525,reggae,reggae.00035.wav,c:\Users\darsh\Documents\Codex\2026-04-27\i-am-a-first-year-computer\Data\genres_original\reggae\reggae.00035.wav
-236.62389,91.68299,1.8581237,45.465084,1.2693517,32.259144,9.054458,19.607553,-5.0637455,10.95754,-4.0131874,7.5379105,-0.3325838,5.808463,-1.8194478,5.380285,0.28315574,5.020354,-0.3373815,-0.8484341,74.17494,26.556822,24.623232,13.96093,16.27918,15.106913,17.199646,14.079791,10.576328,12.6149645,9.438798,10.103775,10.598706,8.753441,8.803161,8.361918,9.086634,7.561346,8.612578,7.9687304,0.4772007,0.5198513,0.38769582,0.31200376,0.3487094,0.43234172,0.69650507,0.4992287,0.3470752,0.4236695,0.33120248,0.43902734,0.33421123,0.32871893,0.29626203,0.26168504,0.26386786,0.22969596,0.31965923,0.26844493,0.19054282,0.29306248,0.2481269,0.37732694,1811.5147924120354,809.0012247005089,0.05923924874226006,0.044961716386086814,0.07998149,0.05635073,reggae,reggae.00036.wav,c:\Users\darsh\Documents\Codex\2026-04-27\i-am-a-first-year-computer\Data\genres_original\reggae\reggae.00036.wav
-242.5513,98.308784,-3.8207767,46.03243,3.286847,29.200768,8.863108,26.982607,4.722848,13.119676,-0.63755846,12.055013,3.00419,10.169963,-3.266688,2.036473,-3.5446403,0.9496667,-6.313107,-2.8599465,102.44208,24.342142,28.193108,17.300875,21.580236,13.7168,13.698133,13.510059,11.067316,11.121558,9.8871155,9.597831,8.922967,8.581913,6.5205736,8.030517,6.0637145,6.931613,6.217571,6.4095902,0.52449805,0.51575476,0.5782681,0.5338483,0.5179997,0.42752632,0.42910773,0.4686931,0.5621076,0.5804928,0.5396137,0.53494203,0.31103632,0.27642715,0.32803982,0.25209123,0.28455925,0.25366682,0.266644,0.27068332,0.30213833,0.30534032,0.28823867,0.30511686,1709.714456389326,724.1798019919919,0.06328759916795666,0.05206298795170147,0.08624027,0.052455164,reggae,reggae.00037.wav,c:\Users\darsh\Documents\Codex\2026-04-27\i-am-a-first-year-computer\Data\genres_original\reggae\reggae.00037.wav
-240.0093,108.755516,-8.202256,32.197624,-8.81615,18.640667,-4.701402,15.518407,-3.7182035,14.536973,-4.7924466,6.403633,-2.9500246,2.4401069,-7.110959,-0.15518777,-3.1421595,-1.5445279,-3.7374158,-0.81486225,91.01214,25.639717,34.218033,15.578716,15.058053,15.542858,14.515226,14.206274,12.333477,14.071292,12.9931135,14.155663,11.20414,11.068054,9.639165,9.1451845,7.9238186,7.8051133,8.4934,9.978937,0.24536386,0.2608428,0.26724246,0.35402617,0.47562695,0.4491956,0.5275343,0.5043573,0.4926414,0.34415483,0.26200998,0.30307913,0.28361398,0.28934994,0.2920879,0.2939402,0.35376516,0.29429227,0.30731046,0.31868845,0.3613425,0.30313626,0.24069847,0.3088743,1701.103192532159,723.5883288630971,0.0655547812258127,0.05124306271332017,0.07575375,0.03767506,reggae,reggae.00038.wav,c:\Users\darsh\Documents\Codex\2026-04-27\i-am-a-first-year-computer\Data\genres_original\reggae\reggae.00038.wav
-300.35504,99.25266,52.999855,43.226738,18.883024,24.848495,-7.955613,22.175869,1.7826729,24.79426,8.393651,20.713451,2.804007,9.560834,1.1138258,5.903201,1.1138864,4.1829386,-2.2141101,-2.0283017,109.077415,32.981728,47.119385,22.405554,18.40609,14.081855,13.692717,10.473596,8.437956,9.288201,8.915882,8.947893,7.848931,6.4491806,8.628003,7.175166,7.159869,5.2964134,7.2235684,7.097449,0.54696256,0.594152,0.5060841,0.49199334,0.46770948,0.4807043,0.52702093,0.52214235,0.48729944,0.51722157,0.45575526,0.49193278,0.32887882,0.29447636,0.27369246,0.2910871,0.27243215,0.32918492,0.32871315,0.31990007,0.2647335,0.31447285,0.28386444,0.3218768,1312.7373064527953,735.3694856041109,0.02594957853618421,0.018791419961418688,0.10385959,0.061126765,reggae,reggae.00039.wav,c:\Users\darsh\Documents\Codex\2026-04-27\i-am-a-first-year-computer\Data\genres_original\reggae\reggae.00039.wav
-296.0808,93.19381,-31.427439,29.488941,-18.94015,1.9491985,-19.49847,-6.245118,-24.019806,-7.098768,-14.191153,3.2708817,-10.612778,-2.7966268,-10.806494,-6.7087107,-8.496008,-3.1317625,-7.0599756,-4.760056,118.71296,39.598248,25.023003,30.047882,18.865278,18.82931,17.294268,14.427742,11.912537,10.766698,14.556263,14.205062,15.198711,10.117289,9.467873,9.418843,7.064542,7.7902718,9.037762,8.523571,0.19715992,0.2787945,0.35517034,0.36625257,0.33794728,0.3220327,0.39786512,0.39706704,0.19400194,0.2714396,0.25642186,0.25723287,0.22006819,0.28356016,0.3109666,0.32546046,0.31949228,0.3292572,0.3487687,0.35877523,0.17999804,0.31322908,0.26159036,0.3070095,2031.8882309842427,919.5724806449037,0.10104549632352941,0.08690607634035401,0.03906876,0.029960416,reggae,reggae.00040.wav,c:\Users\darsh\Documents\Codex\2026-04-27\i-am-a-first-year-computer\Data\genres_original\reggae\reggae.00040.wav
-177.2906,89.63707,9.614038,65.46783,-1.0167571,15.514672,8.010461,16.342636,0.26795134,2.6445177,2.8961604,0.64221567,2.5766916,2.810242,-0.45532736,2.5262752,-1.4070919,-1.6532326,1.2065383,-1.8943056,69.70996,32.119118,27.026808,17.415165,18.086842,14.93431,11.450206,9.776667,9.452105,10.638876,9.59983,8.142792,8.252396,8.785578,7.206414,7.0226364,9.03168,7.2827334,7.5391674,7.372608,0.39324674,0.32587716,0.35230982,0.29909927,0.31550193,0.41393802,0.28341815,0.25941804,0.3095923,0.44870624,0.6393035,0.44285533,0.31441143,0.26983795,0.30216062,0.2613531,0.26408407,0.35510582,0.23237993,0.20200568,0.25470245,0.29890546,0.3665489,0.26995134,1931.4896901504014,766.9669636171722,0.05904763992356811,0.03767263328559756,0.11992645,0.031211628,reggae,reggae.00041.wav,c:\Users\darsh\Documents\Codex\2026-04-27\i-am-a-first-year-computer\Data\genres_original\reggae\reggae.00041.wav
-174.81073,79.29305,-24.333023,17.978056,24.470284,15.726947,7.472576,4.2259116,3.9170735,4.8066626,2.760658,1.7235028,-2.344012,-1.6011024,-4.455369,-0.372738,-2.4354045,1.4890796,-0.32870978,-3.6642168,62.619766,24.764475,27.943687,18.905468,16.146294,11.245224,12.697012,9.882995,9.603582,9.632735,9.25653,8.194047,8.956592,8.340904,8.0729475,8.949203,8.825006,7.623417,6.3867726,7.334182,0.460869,0.46764097,0.48439994,0.41102514,0.4280319,0.3134214,0.4381658,0.46306226,0.41529822,0.5072865,0.40025726,0.4114653,0.33359003,0.2872973,0.31490037,0.25613266,0.28218585,0.22378772,0.30226663,0.299929,0.26400024,0.30839935,0.24191928,0.28998303,2480.8459326909738,827.9204018190551,0.10571062306501548,0.057513855159720136,0.071250305,0.038430676,reggae,reggae.00042.wav,c:\Users\darsh\Documents\Codex\2026-04-27\i-am-a-first-year-computer\Data\genres_original\reggae\reggae.00042.wav
-164.68898,142.69797,-41.473988,41.23485,16.18847,-5.570958,7.642461,5.6203566,0.80288535,-10.477527,-2.348063,-0.4949834,-3.0664115,-0.61336815,1.1345507,0.7280753,1.0431116,1.9845235,3.4986024,5.307884,58.335045,19.435026,18.000677,10.126468,15.657766,11.502954,8.071735,8.529515,7.3834386,8.744705,8.731524,7.421059,7.166476,7.23027,7.4841437,7.275974,6.9490414,7.1965117,7.336376,7.689968,0.61589897,0.24773194,0.22496703,0.26721162,0.49285793,0.43105432,0.32673198,0.485375,0.22725347,0.22255072,0.14151226,0.3341931,0.35613376,0.16479988,0.20454898,0.20179105,0.31808648,0.3553456,0.19586214,0.35321203,0.17643481,0.26025182,0.14745094,0.23380426,1484.7434261821936,338.49129449046075,0.07602637323432662,0.033675190594016,0.11061871,0.04219457,reggae,reggae.00043.wav,c:\Users\darsh\Documents\Codex\2026-04-27\i-am-a-first-year-computer\Data\genres_original\reggae\reggae.00043.wav
-104.24897,83.94451,18.881548,28.945412,10.63566,9.320364,9.311715,6.5240045,3.0084589,2.4963021,2.7950141,-0.20271987,3.1010103,-2.2135162,-1.7472101,-1.5308084,-0.26908633,-0.9262979,-0.93775654,-3.5272477,61.88536,27.66714,22.206293,16.801437,12.980586,12.766409,12.641864,11.353672,10.211038,10.212903,7.7830453,7.5172462,6.3528028,6.0880218,6.747723,6.4052176,5.438585,5.736519,6.310458,5.6750007,0.42046934,0.39634278,0.5057256,0.6582042,0.46948248,0.38278386,0.3414682,0.5063305,0.46561685,0.38204446,0.47939676,0.38345182,0.30926493,0.25833446,0.24924047,0.3318229,0.25485367,0.24180694,0.2198831,0.30001315,0.2927167,0.25071606,0.289529,0.25328356,2454.215349177034,942.1222606043639,0.08757694586880804,0.050584796549271165,0.15244086,0.058071367,reggae,reggae.00044.wav,c:\Users\darsh\Documents\Codex\2026-04-27\i-am-a-first-year-computer\Data\genres_original\reggae\reggae.00044.wav
-120.324814,16.38332,25.04658,37.25922,9.280131,13.014446,3.2297337,5.967852,4.0833497,1.69616,1.8896632,2.6729698,2.0346594,-1.7154503,2.1032035,3.2449558,-2.0760071,2.7732615,1.609771,-4.050147,78.2461,29.566416,32.311775,21.324816,15.00761,11.561945,13.807508,10.017647,10.192134,9.558192,9.931258,8.124802,7.915016,8.160696,7.1774707,7.988874,7.5087223,7.2139854,6.4356256,7.934664,0.48492417,0.4478084,0.47300655,0.45791385,0.5117728,0.51722777,0.37676558,0.40047106,0.3490615,0.47398603,0.54541385,0.45253292,0.313683,0.2785273,0.2861693,0.28017896,0.28128698,0.2937321,0.22659606,0.27787223,0.21553731,0.29123223,0.31794775,0.27748585,4283.044762530106,992.0255488050609,0.22392041469136997,0.09241312543894102,0.09121401,0.036325816,reggae,reggae.00045.wav,c:\Users\darsh\Documents\Codex\2026-04-27\i-am-a-first-year-computer\Data\genres_original\reggae\reggae.00045.wav
-169.03961,79.50441,15.242741,42.74113,7.68792,17.028828,-5.9826927,0.54102665,0.06319973,-0.9479885,0.83621573,-1.5890545,-2.892287,-4.030863,-5.7745085,-2.5853255,-6.522957,-6.593555,-2.8414476,-1.2010622,54.818996,27.208017,20.88425,18.204912,13.303885,10.061047,10.685722,8.3449135,8.627484,9.398122,8.889159,7.4387126,7.805775,7.3404946,7.168777,7.0133185,6.725267,7.6841903,7.5727115,7.8800073,0.41273862,0.36190808,0.31934685,0.38009864,0.2803706,0.2854765,0.32039693,0.24224551,0.2631352,0.2372518,0.36433998,0.42430106,0.3325483,0.3212653,0.2995087,0.3535026,0.27984664,0.30790007,0.32735127,0.26051843,0.306355,0.21445455,0.33656707,0.3894287,2322.2929756125877,873.7506339390666,0.08097759046052631,0.051526130824463875,0.09348249,0.03347087,reggae,reggae.00046.wav,c:\Users\darsh\Documents\Codex\2026-04-27\i-am-a-first-year-computer\Data\genres_original\reggae\reggae.00046.wav
-140.31783,69.63296,-9.986164,52.16775,3.2691405,4.559303,-3.4938624,2.92315,-6.571258,-2.642122,-1.7314113,-6.9437375,-5.8254113,-2.6929154,2.5455923,-1.8138262,-2.1630096,-2.9328246,-1.7962039,-2.711276,64.26833,33.09168,25.195995,20.65354,17.876877,12.253496,13.562667,12.522597,12.080331,11.444184,10.011027,9.80457,9.234517,8.765442,7.3052535,6.7740345,7.097251,7.0957313,6.8043013,7.0565853,0.40922877,0.32146356,0.37061,0.30479112,0.3170647,0.38922298,0.34912127,0.4689881,0.3486986,0.2940269,0.24524193,0.29126245,0.34876883,0.27583334,0.3503102,0.27706856,0.26500794,0.33291873,0.2629135,0.37524644,0.29386678,0.28526017,0.24817625,0.2660804,2477.9298991117516,789.0163851093765,0.1149788965750774,0.07017387461748197,0.10929273,0.04615178,reggae,reggae.00047.wav,c:\Users\darsh\Documents\Codex\2026-04-27\i-am-a-first-year-computer\Data\genres_original\reggae\reggae.00047.wav
-123.733696,66.19565,8.181811,49.759678,8.53877,25.88335,-5.392044,12.895175,-2.5414345,6.7968063,-3.578176,7.636994,-2.0558965,4.918354,3.664884,4.112981,-2.049146,6.7759333,-2.8278131,-2.379036,62.23849,31.925577,21.790556,17.158693,15.0798855,13.91038,12.888941,9.827478,8.520544,8.954377,8.634356,8.098737,7.373307,7.6643,7.075094,7.1186275,7.140778,6.5788445,6.6623044,6.6129894,0.31399566,0.31761333,0.43781286,0.3090302,0.2665114,0.39082605,0.43066892,0.57200325,0.4737415,0.35178778,0.464989,0.35287723,0.2763066,0.2811291,0.32183132,0.22407357,0.2513696,0.31824693,0.3106145,0.3453471,0.288775,0.24571612,0.35492197,0.2541169,2673.271677146015,912.6953540190198,0.11121021188080496,0.07094721929625661,0.12016339,0.03935106,reggae,reggae.00048.wav,c:\Users\darsh\Documents\Codex\2026-04-27\i-am-a-first-year-computer\Data\genres_original\reggae\reggae.00048.wav
-121.49299,89.57814,23.786144,32.76793,8.857056,-2.6159663,6.6278014,1.7668997,-2.951472,-3.0993512,-0.6974906,-5.429426,-6.5477986,-4.704497,-3.2821004,-6.4664598,-6.659792,-4.4151874,-3.1623805,-3.9799309,64.129906,27.194067,20.839727,18.303186,11.800645,10.666744,9.014761,7.4137354,7.43082,7.562357,6.6733875,6.47157,6.6182694,6.210622,6.745444,6.361616,6.280473,5.804745,5.620449,6.2521515,0.49948314,0.48454326,0.394557,0.5199473,0.38334414,0.3101804,0.25226906,0.32626042,0.38505983,0.24721237,0.29251507,0.3399685,0.33299372,0.3075471,0.25152102,0.3631959,0.2639203,0.29698113,0.22970034,0.26389384,0.3020556,0.21757309,0.27432263,0.25221416,2322.9386798777355,746.5233836361524,0.08073911873548761,0.04923545480842872,0.13286576,0.047211315,reggae,reggae.00049.wav,c:\Users\darsh\Documents\Codex\2026-04-27\i-am-a-first-year-computer\Data\genres_original\reggae\reggae.00049.wav
-104.88102,66.38382,-2.3053358,24.606274,8.4148655,6.770361,1.6772856,5.1811643,1.0552061,2.1988103,2.956277,4.5823026,4.2084527,3.0977347,-1.4157375,0.22688985,1.0962346,-2.3245964,-2.8943222,-2.1844988,73.28288,43.846355,20.875908,18.174288,13.672072,14.103067,13.200768,12.57532,11.907763,10.041573,9.014445,8.004523,9.372615,7.817993,7.6972914,7.244021,8.688736,7.642179,6.666082,6.567036,0.43752456,0.47728863,0.45192656,0.55539024,0.46564808,0.3829434,0.4616718,0.38561696,0.39136818,0.34500897,0.5314108,0.6384056,0.25038013,0.27846715,0.26665586,0.3198249,0.30412337,0.2689952,0.29020733,0.26668122,0.25934258,0.21273856,0.27850622,0.32188106,2955.9154393104704,1356.7761757197497,0.12710883078560373,0.09335015184822179,0.13106836,0.063469715,reggae,reggae.00050.wav,c:\Users\darsh\Documents\Codex\2026-04-27\i-am-a-first-year-computer\Data\genres_original\reggae\reggae.00050.wav
-154.96252,-1.5391539,22.38873,30.425213,2.1195714,28.596123,16.995514,13.418903,8.493891,6.4839697,9.772992,10.905425,2.1743824,1.638151,6.3485465,6.9075937,-7.8031516,4.694933,3.4125054,0.66997004,77.94848,50.22166,27.648071,19.941593,13.601005,10.161699,11.417682,11.946738,8.282159,9.607428,7.7303433,7.6240706,8.084913,7.6812515,9.094312,7.9414315,9.657295,7.105477,8.278692,7.2327795,0.5586235,0.5016447,0.5311569,0.6004974,0.6099229,0.5380894,0.5308555,0.506406,0.5416744,0.51977915,0.62141484,0.7751628,0.20342618,0.24667992,0.2877392,0.33272144,0.2909724,0.25229874,0.22391856,0.2331683,0.293987,0.30692953,0.19939491,0.21071237,4276.113111170075,1580.180665764398,0.27482940390383126,0.16938005266985642,0.117365755,0.057277128,reggae,reggae.00051.wav,c:\Users\darsh\Documents\Codex\2026-04-27\i-am-a-first-year-computer\Data\genres_original\reggae\reggae.00051.wav
-85.30075,60.9427,34.79015,19.804203,16.71572,7.9753337,9.312554,11.364072,1.394199,-0.087947786,6.407763,3.629288,5.676821,7.2175837,-0.8390437,3.243182,-2.6891913,0.36227465,4.752417,0.33321756,57.457306,34.30243,24.395254,20.475882,18.26256,14.211281,11.454481,10.874026,11.635338,9.4893875,9.611568,8.540584,9.06669,8.374389,7.8968,7.9420347,6.833637,7.8244157,7.794857,6.5518327,0.44599947,0.5754216,0.48884106,0.49576232,0.63965285,0.6644134,0.6325747,0.51508,0.43690968,0.38839158,0.34744635,0.39612567,0.25684035,0.27431867,0.25591522,0.2588324,0.29129583,0.289211,0.31152782,0.2942225,0.2551334,0.24956967,0.23160085,0.27264827,3288.43329145076,1228.7946357598498,0.13413826673761609,0.09848473106054367,0.1900278,0.091506794,reggae,reggae.00052.wav,c:\Users\darsh\Documents\Codex\2026-04-27\i-am-a-first-year-computer\Data\genres_original\reggae\reggae.00052.wav
-251.39256,105.855774,2.2200243,32.484394,16.563274,8.290815,10.365557,5.5049367,0.86996186,8.355298,-0.6317738,9.898768,-1.8497398,4.4185476,1.8289825,4.246808,-0.20060073,2.2507565,0.934555,1.2882608,87.3303,34.71241,34.75595,16.87996,15.786506,12.091307,11.815541,9.684642,10.0154705,8.55193,9.398956,8.339197,7.9727416,6.53509,6.703006,6.0675917,5.685572,5.268227,5.718712,6.147935,0.44181305,0.4677783,0.561163,0.5125575,0.5286404,0.4761228,0.38661927,0.41421995,0.41832787,0.5005189,0.44377312,0.48138693,0.27601027,0.2732496,0.34208125,0.31677988,0.31019884,0.30491194,0.23384762,0.2739848,0.2729336,0.3388505,0.27101052,0.30413917,2004.3538474526456,1230.9242909614672,0.08977950246710527,0.08659562758269188,0.063052826,0.04292454,reggae,reggae.00053.wav,c:\Users\darsh\Documents\Codex\2026-04-27\i-am-a-first-year-computer\Data\genres_original\reggae\reggae.00053.wav
-182.1939,83.517006,4.844894,12.6912,30.071646,17.201649,6.1039777,7.69345,7.147,8.883384,-2.1501875,5.713592,1.4522558,-4.9398346,2.9155705,2.189585,-3.2314157,0.75919986,-1.6967705,-0.6337946,78.96482,40.335495,30.635727,20.405436,15.354624,13.066758,11.945294,11.022408,9.518832,8.522916,9.987061,7.965064,8.550963,8.990058,8.133906,7.6859274,7.960428,8.431273,8.4258795,9.204639,0.32212165,0.47416243,0.4260703,0.37589642,0.52291334,0.4270931,0.37844056,0.27790728,0.3482946,0.47731033,0.36744526,0.35780534,0.23886497,0.3260331,0.31323034,0.29364106,0.33022207,0.30452645,0.30689523,0.23038499,0.2662475,0.37535015,0.27278924,0.27933496,2541.9768822749897,1291.991361218305,0.10153566720684984,0.08207393234680609,0.09687516,0.046674952,reggae,reggae.00054.wav,c:\Users\darsh\Documents\Codex\2026-04-27\i-am-a-first-year-computer\Data\genres_original\reggae\reggae.00054.wav
-130.3925,84.28538,29.355722,23.84441,8.287879,13.861768,2.2291074,2.9254556,2.5764942,0.098322146,2.3406696,2.7464368,3.756128,3.7823875,2.1226056,3.1364772,0.16150391,2.3938253,-4.115126,-1.7669309,65.20665,33.731922,26.391695,17.80909,11.994012,8.627634,7.964846,7.809135,6.843747,7.498174,6.7807984,5.6271243,6.2581763,5.933459,7.3859353,6.959481,6.797342,6.9844193,7.043591,6.765212,0.5476723,0.40563643,0.482351,0.41131505,0.40960047,0.33010474,0.36753926,0.5016082,0.45238474,0.49151337,0.5041004,0.639826,0.2978736,0.23653843,0.30783445,0.25615662,0.29541388,0.21482037,0.21778947,0.2954881,0.27969098,0.309213,0.25150475,0.28792003,2525.883148548213,1008.803455082772,0.0822270160119969,0.05415496678426754,0.112905614,0.025733143,reggae,reggae.00055.wav,c:\Users\darsh\Documents\Codex\2026-04-27\i-am-a-first-year-computer\Data\genres_original\reggae\reggae.00055.wav
-162.50883,98.486626,-1.6052877,20.811714,12.058052,11.743512,6.093583,4.958358,1.7059443,3.0551608,-0.85991347,4.1205864,3.42566,-1.3976501,2.2798965,-3.7108688,-6.500756,2.585176,1.410147,2.2299418,77.97104,32.55354,23.719173,19.06647,17.829891,13.711369,11.797195,10.141061,10.737955,9.18683,8.531679,8.228408,8.2273855,7.8798723,8.176083,8.9296465,9.155529,9.746755,9.369459,8.750268,0.47388422,0.3811087,0.41245663,0.49634257,0.39433295,0.34814787,0.35503435,0.48838598,0.26386166,0.21586242,0.28708416,0.32664585,0.3512259,0.28088477,0.2920121,0.34003758,0.29843414,0.31919056,0.28100327,0.35764024,0.21568032,0.20810892,0.26828846,0.26025686,2174.1042292536513,955.4035219583218,0.08318468217879257,0.055350395491732526,0.10052799,0.049716722,reggae,reggae.00056.wav,c:\Users\darsh\Documents\Codex\2026-04-27\i-am-a-first-year-computer\Data\genres_original\reggae\reggae.00056.wav
-177.29272,98.28518,14.708466,21.133085,14.941088,10.18818,4.97314,0.8437902,4.83046,6.869421,3.5429,-0.35623595,0.57787687,1.3758777,2.0128925,-0.30699244,-1.3682137,2.8996346,-0.97946566,-0.5216541,81.369644,40.313915,26.04565,22.208176,16.013132,11.621785,12.387262,11.077926,11.601029,10.524568,8.362067,8.913838,9.183346,9.636817,10.399594,8.532333,8.238018,9.18192,8.996107,10.1048565,0.3642396,0.416373,0.546006,0.43165073,0.29331025,0.29987064,0.33140317,0.43203154,0.29533044,0.35480434,0.3841096,0.3257895,0.3105604,0.30491707,0.37069806,0.3288348,0.23678188,0.27011642,0.252579,0.3585169,0.25482184,0.2945511,0.31812516,0.26691994,2170.729333695411,1036.9216703806096,0.07889861588138544,0.05717966768115937,0.10334067,0.04792136,reggae,reggae.00057.wav,c:\Users\darsh\Documents\Codex\2026-04-27\i-am-a-first-year-computer\Data\genres_original\reggae\reggae.00057.wav
-169.34058,83.9091,11.203278,12.134803,21.077204,9.533383,0.93636584,2.1945176,0.87566555,1.6430134,-0.4176584,0.7432359,-4.787158,-1.7297721,-2.0935743,-1.4278102,-4.669387,-0.21244699,1.9530636,-1.2630272,83.31695,32.506203,27.889046,17.272425,17.841953,13.542439,13.44435,11.064079,10.504451,11.866733,10.184904,9.029536,9.727768,8.385354,10.380361,8.620975,8.742928,7.929508,8.858429,9.883224,0.3166403,0.3745229,0.48501256,0.39529067,0.41487414,0.37319782,0.4617875,0.32508156,0.28620505,0.32583156,0.31486586,0.38903907,0.2886725,0.28485626,0.34639472,0.28893885,0.3453128,0.29956585,0.3425347,0.25455895,0.25039682,0.2931447,0.26951393,0.3375062,2631.8490363841825,1149.8445902999651,0.11201028262867647,0.08852550926515093,0.09115262,0.039449923,reggae,reggae.00058.wav,c:\Users\darsh\Documents\Codex\2026-04-27\i-am-a-first-year-computer\Data\genres_original\reggae\reggae.00058.wav
-93.51581,80.181656,-0.30427924,15.263566,4.348327,9.056693,1.6918386,2.5480187,-4.297323,1.0002481,-1.696375,-2.9968734,2.2530196,-2.0940118,0.32576278,-4.3774824,-4.0438805,-3.1599917,-5.416726,-2.14359,62.417587,27.46268,19.964529,18.625957,16.604939,11.50356,17.825815,10.833461,10.927572,11.185739,9.380239,8.472546,8.704728,7.7473984,6.8647943,7.827225,7.9181995,6.6135836,7.0258536,7.9204073,0.4145692,0.34850127,0.48982337,0.3628353,0.34259495,0.4658436,0.30253914,0.2927263,0.26683688,0.3861196,0.49931568,0.34003046,0.32198417,0.23860607,0.32287946,0.2988098,0.2617687,0.3236835,0.24430522,0.28207362,0.23059541,0.2591674,0.3418174,0.23976435,2671.9431591250614,907.5180857804231,0.11742559379837461,0.06140480231984907,0.12639175,0.044365726,reggae,reggae.00059.wav,c:\Users\darsh\Documents\Codex\2026-04-27\i-am-a-first-year-computer\Data\genres_original\reggae\reggae.00059.wav
-301.43967,77.22314,-13.575449,39.304367,1.6029993,16.892714,-7.250347,-3.601155,1.1691408,-3.2648888,-8.437727,-3.6016147,-2.6015775,-7.2349606,-2.4424508,0.7665416,-8.960346,-2.6519465,-5.49749,-8.402103,74.49874,33.777786,22.93035,21.074533,15.992161,9.518397,14.805238,8.696405,8.978077,8.044342,8.791793,7.651643,9.793348,8.002386,7.723899,7.5904074,9.895926,6.65449,8.224546,8.250293,0.31651446,0.2971726,0.38439837,0.24243212,0.2383617,0.17080367,0.24345577,0.39593828,0.29514033,0.34624994,0.2691339,0.38978115,0.3246422,0.2714137,0.36936036,0.22134253,0.28535974,0.20211227,0.23715836,0.36836442,0.25733185,0.350995,0.2361485,0.34997028,2395.785250668999,927.1074778655345,0.11853254099748452,0.07775228450303662,0.025837054,0.018483683,reggae,reggae.00060.wav,c:\Users\darsh\Documents\Codex\2026-04-27\i-am-a-first-year-computer\Data\genres_original\reggae\reggae.00060.wav
-74.0531,58.0152,9.140951,29.258945,12.535322,-0.18953343,0.165297,1.371907,-5.0914993,1.3520697,2.8511608,-1.560881,0.8852588,1.0400747,-4.3360424,-3.7478487,-3.6638267,-1.0602559,-4.114143,-4.137697,55.235306,32.273502,26.763113,18.820684,16.174353,12.417434,13.177151,11.696271,14.047222,11.35643,10.663228,9.030465,9.057451,9.883011,8.494282,8.496069,9.135699,9.341767,8.9797945,9.89506,0.44221482,0.511475,0.41163903,0.4358614,0.42791674,0.43307552,0.35307914,0.38559863,0.44144848,0.31829256,0.28765145,0.2960912,0.29885742,0.3454701,0.29137033,0.3289376,0.3105378,0.3132757,0.29002988,0.30024028,0.33291477,0.2576797,0.23976812,0.24866225,3122.9386087150997,1105.9568797098402,0.1335615506482198,0.08103398711275576,0.18103953,0.05409057,reggae,reggae.00061.wav,c:\Users\darsh\Documents\Codex\2026-04-27\i-am-a-first-year-computer\Data\genres_original\reggae\reggae.00061.wav
-265.69498,80.61592,9.722023,36.657085,27.836796,12.086828,15.014476,15.116937,6.558819,6.284592,7.486023,5.6445103,4.349679,3.08505,2.4041407,2.1855628,2.4785862,1.2730665,-0.21760574,0.8088295,86.59229,33.86536,25.859879,19.218046,13.905711,12.777512,11.624735,11.063265,8.647855,8.4820595,9.877028,8.350438,7.33529,7.892747,7.745907,7.4889083,6.9010644,6.704587,7.0658336,6.4333615,0.37870315,0.3679061,0.31682375,0.31936845,0.41634348,0.5001101,0.6846978,0.59354836,0.45689124,0.43796924,0.41235498,0.45323247,0.3411851,0.2943982,0.27180213,0.23436898,0.25406244,0.27510774,0.32383925,0.31989577,0.24455807,0.29652068,0.29346487,0.35874692,2113.391953819571,1065.2363548385804,0.06088285180437306,0.05410309808913386,0.057322286,0.030636976,reggae,reggae.00062.wav,c:\Users\darsh\Documents\Codex\2026-04-27\i-am-a-first-year-computer\Data\genres_original\reggae\reggae.00062.wav
-168.56569,109.54735,-20.666073,38.956314,7.960121,0.33540133,6.036591,4.0865726,-1.3609744,0.11973307,0.2429877,0.3511984,5.3024573,3.684615,2.8488915,4.4759326,0.80968976,3.0071368,1.5235856,2.4545724,64.00985,28.596224,25.452816,17.982817,15.262268,11.325749,10.198161,8.820962,9.230946,9.188338,7.8842645,8.23405,8.269315,7.4537964,6.7431545,6.557464,6.6319885,6.584082,6.3465266,6.7023616,0.47911042,0.5033377,0.58946115,0.44552055,0.36183688,0.40351665,0.33207777,0.3573566,0.3505056,0.4615229,0.3942593,0.31174737,0.33252993,0.290949,0.3433819,0.3088641,0.26646617,0.2928626,0.24112962,0.27625397,0.28489164,0.30444267,0.27400386,0.23548286,1910.6006441535096,710.2863491427696,0.0833796923374613,0.04718642927251708,0.097581275,0.047118206,reggae,reggae.00063.wav,c:\Users\darsh\Documents\Codex\2026-04-27\i-am-a-first-year-computer\Data\genres_original\reggae\reggae.00063.wav
-70.11165,54.362183,15.596424,19.821365,27.00525,13.251235,0.70048463,10.075649,6.6888304,-0.3047304,2.978181,6.0232983,1.0923578,3.169755,0.24926995,3.0365624,-5.600442,-1.3141888,-1.9566276,-8.710367,56.056164,28.537622,27.37278,16.503761,14.246822,13.072865,13.7952,11.03918,10.607632,10.934977,11.024291,8.172842,9.155534,8.801957,8.798316,7.0634756,7.5496006,7.406529,8.37386,8.013265,0.44472,0.47016865,0.38882738,0.4183885,0.49547195,0.4214272,0.37618148,0.3329298,0.3792435,0.40154627,0.37867674,0.4940784,0.29629764,0.29445547,0.27000293,0.2956394,0.35418552,0.35006568,0.2952611,0.27424517,0.31363827,0.34434694,0.28575015,0.33387652,3094.02220916496,1026.489573313231,0.10088072029798761,0.08721834163536085,0.26777142,0.08550898,reggae,reggae.00064.wav,c:\Users\darsh\Documents\Codex\2026-04-27\i-am-a-first-year-computer\Data\genres_original\reggae\reggae.00064.wav
-66.18777,97.88822,-18.8181,26.937904,14.0201845,6.0293303,9.445992,10.570344,-0.13658704,8.12607,10.5418215,8.009013,3.808331,4.0128603,2.7131298,0.42442936,-4.2018785,0.100737296,0.14901488,-3.1472926,83.5472,42.47426,23.8552,17.510685,15.799302,15.482123,13.050878,10.29235,11.359923,10.214679,12.126108,10.456458,8.03232,7.8658767,7.1757126,7.08465,6.7192783,6.640334,6.633603,6.146305,0.46852005,0.34471,0.24674496,0.28758296,0.38394472,0.55523425,0.41594484,0.3730113,0.31793025,0.29697332,0.45964533,0.3595438,0.35805386,0.26835614,0.20973189,0.2411781,0.29475108,0.38029143,0.31343004,0.2704886,0.25166678,0.26711184,0.37804237,0.2796682,2080.8998101028196,939.3417917752264,0.08281998294794891,0.052548488565404936,0.29808503,0.120830074,reggae,reggae.00065.wav,c:\Users\darsh\Documents\Codex\2026-04-27\i-am-a-first-year-computer\Data\genres_original\reggae\reggae.00065.wav
-147.08931,120.0933,-21.591429,39.640545,6.9491506,15.087431,-1.0081931,15.945317,2.5432343,4.5108314,0.022952054,4.332127,4.638779,4.006375,3.054718,0.5425983,-6.1399174,-1.6537441,-0.73003,0.19702493,59.456627,30.879854,20.737587,18.379612,13.317411,12.927783,13.963143,11.027427,11.265532,10.873715,10.461572,9.792041,8.269281,6.9308286,7.9565725,7.497501,6.985118,7.9279046,6.974922,6.542477,0.29727295,0.29159087,0.41619194,0.43297693,0.5896718,0.43945634,0.33319113,0.39053798,0.34637588,0.43163604,0.33217332,0.36933374,0.25944406,0.25743818,0.31609404,0.29435107,0.34360573,0.2892713,0.25329202,0.33582312,0.27764755,0.32629117,0.27127135,0.2962776,1629.3916759342683,579.1095879329065,0.06711183908184984,0.035780370271778335,0.12912783,0.051514022,reggae,reggae.00066.wav,c:\Users\darsh\Documents\Codex\2026-04-27\i-am-a-first-year-computer\Data\genres_original\reggae\reggae.00066.wav
-132.95238,117.09168,-2.7986,22.529333,25.91985,0.29016042,13.511026,3.3958855,4.522271,0.5429567,-0.072081454,5.0957727,-0.15914747,1.2715698,3.0685508,1.3972648,-0.5488079,0.13979943,-1.0481825,-0.04001157,49.549793,23.696508,17.959541,14.393726,13.454772,11.338648,10.358613,9.331887,7.7526345,8.402735,7.801196,6.815548,6.9624166,6.2091117,6.4087524,6.7941523,6.299357,6.0284586,6.2056055,6.6119604,0.33723643,0.34489754,0.46565205,0.38554057,0.41949737,0.41264552,0.39071387,0.43155012,0.44363362,0.49603483,0.31708303,0.30871645,0.27101895,0.2567145,0.34900638,0.26761118,0.292002,0.3080357,0.30127323,0.3540375,0.29525426,0.33270398,0.23850834,0.2366954,1729.221510067004,521.1995233847096,0.06049774453366873,0.03252700210273019,0.14007322,0.04437385,reggae,reggae.00067.wav,c:\Users\darsh\Documents\Codex\2026-04-27\i-am-a-first-year-computer\Data\genres_original\reggae\reggae.00067.wav
-194.80711,83.02939,-0.7573576,32.3753,2.8250601,23.167728,2.966824,14.221725,8.545363,10.447763,7.0688815,8.804685,1.4087902,5.4087796,2.7515855,5.2473264,1.6427809,0.5076165,1.1411836,-1.5598168,77.967415,37.41594,22.23023,19.393307,14.7297125,12.132976,17.076899,9.951496,10.51664,12.526095,10.528954,9.01693,7.964676,7.1972804,7.6265306,7.4496675,9.350288,8.37377,8.768425,8.301704,0.31089288,0.3399702,0.49818373,0.4084911,0.40304816,0.32679614,0.30051523,0.41964543,0.31366113,0.341624,0.290406,0.35047063,0.2800781,0.27951494,0.3599877,0.32361868,0.32620376,0.29930857,0.2804248,0.39162096,0.2914472,0.3206373,0.25193694,0.30247042,2104.9458967015426,947.5952432720669,0.07786158511513158,0.055757234590360166,0.095324196,0.042288855,reggae,reggae.00068.wav,c:\Users\darsh\Documents\Codex\2026-04-27\i-am-a-first-year-computer\Data\genres_original\reggae\reggae.00068.wav
-142.78154,83.62423,21.90621,33.849457,4.624049,4.1626973,1.9368716,21.812685,-5.9423456,0.50014156,17.423235,-11.433122,10.545723,2.2018425,1.4132795,1.7545954,-1.397631,2.0162969,-1.8893013,0.6375469,66.79782,31.516659,25.07736,17.221075,17.082495,13.684197,11.101944,9.103971,9.14398,9.785607,9.157663,8.294672,8.48316,8.912478,7.246795,6.7335715,8.870795,7.065738,7.4363365,7.398955,0.3645626,0.3016925,0.3258921,0.27008018,0.3228138,0.48737153,0.32273883,0.26865247,0.29819834,0.40387002,0.59220624,0.3924536,0.31505278,0.26530856,0.28929055,0.24428563,0.25712055,0.35279104,0.24226277,0.20915084,0.2588937,0.2854912,0.37652382,0.26582584,2461.457562285525,974.3750798078858,0.08041447973103716,0.05618300810164227,0.12575796,0.038681094,reggae,reggae.00069.wav,c:\Users\darsh\Documents\Codex\2026-04-27\i-am-a-first-year-computer\Data\genres_original\reggae\reggae.00069.wav
-136.78912,75.59191,-5.33347,23.440128,0.7612743,12.292592,4.4802775,5.1578503,-0.07490863,9.033966,4.902392,2.3301926,5.4751735,0.6624333,1.474683,3.8372917,-1.5902516,-1.7209573,-4.443439,-9.697896,70.87399,27.323767,22.307325,20.347178,14.814383,11.1572275,12.920982,10.875118,9.118036,10.376559,10.765122,9.6784725,9.657008,10.832977,9.667467,9.015161,8.909756,8.437762,8.514478,9.232108,0.31622806,0.38769695,0.5715259,0.38705882,0.28654093,0.27715003,0.3677946,0.4563026,0.3653989,0.38386294,0.43254346,0.33454102,0.25903684,0.28000516,0.38458475,0.32621297,0.25193477,0.21974953,0.31179085,0.39262435,0.26413882,0.25359306,0.34371427,0.26290342,2288.9314176081257,754.8974927584633,0.06099963114357585,0.03435669048469414,0.14901283,0.042362005,reggae,reggae.00070.wav,c:\Users\darsh\Documents\Codex\2026-04-27\i-am-a-first-year-computer\Data\genres_original\reggae\reggae.00070.wav
-141.76732,44.179897,21.71709,43.29201,21.74255,11.178962,3.543304,15.015563,-1.7441003,6.4359937,6.9099855,0.7032586,3.9693093,1.4794365,4.6782966,0.90257126,2.223074,3.375713,-2.6652095,0.5095784,92.36203,46.616985,24.44577,19.967266,19.589748,16.082706,14.373454,10.350808,10.798503,9.959319,11.267164,10.618481,9.896942,9.569884,9.221862,6.9464645,6.7799673,8.193705,7.3494024,7.2455893,0.5132254,0.42891836,0.41905406,0.3648936,0.38334978,0.37804094,0.36190185,0.42941082,0.3878811,0.43402988,0.3984829,0.4078219,0.37636244,0.29038423,0.3216834,0.28375193,0.30528143,0.32069665,0.26559794,0.32230237,0.27846092,0.31721938,0.2929094,0.31041136,3109.580608719877,1347.4707836295997,0.12166630889609133,0.10428591542679047,0.15084101,0.06998157,reggae,reggae.00071.wav,c:\Users\darsh\Documents\Codex\2026-04-27\i-am-a-first-year-computer\Data\genres_original\reggae\reggae.00071.wav
-94.140526,68.22994,3.9754806,7.6313868,12.791034,-3.185735,-3.9074442,3.8176005,-6.121651,-0.3518425,0.3375632,-4.674421,-3.0098026,-2.9692576,-3.1980948,-4.9229474,-5.001903,1.3904978,-2.0881763,-2.0886397,79.14728,32.725433,27.26726,22.513487,19.832636,14.465552,13.754461,11.900471,12.859802,11.267133,12.432518,9.34151,9.721796,8.955882,9.277881,10.320736,8.650838,8.693597,9.1038885,7.505503,0.36775023,0.46307874,0.48164982,0.41913906,0.47144565,0.44660118,0.51331306,0.40430108,0.39301336,0.48327774,0.37040052,0.37864876,0.27199376,0.29821506,0.29922044,0.26723668,0.303531,0.26980898,0.3074526,0.26788476,0.2773721,0.34695876,0.24752985,0.3013697,3086.1860008884605,1138.4575068713755,0.13607514089106038,0.08655133705950373,0.14293236,0.06894711,reggae,reggae.00072.wav,c:\Users\darsh\Documents\Codex\2026-04-27\i-am-a-first-year-computer\Data\genres_original\reggae\reggae.00072.wav
-105.88101,87.996155,19.372705,30.624931,10.024096,18.020147,3.6549273,8.923996,5.8252344,8.8736725,5.664958,10.555122,5.901164,6.1043887,7.049708,5.0997863,4.457999,2.1786814,1.3961858,-1.2673672,44.447174,27.46799,22.061836,15.706683,14.578687,10.167636,9.494031,8.640728,8.386857,8.660793,7.326793,6.1130714,6.9801307,6.228588,6.4397264,5.83739,5.842811,5.575962,5.8533764,6.01749,0.5264664,0.42427593,0.37224498,0.33344176,0.36696297,0.39819455,0.3482052,0.37860385,0.41967028,0.5589098,0.6760353,0.5905799,0.32762596,0.26967332,0.26312906,0.23209332,0.25346047,0.31122145,0.28167236,0.2858012,0.28266755,0.29752818,0.27102286,0.28850663,2153.2951509096097,811.5503293373595,0.05106696255804954,0.029544396890259724,0.19222166,0.03613924,reggae,reggae.00073.wav,c:\Users\darsh\Documents\Codex\2026-04-27\i-am-a-first-year-computer\Data\genres_original\reggae\reggae.00073.wav
-105.86871,88.181656,19.302423,30.579697,9.9836855,17.954727,3.6897562,8.92259,5.854974,8.851583,5.6235914,10.514843,5.916853,6.103881,7.0478773,5.0836616,4.441309,2.1635664,1.4177474,-1.2327801,44.450336,27.382296,22.010256,15.737412,14.636906,10.181327,9.5539875,8.658771,8.402525,8.683584,7.35102,6.08723,6.9916396,6.215754,6.4442563,5.835011,5.857749,5.58072,5.8783236,6.0355573,0.48832187,0.39988977,0.35541672,0.34264335,0.40043682,0.37331387,0.357377,0.39804167,0.47629416,0.6485807,0.6592159,0.5562597,0.3186513,0.26940122,0.25704992,0.22787216,0.2945723,0.3033843,0.28103426,0.28996733,0.2878018,0.29452267,0.2740726,0.31414786,2148.603575494345,808.7054637724887,0.051022745138351394,0.02961135106819544,0.19221866,0.03615637,reggae,reggae.00074.wav,c:\Users\darsh\Documents\Codex\2026-04-27\i-am-a-first-year-computer\Data\genres_original\reggae\reggae.00074.wav
-63.8221,88.25405,-27.603098,18.600967,-3.5774841,5.1981163,0.98382926,8.05298,-4.396183,2.2758756,4.1544557,-2.2084978,10.266526,1.8743328,6.291246,4.695101,-7.7507076,4.598705,-1.5900236,0.63101155,52.627064,26.497433,23.933403,16.068907,20.27778,11.147817,10.859056,11.153793,9.426427,8.607773,9.718111,7.533567,8.421232,8.718996,8.613334,7.33301,7.141762,7.8700285,6.8354554,7.627633,0.42140102,0.39174113,0.48697656,0.37680146,0.3207097,0.35645854,0.33121222,0.39641052,0.31916204,0.45857975,0.40756845,0.40941206,0.3021549,0.28090683,0.33827466,0.2912285,0.27458602,0.3136045,0.26991636,0.30920172,0.25167105,0.32447475,0.3027752,0.29414958,2481.191325890234,658.5147966571161,0.13506002987132354,0.054856134932716225,0.17095791,0.08145701,reggae,reggae.00075.wav,c:\Users\darsh\Documents\Codex\2026-04-27\i-am-a-first-year-computer\Data\genres_original\reggae\reggae.00075.wav
-105.70985,76.10178,19.510614,36.709297,3.7498507,11.684267,0.075893484,7.092368,7.6598434,10.457497,0.9903632,-2.1993623,-1.5104167,2.6376312,2.1172302,1.4288856,3.8492975,5.698102,-0.13352455,-1.5506123,95.27084,42.59452,27.13072,17.243353,15.446477,13.637657,11.05178,10.932847,11.770543,11.226961,11.076533,8.651796,9.372976,8.345966,8.031898,7.2882385,7.13844,6.4065943,6.9937205,7.1185327,0.35886478,0.2650992,0.26124942,0.3472534,0.55963975,0.39820886,0.3935142,0.46872967,0.54886305,0.73276657,0.5044283,0.44649702,0.28670883,0.23288108,0.24214241,0.22290525,0.30482236,0.26469344,0.28257853,0.29510495,0.2995417,0.33398244,0.2623885,0.29801404,2456.1544092561144,1216.724431819346,0.08827233093072756,0.07635196516638545,0.21068911,0.081474684,reggae,reggae.00076.wav,c:\Users\darsh\Documents\Codex\2026-04-27\i-am-a-first-year-computer\Data\genres_original\reggae\reggae.00076.wav
-151.77394,105.12452,-6.1661625,47.9461,11.34411,15.087999,11.635067,6.607784,6.8175387,2.3976097,-1.0347643,-0.2205722,-0.6423186,-4.031569,-1.7196908,-0.66756886,-6.97883,-2.4290376,-1.1788956,-3.809996,51.680405,27.392248,22.302313,14.039178,15.201232,9.992402,10.618482,10.350971,7.721703,7.584708,6.8747945,6.5124063,6.746164,7.3593063,7.0840297,6.082269,7.4681873,5.3541026,5.245415,5.982359,0.4900781,0.37335572,0.35111508,0.329702,0.3783234,0.29762992,0.3310646,0.37199384,0.37276915,0.47420675,0.45060995,0.5250283,0.3067965,0.2802882,0.31084046,0.25178683,0.3163108,0.2355786,0.2786444,0.3082663,0.2751349,0.3546968,0.2670776,0.31313652,1778.3264606974715,574.7001125485367,0.06091951069078947,0.03629368485464639,0.11652951,0.038973723,reggae,reggae.00077.wav,c:\Users\darsh\Documents\Codex\2026-04-27\i-am-a-first-year-computer\Data\genres_original\reggae\reggae.00077.wav
-175.48697,78.023026,-2.560496,52.867683,15.8424,24.755295,5.29587,8.655302,6.6522336,9.806406,-3.3547556,4.118611,2.3579512,-3.3535118,0.7974127,-0.2639149,-6.3318634,-6.457858,-1.256674,-6.4551945,83.08339,40.396748,34.67095,20.702509,15.7643795,12.59529,10.311878,10.951724,9.4145,10.476708,12.30745,9.646785,8.869937,7.9103117,7.830601,7.6810446,7.0954337,6.871421,6.9522734,8.061776,0.50112164,0.49359947,0.5349613,0.47739446,0.4032253,0.37669742,0.3812047,0.52486545,0.42370588,0.39861244,0.49949962,0.41894048,0.31549096,0.2716593,0.3113038,0.30768135,0.27577844,0.2606198,0.25374007,0.34316024,0.26642263,0.25010884,0.28396899,0.22965479,2317.4758286832307,1022.8497317534874,0.09380782277960527,0.052912457238999254,0.09433407,0.031337388,reggae,reggae.00078.wav,c:\Users\darsh\Documents\Codex\2026-04-27\i-am-a-first-year-computer\Data\genres_original\reggae\reggae.00078.wav
-155.67242,57.027374,-35.247707,33.286343,-14.187575,25.281809,2.5339673,4.2479243,8.487786,4.567988,2.82052,2.5739942,2.8225186,3.6183274,-2.8702095,-7.497378,0.19377783,-1.459634,-2.1718602,-0.05962724,67.46909,43.881588,28.023764,14.990452,12.548246,15.576859,12.880059,8.33042,9.029988,7.3283305,7.40088,8.44521,7.826561,5.449557,5.6454277,5.58435,5.119167,5.1916943,4.979572,4.6430674,0.5323645,0.7018126,0.5197308,0.58758736,0.5319098,0.41922158,0.4063825,0.41733465,0.45576108,0.38722053,0.37544587,0.38148937,0.27608314,0.31980726,0.27269512,0.28879955,0.28562695,0.26750055,0.27780145,0.29360524,0.31254464,0.28079697,0.2687445,0.28514284,3003.0228526329006,1042.456900164503,0.18643386888061145,0.11089932004705305,0.08061355,0.051384825,reggae,reggae.00079.wav,c:\Users\darsh\Documents\Codex\2026-04-27\i-am-a-first-year-computer\Data\genres_original\reggae\reggae.00079.wav
-103.104706,67.23044,2.239865,28.497494,4.176846,11.877421,14.268192,14.302058,3.2598317,15.845577,8.033733,4.4579153,8.679057,8.057954,7.979672,5.031801,3.738449,-0.32675496,-0.938553,-1.0842903,76.34895,29.17632,26.8265,16.898632,14.821677,15.034126,15.694615,11.016231,10.354397,12.062635,11.283023,7.177511,7.6628766,7.3119454,8.415718,7.930737,6.6515775,6.5418463,8.1814375,8.767568,0.5274255,0.47339907,0.3935223,0.33319333,0.32670563,0.37013626,0.42779517,0.4146113,0.5166415,0.5698953,0.6750109,0.69624263,0.2910602,0.2998031,0.27786863,0.24674092,0.26864076,0.25590932,0.28190836,0.2571215,0.31540844,0.3041659,0.27990016,0.30307084,2538.8183244874817,936.359439579804,0.09431537828947369,0.07066754984854563,0.19575419,0.10297495,reggae,reggae.00080.wav,c:\Users\darsh\Documents\Codex\2026-04-27\i-am-a-first-year-computer\Data\genres_original\reggae\reggae.00080.wav
-115.72032,67.04471,1.9207351,29.123379,4.0074277,12.044658,13.988451,14.918452,2.299447,17.055819,7.568181,4.992762,8.547549,8.288142,7.8985267,5.8501453,3.1114364,0.05498639,-1.5452893,-1.2790091,78.96916,31.10226,29.652546,17.837837,16.000916,16.077953,16.308693,11.4266815,10.662606,12.934041,11.205811,7.401849,7.829174,7.480552,8.479238,7.9849453,6.716273,6.5589147,8.485638,8.76374,0.5737976,0.48842737,0.42372745,0.3416716,0.32291722,0.3358714,0.41500685,0.40563643,0.46886384,0.56235254,0.62295383,0.72107196,0.29459566,0.29536805,0.29468787,0.24850002,0.26275578,0.25005263,0.27979845,0.2550076,0.2862128,0.31895015,0.27575162,0.29376096,2567.6720453746466,990.2586995401847,0.0994389300744969,0.07508152885551328,0.17930914,0.099637896,reggae,reggae.00081.wav,c:\Users\darsh\Documents\Codex\2026-04-27\i-am-a-first-year-computer\Data\genres_original\reggae\reggae.00081.wav
-115.72032,67.04471,1.9207351,29.123379,4.0074277,12.044658,13.988451,14.918452,2.299447,17.055819,7.568181,4.992762,8.547549,8.288142,7.8985267,5.8501453,3.1114364,0.05498639,-1.5452893,-1.2790091,78.96916,31.10226,29.652546,17.837837,16.000916,16.077953,16.308693,11.4266815,10.662606,12.934041,11.205811,7.401849,7.829174,7.480552,8.479238,7.9849453,6.716273,6.5589147,8.485638,8.76374,0.5737976,0.48842737,0.42372745,0.3416716,0.32291722,0.3358714,0.41500685,0.40563643,0.46886384,0.56235254,0.62295383,0.72107196,0.29459566,0.29536805,0.29468787,0.24850002,0.26275578,0.25005263,0.27979845,0.2550076,0.2862128,0.31895015,0.27575162,0.29376096,2567.6720453746466,990.2586995401847,0.0994389300744969,0.07508152885551328,0.17930914,0.099637896,reggae,reggae.00082.wav,c:\Users\darsh\Documents\Codex\2026-04-27\i-am-a-first-year-computer\Data\genres_original\reggae\reggae.00082.wav
-285.9736,138.68748,19.947645,35.24512,-7.9940915,7.078869,5.405129,-3.2063923,-1.1585746,3.2082617,1.4964439,-4.0358186,-6.3341928,-0.9289381,-4.363625,2.8833332,1.2566571,1.97256,0.7886768,-4.2886114,87.07784,37.685467,31.63489,20.93256,18.378223,12.522882,16.139818,9.054814,10.082586,10.238617,11.267142,10.993001,12.197221,10.970854,11.636232,8.721757,11.612024,11.868453,10.449625,13.331366,0.43143046,0.31166708,0.37194178,0.22281565,0.3166575,0.38884103,0.23525727,0.31769842,0.30970213,0.4517647,0.30100757,0.26238003,0.3445554,0.23137847,0.3685724,0.20008485,0.3110905,0.35848874,0.19849826,0.32102236,0.24301888,0.34653443,0.29006276,0.24742857,1366.429347381977,684.9165947290661,0.07119609254063468,0.052428499629134706,0.0567255,0.032753885,reggae,reggae.00083.wav,c:\Users\darsh\Documents\Codex\2026-04-27\i-am-a-first-year-computer\Data\genres_original\reggae\reggae.00083.wav
-150.91211,111.76167,2.915668,42.73335,-3.5954196,15.153264,3.451678,0.18917765,-4.718382,3.858657,-0.88960326,-5.3516603,0.6894754,-1.2251097,-5.0513124,-5.0716324,-8.564148,-7.982334,-5.302202,-1.4553043,64.87862,28.973196,21.465712,14.279202,15.8682165,9.888249,11.195345,9.715523,9.574633,9.560627,8.213764,7.790121,8.301337,7.488361,7.5957723,7.2197757,7.719247,7.1370335,7.360947,8.20834,0.48807544,0.69706506,0.37202367,0.27145514,0.23244542,0.32221797,0.1955784,0.2128557,0.308498,0.25804958,0.23551363,0.23498958,0.28786412,0.33863157,0.22471505,0.3101055,0.2360632,0.32736406,0.19210647,0.21386416,0.28468785,0.24626738,0.26184142,0.21944113,1788.5445972751872,653.3943960702352,0.07602221604102168,0.03889219076157057,0.1142016,0.036047895,reggae,reggae.00084.wav,c:\Users\darsh\Documents\Codex\2026-04-27\i-am-a-first-year-computer\Data\genres_original\reggae\reggae.00084.wav
-175.16914,116.62998,-55.129204,59.90558,1.9614096,1.0681366,14.602345,-3.231406,2.7899191,5.709691,-1.8400204,7.874344,0.40650472,0.04450115,-1.1589999,-4.5109925,-2.9495676,-3.6833572,-2.5156965,-7.052287,90.00171,27.58228,26.053871,15.830106,18.552288,14.536878,12.255494,11.948846,10.082608,10.441856,10.138488,9.321046,8.368386,8.501281,7.6831193,6.993656,6.28446,6.330743,6.1292906,6.2822185,0.38753673,0.3191207,0.42454255,0.41092137,0.5092261,0.46302724,0.4142089,0.4855074,0.38925165,0.32936734,0.28209186,0.33508426,0.32150573,0.24230489,0.32999587,0.29666442,0.35533446,0.3126298,0.26377386,0.3295455,0.27830726,0.2800266,0.24651976,0.28480965,1797.4051726737525,526.7886466561417,0.09941020764802631,0.06202163933407184,0.11948926,0.05977037,reggae,reggae.00085.wav,c:\Users\darsh\Documents\Codex\2026-04-27\i-am-a-first-year-computer\Data\genres_original\reggae\reggae.00085.wav
42.11287,37.42417,-7.9223094,4.4919906,8.947956,3.5308404,3.085209,1.6274312,6.2675347,1.8218068,-0.5613664,-0.39434355,1.628249,2.9074893,0.38150233,-2.3099117,-4.1410394,-2.1888425,-3.3363507,-1.8612618,121.22608,63.49255,25.490635,15.43057,18.650677,9.144105,10.959046,7.011907,7.8396454,7.9416924,4.8785477,4.320407,4.8868566,3.7625837,3.1204212,3.0340571,3.8724189,4.250217,3.6582458,2.806675,0.61550146,0.64047974,0.7292856,0.60433036,0.675584,0.70300686,0.5999692,0.6427609,0.58560175,0.6367742,0.73247486,0.7967319,0.18523476,0.23740344,0.30936414,0.2157164,0.16055693,0.1633842,0.14969575,0.18778096,0.15692946,0.19136022,0.22231281,0.2782771,4434.948742523192,1742.272545660003,0.2602225383368808,0.11250027306805091,0.35094303,0.12005413,reggae,reggae.00086.wav,c:\Users\darsh\Documents\Codex\2026-04-27\i-am-a-first-year-computer\Data\genres_original\reggae\reggae.00086.wav
-110.20218,48.547997,29.644615,18.442467,-0.4723488,4.6547112,-2.2670708,-6.588416,-2.1527016,-0.15998109,-0.6845913,0.5441745,1.9038584,-1.0631887,1.7236896,0.8197152,-1.6870393,2.6605754,3.1008935,3.7421093,78.93011,39.1341,21.262703,20.736185,14.538485,14.684129,13.023008,12.75811,11.944552,11.572064,10.363197,11.711841,10.591595,10.364756,8.246721,8.087817,8.82597,8.354876,9.794207,9.228386,0.4441354,0.37375927,0.41002426,0.38679492,0.4432353,0.26491064,0.27719125,0.40472713,0.36604208,0.41544893,0.39495587,0.4715284,0.33049077,0.29560226,0.34886643,0.30505368,0.3620875,0.24156241,0.24057561,0.3331251,0.3083737,0.35019475,0.2933824,0.32195634,3296.209659000533,1454.3656806760134,0.1218802153879644,0.10951695867506624,0.20783828,0.11355698,reggae,reggae.00087.wav,c:\Users\darsh\Documents\Codex\2026-04-27\i-am-a-first-year-computer\Data\genres_original\reggae\reggae.00087.wav
-75.2325,44.853004,10.078607,1.1481961,1.1562963,-3.1406858,0.13975976,0.0793274,-3.4337423,0.11067795,-1.9280567,-2.314652,-0.0772178,-3.4861436,-0.37647763,-2.729149,2.5087373,-0.9931395,3.6319659,-2.5960572,50.30556,22.408484,17.940153,18.014626,13.642661,14.330922,13.073815,10.442974,10.340977,9.925556,9.072168,8.746159,8.465383,8.152873,8.971481,8.975976,10.463151,9.618682,9.774433,11.057086,0.3710119,0.44047153,0.3349448,0.38029107,0.3479553,0.4355672,0.35416624,0.3219177,0.47324616,0.37250516,0.39180094,0.2845193,0.30851945,0.34231874,0.2776178,0.30956239,0.2706275,0.32803944,0.2955449,0.25262386,0.3496728,0.27392676,0.3395183,0.25130495,3881.383875119963,697.3446439636266,0.18931631554760062,0.08509864811734172,0.12002136,0.041697733,reggae,reggae.00088.wav,c:\Users\darsh\Documents\Codex\2026-04-27\i-am-a-first-year-computer\Data\genres_original\reggae\reggae.00088.wav
-194.45694,157.13971,-14.128242,44.053368,3.4784238,17.465809,2.9772444,5.833764,3.0153089,1.075528,2.5912235,0.79981035,0.64917696,-2.4909732,0.8378123,1.3831848,-4.2748632,-0.53351504,-1.967373,-1.341783,90.6578,38.931145,27.869734,20.877127,13.530459,9.188941,9.900578,6.8388653,7.6851354,6.862889,7.4554276,5.4817853,5.639333,5.69679,7.046076,6.5147433,6.142331,7.6528163,7.5599685,6.6870875,0.30769256,0.3382221,0.38113308,0.57311374,0.37751594,0.32100865,0.30224308,0.42343178,0.5318666,0.38497418,0.2851247,0.20762351,0.27700102,0.319735,0.277812,0.37076357,0.25935355,0.29484034,0.25885478,0.32608226,0.37344095,0.29201907,0.2289527,0.18468243,1052.002100832135,544.2246559586799,0.03803831874032508,0.026561536380940772,0.15138194,0.06290868,reggae,reggae.00089.wav,c:\Users\darsh\Documents\Codex\2026-04-27\i-am-a-first-year-computer\Data\genres_original\reggae\reggae.00089.wav
-127.36403,65.991806,4.458125,30.058987,16.647373,16.524984,-6.399656,15.28876,4.620023,5.104029,5.5857096,-0.76974213,6.0622187,3.7929256,-2.1860957,2.0060635,-5.5619044,7.7648025,-1.5139076,5.000389,70.34578,35.888405,29.460207,16.31705,13.674473,12.916443,12.095494,9.977581,10.138856,10.471913,8.815265,7.553414,7.7536936,8.150156,9.198092,8.337758,9.505278,11.114129,9.818739,8.216226,0.45637813,0.42547694,0.58235586,0.4080416,0.413524,0.41979724,0.541726,0.60709655,0.45585898,0.46607262,0.39981017,0.4639087,0.30324015,0.25871393,0.32999045,0.26631317,0.2772743,0.26043516,0.28719607,0.31596583,0.2724533,0.30589056,0.26026794,0.2955785,2867.992801312542,1163.7989274357194,0.13065151533475233,0.09885469574750745,0.1442626,0.09096025,reggae,reggae.00090.wav,c:\Users\darsh\Documents\Codex\2026-04-27\i-am-a-first-year-computer\Data\genres_original\reggae\reggae.00090.wav
-159.94081,92.81089,-28.709526,31.464264,-6.6107225,12.638019,0.8522681,10.961096,-2.074935,3.66625,3.579506,0.3230553,8.548466,2.8394167,6.7491617,4.869925,-7.0079427,3.97035,-0.7589572,-0.32640776,51.319637,25.125452,23.41667,16.363094,19.241505,11.1701,11.099041,10.8027725,9.776486,8.641048,9.483722,7.4345336,8.66953,8.987263,8.847895,7.516227,7.1742105,8.063899,6.880641,7.636222,0.42887828,0.3862457,0.47761688,0.37831306,0.340193,0.38051853,0.3520675,0.39808452,0.3260993,0.4593565,0.41901806,0.42954114,0.30288446,0.27286768,0.33071178,0.28415328,0.27461457,0.32466903,0.27504635,0.30475944,0.25283104,0.31880492,0.2995286,0.29458272,2314.4949684089943,559.4413706520235,0.12388965146091331,0.04818122652856555,0.0688135,0.030584881,reggae,reggae.00091.wav,c:\Users\darsh\Documents\Codex\2026-04-27\i-am-a-first-year-computer\Data\genres_original\reggae\reggae.00091.wav
-138.14389,101.46947,-35.31705,36.162956,-9.493778,14.762183,-0.2333289,11.528228,-2.106009,3.4052167,4.204796,0.13827956,9.009115,2.7621336,6.2368755,5.7381325,-7.9380713,5.202521,-1.4864928,0.45219177,51.243484,24.60836,22.717663,16.1284,18.849255,11.532179,11.895935,10.80779,10.215713,8.984791,9.781469,7.6956887,9.174852,8.949763,9.356986,7.900402,7.599218,8.434472,7.4706264,7.8056026,0.423449,0.39147997,0.48496866,0.35996073,0.3491304,0.37585056,0.35510305,0.39953065,0.3307513,0.47882724,0.40713257,0.43150723,0.30933502,0.26595834,0.3330152,0.2795384,0.2871447,0.32401213,0.27258676,0.306027,0.25447118,0.32656232,0.29509303,0.29533768,2170.7030022441018,497.12240245617045,0.12004009046052631,0.046923070042571915,0.0921382,0.04132403,reggae,reggae.00092.wav,c:\Users\darsh\Documents\Codex\2026-04-27\i-am-a-first-year-computer\Data\genres_original\reggae\reggae.00092.wav
-147.45053,113.27776,-6.2796283,9.0886135,24.541445,-9.80251,13.136196,-1.99092,-2.7045507,12.230323,-4.1125245,-1.0004735,1.969945,1.4699806,0.0039846227,-3.005542,-3.5841715,-3.887594,-0.5127023,-3.0621505,74.54612,27.703632,26.71195,17.426107,21.023966,16.459454,14.745209,13.444755,11.979972,12.097565,9.792986,9.969696,8.337809,8.891151,8.933536,9.508817,7.537683,7.850327,8.622749,9.040276,0.34141427,0.31133223,0.45634905,0.3170147,0.33373335,0.26009133,0.3805536,0.56091154,0.3978294,0.39281043,0.3032301,0.39490414,0.29507938,0.23659968,0.34473395,0.23534988,0.2961899,0.2192823,0.27682567,0.3555627,0.26783502,0.32421932,0.2452438,0.3077867,2109.6362127896273,836.435148931279,0.08934072961010062,0.04462972391776663,0.107127175,0.04196894,reggae,reggae.00093.wav,c:\Users\darsh\Documents\Codex\2026-04-27\i-am-a-first-year-computer\Data\genres_original\reggae\reggae.00093.wav
-97.762924,108.83715,-24.923462,21.31974,12.549697,7.7659984,-3.3035848,3.5284224,0.68943727,4.195522,-9.684725,4.261558,2.4569168,-6.625021,-3.161061,-1.1035149,-4.8361926,-0.116131395,-7.4346824,-7.7060375,45.20421,28.81127,18.41927,13.741153,10.576103,10.00229,9.593778,8.465318,8.509578,7.286217,7.3610053,6.508817,6.8595586,6.0860457,6.150565,6.9342265,6.4223313,6.737755,6.540158,5.8465266,0.2807923,0.28023687,0.45617774,0.50946444,0.29155773,0.2490391,0.27464947,0.36772436,0.44760293,0.38568783,0.47940716,0.365066,0.2422722,0.22849661,0.32542336,0.35452977,0.229999,0.22453922,0.25362045,0.26909393,0.34063044,0.24676257,0.343612,0.27374136,2022.437501264683,738.8769098957176,0.09566646611358359,0.05108440476826419,0.13470538,0.036216013,reggae,reggae.00094.wav,c:\Users\darsh\Documents\Codex\2026-04-27\i-am-a-first-year-computer\Data\genres_original\reggae\reggae.00094.wav
-69.031685,79.13812,13.089321,29.371021,0.26556176,4.15653,-0.4426138,0.18855524,2.8111446,0.5979991,-2.7980497,-0.51655084,-3.1858015,-7.214459,-4.4119573,-6.804215,-9.37836,-2.347947,-5.95103,-7.3565593,52.687885,16.910406,22.857466,11.680779,10.276486,8.534005,10.931842,8.961525,7.816736,8.878719,5.969211,6.4612627,6.757849,5.823697,6.2517543,6.377077,5.3978896,5.6429367,5.4449105,5.7457066,0.6589928,0.41360933,0.32958695,0.33563632,0.48205903,0.45837134,0.41326928,0.48889428,0.38429967,0.4017137,0.32381755,0.404762,0.32426673,0.22976413,0.26078442,0.22461155,0.27864382,0.29437572,0.2870508,0.3310104,0.24222775,0.28301024,0.22673805,0.23095094,2617.582608076272,713.5715515017517,0.10321517330205109,0.05123071935770796,0.16228151,0.064256966,reggae,reggae.00095.wav,c:\Users\darsh\Documents\Codex\2026-04-27\i-am-a-first-year-computer\Data\genres_original\reggae\reggae.00095.wav
-167.0121,116.64277,-44.190365,70.50381,2.3206954,16.017593,12.503347,4.1003556,5.3281403,4.525841,7.307661,7.587458,2.906153,1.4778135,1.1352506,-3.127623,-1.9610993,-1.0093392,-4.656004,-4.956987,82.87827,27.341562,30.052279,15.164269,19.791355,11.445685,12.545661,10.984815,9.99722,9.174728,8.434727,7.940422,7.638187,7.590812,6.873097,6.4540486,6.0791397,6.2755094,5.6595516,6.002256,0.38067257,0.3207677,0.39419538,0.4131384,0.5369633,0.5150273,0.5473414,0.5210008,0.37126333,0.31189334,0.29390824,0.38904864,0.31495512,0.24248911,0.30685472,0.26306152,0.3480943,0.2959923,0.30533418,0.33421397,0.27092046,0.24725077,0.26143488,0.33649945,1629.473422777735,715.1470857036228,0.07962990397639319,0.06443671932503761,0.16214606,0.07133423,reggae,reggae.00096.wav,c:\Users\darsh\Documents\Codex\2026-04-27\i-am-a-first-year-computer\Data\genres_original\reggae\reggae.00096.wav
-142.7909,103.117455,-15.232358,38.268044,-12.985988,2.749526,-1.6750331,-3.4322703,-4.448259,-9.285494,-10.124065,-2.116807,-4.4709153,-7.905639,-3.7472816,0.5096163,-5.032232,0.30626723,1.5896959,1.2246901,63.743015,20.322477,23.125162,17.670086,11.950964,12.519441,13.996947,9.265415,9.387142,9.292593,8.248271,8.215597,7.6278815,8.451205,6.600249,7.8838162,7.2584753,8.611897,10.90366,10.544792,0.41541553,0.24095541,0.22183603,0.20272176,0.29228082,0.36334303,0.1919055,0.23002887,0.2568962,0.3865665,0.24952008,0.21313028,0.38167524,0.21785039,0.2902405,0.22833645,0.27704814,0.35746047,0.19312233,0.2993556,0.27037212,0.35934484,0.2702368,0.21179627,2007.1841367892719,552.7055685878354,0.09403079951141641,0.04153411097945919,0.110719286,0.051044982,reggae,reggae.00097.wav,c:\Users\darsh\Documents\Codex\2026-04-27\i-am-a-first-year-computer\Data\genres_original\reggae\reggae.00097.wav
-134.68275,93.56442,8.52157,34.86943,3.2855153,15.515956,4.9638395,8.545496,-1.2880833,2.734835,5.0694065,11.86001,4.4103737,2.062867,1.3174813,0.29476428,-2.326158,0.38394576,0.9154461,-0.44093436,71.07861,22.706259,17.79095,14.475591,9.978087,10.640052,10.026114,7.774124,10.114012,8.955799,9.789734,8.250658,6.436811,7.1387324,7.49628,6.817529,6.330128,7.134958,6.7142305,8.8924265,0.5696139,0.44795826,0.5165779,0.5206903,0.4264378,0.36073261,0.3430781,0.4693626,0.30762392,0.2540225,0.27124766,0.43324488,0.34439713,0.2734881,0.31266424,0.31478274,0.26484087,0.29066885,0.24780554,0.35904476,0.25742057,0.19991143,0.171101,0.28186998,2025.3801449478724,757.8166806914471,0.06482538276412539,0.04142857278995524,0.13910417,0.046858415,reggae,reggae.00098.wav,c:\Users\darsh\Documents\Codex\2026-04-27\i-am-a-first-year-computer\Data\genres_original\reggae\reggae.00098.wav
-67.13854,80.72981,-43.87338,57.724434,-12.790912,33.593773,-7.7334523,14.1250515,-1.2325958,7.4195833,-2.0364301,6.1105623,-6.631473,-1.0051322,-4.763684,1.0528477,3.4916236,4.5339885,-1.2926301,-3.1491413,53.120506,30.958967,17.563623,8.306716,8.203134,8.387038,7.4278064,7.362527,8.309574,6.8235736,6.4632573,6.912117,6.588035,5.556233,5.0821133,5.7808,6.5541353,6.3499694,5.060893,5.004514,0.40618315,0.42151064,0.40875682,0.48902684,0.5997871,0.5455861,0.37311375,0.35859293,0.34529895,0.65411735,0.3075566,0.2652228,0.27730486,0.21089186,0.26780885,0.2918214,0.26028395,0.29238456,0.23354514,0.27703393,0.22323486,0.353553,0.22976542,0.19786502,2466.3392174966807,673.5117468926259,0.13958721338041796,0.06456079525441209,0.18010452,0.038568363,reggae,reggae.00099.wav,c:\Users\darsh\Documents\Codex\2026-04-27\i-am-a-first-year-computer\Data\genres_original\reggae\reggae.00099.wav
-116.63067,109.278175,-23.151485,40.68846,-11.896858,23.155596,-15.398657,15.127643,-13.522637,12.695952,-10.886425,8.505531,-11.57876,2.1894636,-6.196372,2.0095916,-7.949274,2.0847383,-2.386689,-1.5323056,76.48398,22.023754,19.208176,12.692881,13.991223,11.283404,11.411636,7.982919,10.575397,7.6960273,8.777678,7.3922176,6.2538466,7.7293296,8.494597,8.459683,5.965084,5.7469454,5.512411,7.6031103,0.37515464,0.48952365,0.4955241,0.41709965,0.47670573,0.33138153,0.2834651,0.32564107,0.38808602,0.5038662,0.28757244,0.27481368,0.271725,0.28046906,0.3231878,0.24189943,0.33783746,0.28425547,0.23886903,0.2938917,0.25847852,0.34817013,0.22698987,0.22975673,1995.8245086755824,503.24795182655333,0.09019522179760062,0.04045990416296029,0.12913728,0.071991,rock,rock.00000.wav,c:\Users\darsh\Documents\Codex\2026-04-27\i-am-a-first-year-computer\Data\genres_original\rock\rock.00000.wav
-111.17635,134.16852,-24.667322,41.557487,-3.073013,28.49442,-10.584973,14.932527,-14.398836,8.850727,-4.5540066,9.948248,-4.6702337,3.6337464,-5.548107,3.369797,-4.94975,-1.4712832,0.09478982,-5.328055,56.11677,27.307257,17.84808,14.262846,11.459232,8.553893,12.10433,7.324203,10.905067,7.04013,8.448205,7.8772917,7.349253,5.8960886,7.0277414,5.310662,6.185684,6.166237,5.6296425,6.0989156,0.29505676,0.31933483,0.33850855,0.3939998,0.47900748,0.31341708,0.27690053,0.3085124,0.4132935,0.4973171,0.3940161,0.35675815,0.296421,0.28664926,0.32378274,0.24791399,0.35643762,0.2253245,0.27600336,0.26614165,0.31485608,0.35888952,0.2813816,0.2845529,1529.3175590522962,476.452127165991,0.054981526944659444,0.029165058446442287,0.1804532,0.0701067,rock,rock.00001.wav,c:\Users\darsh\Documents\Codex\2026-04-27\i-am-a-first-year-computer\Data\genres_original\rock\rock.00001.wav
-120.49428,117.59749,-27.599688,42.82584,-6.756322,21.662518,-12.098573,17.943407,-10.448061,12.274321,-6.567336,13.528419,-2.413079,6.703759,-3.1467266,5.470716,-2.2395399,1.0572805,-1.651923,-0.04232545,89.97153,29.263117,23.406284,13.932437,17.219053,12.474016,10.677992,7.722168,10.851481,7.8174825,9.615035,6.6857986,8.072876,6.8616357,8.58637,5.734105,6.7831078,6.940523,5.6965666,5.5865664,0.5072117,0.48415974,0.73007303,0.39707148,0.28901178,0.2755721,0.29284605,0.29484883,0.42659077,0.6153427,0.45199713,0.47728053,0.29647607,0.21857189,0.31040138,0.18047725,0.22121714,0.23541744,0.22214505,0.23076375,0.25523648,0.3030648,0.27852613,0.33999026,1874.829786811176,685.1540593805545,0.0767569054760062,0.047500401201067785,0.14855237,0.08097607,rock,rock.00002.wav,c:\Users\darsh\Documents\Codex\2026-04-27\i-am-a-first-year-computer\Data\genres_original\rock\rock.00002.wav
-156.60326,130.69366,-1.4667768,36.238716,0.37273532,31.98139,-0.6227637,20.141378,-11.335083,13.838637,-3.776273,11.534398,-3.2221892,5.0622387,-1.7910414,3.5396824,-2.4512622,-0.7277508,-1.4179354,0.6315323,73.25851,27.101746,20.154928,12.291649,15.680836,9.767736,11.944807,8.534289,10.297795,7.017066,9.1305065,8.371518,8.297586,7.095619,7.5645156,5.311855,5.742497,5.7467904,6.2709455,5.96809,0.343559,0.25163457,0.24752396,0.32038417,0.4762217,0.48106527,0.44968992,0.4815372,0.4858506,0.44149387,0.30888733,0.27374503,0.34215912,0.23385236,0.24366067,0.2629882,0.33582258,0.3450181,0.29063457,0.29324332,0.33354053,0.36332428,0.27372637,0.23491047,1421.4880254979385,654.5894348003784,0.04309724506578947,0.03065007736724035,0.15116914,0.063112296,rock,rock.00003.wav,c:\Users\darsh\Documents\Codex\2026-04-27\i-am-a-first-year-computer\Data\genres_original\rock\rock.00003.wav
-127.97257,134.44722,1.025668,54.43773,-0.46697685,35.82834,-10.860184,16.379753,-10.032896,6.6001406,-6.6998053,11.046619,-8.382891,2.1126204,-6.3423553,0.9954608,-5.329534,-0.8412493,-4.6685543,-4.7869077,56.444782,28.794815,21.240263,12.438632,12.697245,10.122143,11.542875,6.60313,10.635014,9.363122,8.150161,8.206788,8.103343,7.24829,6.272211,6.1447916,6.805415,6.563187,5.2040653,5.2585998,0.3635021,0.36755154,0.35945848,0.33117038,0.28575367,0.25748312,0.3042809,0.53370535,0.5168058,0.47150677,0.364341,0.31727824,0.30534276,0.28581834,0.3092676,0.28606966,0.2591503,0.24043459,0.22876745,0.35776827,0.27741322,0.3464556,0.27953145,0.23009866,1345.8882551385968,690.441503787613,0.04109914679276316,0.03642771763540523,0.20868327,0.04268563,rock,rock.00004.wav,c:\Users\darsh\Documents\Codex\2026-04-27\i-am-a-first-year-computer\Data\genres_original\rock\rock.00004.wav
-62.381714,153.7731,-55.11629,28.017727,-6.8514705,17.47647,-22.606953,18.144703,-12.586429,4.4948964,-8.387154,7.2041183,-2.5257893,4.835434,-6.275536,-0.7264992,-2.2768295,-5.245155,-5.220955,-6.282929,39.666042,31.235018,14.936363,11.970963,12.543203,9.986398,13.792401,8.863406,11.532647,8.702206,7.866521,6.8836875,6.909711,5.353166,5.6507525,6.7104616,5.2128716,6.4735775,5.370921,5.7805643,0.63581234,0.46363345,0.44848368,0.33139962,0.4036416,0.19784755,0.23316656,0.27615187,0.31390136,0.4836353,0.3215844,0.41221845,0.33843192,0.23191883,0.34651253,0.23546891,0.27588987,0.1492297,0.1959193,0.20200554,0.21496102,0.3786832,0.21681312,0.24515189,1542.2216281068565,335.92140443788736,0.07701994243421052,0.01786228881351821,0.20368445,0.05564927,rock,rock.00005.wav,c:\Users\darsh\Documents\Codex\2026-04-27\i-am-a-first-year-computer\Data\genres_original\rock\rock.00005.wav
-98.37914,136.61774,-46.718246,46.476067,-17.166426,10.52016,-14.581245,16.550787,-12.337286,3.6909735,-12.654891,2.9554558,-12.512315,0.097405635,-0.78016055,-5.695947,-8.634934,-1.901795,-2.1870081,-3.391345,51.929806,25.870731,18.429703,15.9824095,14.613173,12.116451,10.815344,10.638206,9.935461,9.262659,9.373975,8.875714,8.0321,7.8852844,8.498769,7.9502554,8.1042795,7.2682347,6.4132485,6.7040305,0.32089964,0.44583204,0.44287053,0.5140585,0.27523118,0.22428514,0.2787034,0.3266933,0.43658617,0.32619342,0.30655566,0.2359517,0.27125245,0.34432927,0.2699992,0.34383443,0.21853034,0.22915612,0.27146292,0.30403593,0.32569116,0.26432088,0.28961292,0.22806197,1675.4999364261096,457.6768065675634,0.0872942567240712,0.03640515147997517,0.180115,0.05979728,rock,rock.00006.wav,c:\Users\darsh\Documents\Codex\2026-04-27\i-am-a-first-year-computer\Data\genres_original\rock\rock.00006.wav
-140.44441,149.30034,-10.059853,38.74818,1.5280161,20.129011,-11.331474,16.29449,-13.257334,10.190117,-9.253554,4.7002983,-8.369613,2.2758238,-6.5116615,-1.624957,-6.491124,-4.7229056,-2.5751228,-1.7881634,54.192497,23.617851,16.540916,11.646423,12.756277,8.460498,9.5030985,8.201509,12.088171,9.632685,9.295869,7.136808,7.1477404,6.7603674,6.9346056,7.096605,7.287672,7.0306244,5.851808,5.374442,0.40876472,0.34233105,0.36776862,0.29006466,0.5176886,0.52180374,0.3335201,0.31769007,0.35596633,0.36624122,0.20831944,0.28090718,0.30798897,0.25848404,0.32338673,0.21098477,0.32749072,0.3508814,0.25337073,0.31045485,0.26504916,0.30726466,0.21177548,0.22550195,1282.2760121933156,547.6809784030427,0.04718867913119195,0.03225144107326819,0.15703405,0.060326744,rock,rock.00007.wav,c:\Users\darsh\Documents\Codex\2026-04-27\i-am-a-first-year-computer\Data\genres_original\rock\rock.00007.wav
-14.937181,138.4251,-41.898533,22.075092,-18.672733,31.99365,-20.37348,15.692359,-17.352715,14.868898,-8.898109,12.249725,-5.82301,9.966224,-3.166884,1.974074,-6.924239,3.1174815,-2.9878943,-6.678657,24.21933,13.92436,8.450454,9.866028,7.56588,6.0829597,6.3708825,6.639455,7.1099024,4.385247,5.062299,6.0668316,5.9279156,5.4793515,5.0021048,4.649204,5.1191063,4.472994,4.346154,5.661728,0.36043307,0.47767076,0.40325516,0.36915684,0.33487308,0.2925356,0.37757492,0.52050465,0.47602475,0.53417593,0.39381924,0.36593094,0.2503117,0.30738646,0.26442862,0.24843581,0.26712748,0.22794938,0.282792,0.32962915,0.23337676,0.35149205,0.25337175,0.2792767,1717.3419433944864,217.17296868198622,0.0849809676131966,0.01758438500609017,0.26079556,0.03035895,rock,rock.00008.wav,c:\Users\darsh\Documents\Codex\2026-04-27\i-am-a-first-year-computer\Data\genres_original\rock\rock.00008.wav
-178.59238,153.9898,-4.9495006,21.926918,-2.0618477,23.677855,-1.291936,11.558475,-6.0403795,4.955241,-2.9516737,5.40618,-4.121704,2.9820895,-5.323764,-8.825106,-11.073638,-3.212779,3.8551219,3.5541477,68.9682,29.770412,21.371632,14.18925,11.67128,8.736836,11.331213,8.4591875,10.499986,8.274884,7.9040856,6.104921,7.954728,7.2103224,7.059756,7.5894556,6.3454356,5.474089,5.737051,5.7006807,0.54472613,0.31287158,0.314799,0.22596098,0.37898204,0.5478611,0.60728204,0.53638506,0.2980107,0.2862013,0.1453179,0.31569052,0.3296785,0.19897012,0.30731234,0.15535358,0.27223232,0.34377378,0.27961215,0.30524227,0.255385,0.3145445,0.12714754,0.24577871,1181.5495135430565,524.8676053405902,0.04254093701625387,0.019729796434762095,0.12820888,0.061624885,rock,rock.00009.wav,c:\Users\darsh\Documents\Codex\2026-04-27\i-am-a-first-year-computer\Data\genres_original\rock\rock.00009.wav
-108.98643,114.95591,-5.198552,46.20658,-9.133127,20.515318,-17.025162,24.214722,-8.057453,13.438206,-18.381256,8.588361,-11.40596,1.884273,-10.553585,-0.25984254,-11.800166,-6.5043545,-4.3081517,-2.7400763,51.739746,21.439999,18.295876,13.040316,11.195235,11.838807,10.373614,9.242599,8.819037,7.996964,7.297346,7.504062,6.9220357,7.0896554,6.7432923,5.648784,6.7500806,6.2695856,6.9426036,5.754261,0.34359452,0.41251343,0.45657736,0.29676154,0.3107105,0.26441824,0.38540116,0.46517268,0.4615875,0.5474577,0.42334816,0.4109419,0.2667158,0.29472008,0.33130002,0.23144513,0.25508836,0.21938545,0.28085053,0.3383101,0.27040106,0.322535,0.27399096,0.31510448,1857.8624034566847,616.6346826628054,0.07170251427051083,0.04235086299071824,0.15343888,0.05189988,rock,rock.00010.wav,c:\Users\darsh\Documents\Codex\2026-04-27\i-am-a-first-year-computer\Data\genres_original\rock\rock.00010.wav
-169.73999,119.115036,7.1710987,53.430897,4.141932,23.13069,-5.7138543,24.995337,-9.326624,13.470993,-14.286962,5.954391,-13.598769,0.77017224,-10.468751,0.080466844,-4.3727274,1.1727644,0.4874291,-5.829122,53.807716,24.859205,20.006655,14.7067,11.816132,11.264791,9.551438,8.455161,8.292574,7.762689,7.426737,7.2268467,6.8773866,7.9916253,7.151502,7.487293,8.433171,9.841302,8.944725,8.702633,0.37819052,0.28492144,0.26896212,0.3416548,0.23046318,0.24545595,0.24032322,0.4139967,0.65753794,0.41895154,0.34792033,0.2903081,0.3264714,0.26137677,0.23485617,0.31618357,0.20625442,0.28720126,0.22311568,0.27582735,0.34004083,0.24593139,0.3202449,0.22673215,1536.9871799571386,701.2435196697215,0.05433413856907895,0.04011039565297944,0.12337732,0.030746937,rock,rock.00011.wav,c:\Users\darsh\Documents\Codex\2026-04-27\i-am-a-first-year-computer\Data\genres_original\rock\rock.00011.wav
-204.65546,107.00343,-10.197387,45.559887,3.03639,24.009134,-7.5013742,20.058529,-5.1709266,8.742728,-10.101094,4.365466,-6.9596443,4.693014,-8.222786,-0.82612133,-9.628689,-7.393809,-9.437464,-3.1371024,76.105545,29.648315,18.806679,15.39308,15.254057,12.848666,13.3827715,11.629501,12.505663,9.160461,8.901385,8.646595,7.7634254,7.352075,8.434988,7.223515,7.5891137,7.4213476,6.2332144,6.840914,0.34187993,0.41789228,0.3491662,0.29318747,0.30544984,0.2799746,0.30416077,0.27389058,0.3687723,0.416905,0.36125585,0.35425788,0.2942524,0.36001557,0.32006058,0.26602533,0.31104377,0.24398804,0.33196792,0.23649132,0.33184543,0.34084746,0.31611997,0.34137407,1863.089813447186,901.4165685854452,0.06819006385448917,0.05652586771788083,0.07588579,0.03612932,rock,rock.00012.wav,c:\Users\darsh\Documents\Codex\2026-04-27\i-am-a-first-year-computer\Data\genres_original\rock\rock.00012.wav
-211.2083,95.768036,40.58083,68.30281,5.3151,30.973612,-5.270473,22.828838,-1.615061,17.489037,-11.487266,8.734695,-10.4560175,5.72383,-7.8924246,3.727533,-6.62752,-1.2788161,2.7943084,6.274991,68.30925,29.287775,27.423893,16.549833,12.756938,12.039966,10.825574,10.890972,12.170085,8.92311,7.768587,7.820881,7.3677387,7.4210496,6.917045,6.4445553,9.02073,9.861597,10.306434,8.7839775,0.37798172,0.3712399,0.5630761,0.5793906,0.4669556,0.50630265,0.36757755,0.36213472,0.32834905,0.42387187,0.5373134,0.40097782,0.29778168,0.23649475,0.31515506,0.34917346,0.2732732,0.31304067,0.2526623,0.3170678,0.28420636,0.29071745,0.31727108,0.24419352,1596.5231665437618,839.024486043989,0.046099872411958204,0.03847871738150854,0.13374001,0.044163357,rock,rock.00013.wav,c:\Users\darsh\Documents\Codex\2026-04-27\i-am-a-first-year-computer\Data\genres_original\rock\rock.00013.wav
-256.5845,103.170715,-8.463653,48.59315,-4.1831107,17.341555,-6.6681957,17.038635,-4.5991197,5.3215876,-10.013156,8.242727,-6.1991887,3.4362078,-3.646894,1.6950731,-5.41009,-3.2497907,-3.8716671,-1.0307319,111.65917,36.632507,25.540792,19.019594,20.753565,14.502183,16.790903,13.75373,13.820827,10.498368,11.523848,9.958649,9.439869,9.440614,9.004762,7.8651986,7.768764,6.5736084,8.64379,7.5219574,0.3780149,0.2916687,0.3035011,0.3133936,0.34859183,0.35688597,0.49946877,0.47686267,0.38384148,0.30958343,0.3984125,0.5060731,0.29689065,0.2534728,0.28450012,0.2813469,0.34628183,0.29639372,0.32881925,0.3243501,0.31226617,0.27138367,0.30754977,0.37273017,1935.4498295716771,957.9746071198674,0.08359435468266253,0.07475118088407692,0.053521454,0.033535693,rock,rock.00014.wav,c:\Users\darsh\Documents\Codex\2026-04-27\i-am-a-first-year-computer\Data\genres_original\rock\rock.00014.wav
-174.94176,90.89378,-18.696543,41.621613,-8.882181,9.0975895,-12.460493,13.123887,-9.697834,4.3378367,-13.489968,6.743155,-10.383936,7.1506324,-5.797456,0.7992599,-8.139413,-5.7164297,-3.3642786,-0.42180863,59.99569,40.53704,25.117477,16.075163,17.56133,13.204436,14.268253,13.022952,11.621984,10.512312,11.025654,10.540956,10.376206,7.8604355,9.343976,8.019968,8.787006,7.879885,6.8641114,8.198386,0.37177086,0.3783321,0.6903763,0.33705705,0.24340308,0.2476887,0.21075511,0.3139395,0.28948787,0.34814322,0.3673408,0.3263122,0.3271459,0.24178718,0.33940727,0.24156736,0.23689592,0.25094408,0.19612676,0.28989205,0.27555496,0.32749826,0.30560893,0.29579863,2336.111675735068,1023.5346240634933,0.11420150142705109,0.08064180492087063,0.08229963,0.0556795,rock,rock.00015.wav,c:\Users\darsh\Documents\Codex\2026-04-27\i-am-a-first-year-computer\Data\genres_original\rock\rock.00015.wav
-15.687386,100.09827,-37.590454,45.971,-20.773737,25.637007,-18.64387,26.516623,-20.16317,21.12962,-13.649135,10.978789,-15.535991,3.6814206,-7.7146096,3.9337351,-8.12184,6.9547653,-2.0548267,3.907962,18.379215,13.5986805,13.127217,11.228865,9.332349,7.32693,7.0780053,5.885648,7.1245756,6.660345,5.9642777,6.7137527,6.181832,6.175799,6.100303,5.161615,6.563399,6.9255476,5.789234,5.988873,0.37501788,0.37983778,0.46053874,0.41229725,0.47898018,0.526107,0.45214313,0.5776039,0.55066484,0.50323933,0.44373804,0.3763167,0.2601681,0.25753525,0.2675116,0.24102402,0.2806594,0.30465266,0.24641,0.30029908,0.28249192,0.2908112,0.29080346,0.25045764,2459.3807747248898,359.69513909818687,0.1428422957381966,0.034063371145174125,0.18442486,0.032006573,rock,rock.00016.wav,c:\Users\darsh\Documents\Codex\2026-04-27\i-am-a-first-year-computer\Data\genres_original\rock\rock.00016.wav
-41.43264,105.41607,-43.95048,54.109116,-18.417746,23.525932,-17.61779,20.664486,-18.462946,17.481682,-15.181072,11.308914,-14.158966,2.833206,-9.479148,3.3370886,-8.206202,3.6953027,-3.6791852,-0.16170004,32.169716,15.662667,14.513352,10.858244,9.195462,7.8821735,7.8901277,6.5955048,7.396687,6.165769,6.193791,5.779608,6.3538537,6.6318107,6.227598,5.9619303,5.9774327,5.9184494,6.451582,6.6344085,0.27014968,0.46608505,0.588754,0.38037542,0.46104494,0.36023,0.42718112,0.42260945,0.42682192,0.55780554,0.32532528,0.3401639,0.16816653,0.24974558,0.30371505,0.20275229,0.32010806,0.23456337,0.28729704,0.300972,0.2574229,0.3072571,0.20139328,0.2654779,2311.9417457073478,398.40704296048494,0.14058758526025542,0.034043832032853064,0.16596873,0.034751005,rock,rock.00017.wav,c:\Users\darsh\Documents\Codex\2026-04-27\i-am-a-first-year-computer\Data\genres_original\rock\rock.00017.wav
-67.55526,109.12109,-32.731323,45.65722,-11.699701,27.494364,-16.341742,22.087679,-15.454766,19.404106,-11.62111,11.591024,-10.5210705,4.4448233,-7.010192,5.037844,-6.7615237,3.813023,-2.6553216,-0.055492,37.441563,21.34528,18.685873,13.137606,9.587356,10.917429,9.329822,6.95317,7.80399,7.242948,7.8980155,5.952298,6.588112,5.9396725,6.365458,6.1859565,6.7609544,6.414319,6.019668,5.6820254,0.43450183,0.42426294,0.4327327,0.46114492,0.5621179,0.51000357,0.53411734,0.56045806,0.4996044,0.43722114,0.4402541,0.46642703,0.2776281,0.24595979,0.26489422,0.25557736,0.3193271,0.2691626,0.2909944,0.30083865,0.27352932,0.2699994,0.25668046,0.2812107,2209.573799429134,528.7599650433128,0.11580542218943499,0.05007797507329598,0.14070792,0.046685457,rock,rock.00018.wav,c:\Users\darsh\Documents\Codex\2026-04-27\i-am-a-first-year-computer\Data\genres_original\rock\rock.00018.wav
-84.21731,102.35073,-41.346844,47.032883,-16.961946,26.242182,-18.962618,18.802513,-21.695795,11.055486,-19.242598,5.239128,-16.765684,1.1029651,-9.672751,1.0961795,-7.5460687,3.2413175,-4.718833,-0.3140651,44.811638,16.887432,15.828482,14.055897,7.971724,8.697488,8.361265,8.517018,8.403475,8.963008,7.1127324,7.4080534,5.2302756,6.3708453,6.316503,5.9373283,6.1704164,6.124153,5.261759,4.669349,0.34302577,0.37124428,0.3513876,0.43198818,0.5659596,0.48306188,0.4534836,0.41918314,0.59120154,0.37475228,0.35064232,0.4948946,0.19377531,0.28087378,0.26185822,0.22225645,0.32218283,0.24786,0.3084649,0.24553412,0.33399522,0.23897101,0.22312196,0.26815954,2321.139396040278,404.409541395981,0.12819952713815788,0.04338128100114103,0.11218207,0.03821396,rock,rock.00019.wav,c:\Users\darsh\Documents\Codex\2026-04-27\i-am-a-first-year-computer\Data\genres_original\rock\rock.00019.wav
-56.94345,115.210526,-30.444605,37.203808,-21.994804,21.870764,-19.770649,14.999988,-24.074703,17.787262,-17.27864,6.7524276,-10.744573,0.82344145,-10.163564,3.6828916,-8.563292,-0.9132154,-2.5268016,-1.9751105,44.927444,22.390413,17.665895,10.797608,11.900801,10.312846,8.110653,7.2167473,8.614612,8.049272,7.329289,6.5333714,7.0951266,5.531334,5.804496,5.7229447,5.9785237,6.6855564,5.5698276,5.940648,0.30336404,0.3167512,0.5132279,0.7074208,0.38828266,0.3419612,0.33456224,0.3767315,0.36351117,0.35549513,0.48807907,0.28867164,0.27000108,0.22788154,0.28301618,0.31164724,0.21092102,0.27380607,0.25382692,0.24939588,0.2825479,0.22947519,0.29312104,0.21342246,2188.2645254060567,565.5632079826476,0.11758961397058823,0.05075101006941557,0.15241936,0.045143668,rock,rock.00020.wav,c:\Users\darsh\Documents\Codex\2026-04-27\i-am-a-first-year-computer\Data\genres_original\rock\rock.00020.wav
-55.33061,114.44246,-34.06889,37.984398,-22.331318,18.526556,-18.157928,13.806143,-27.803474,18.161308,-14.623385,6.5552106,-8.269667,-2.2520103,-11.609422,2.499924,-10.946987,0.7085563,-0.6801813,-0.06256245,35.372585,20.507181,16.489826,12.591362,13.600186,10.64176,10.461074,7.7022953,9.951635,8.327142,7.0025196,7.5814486,7.0281487,7.161993,6.098647,6.335491,6.6044855,6.773962,6.2606506,6.7042985,0.30433118,0.43184683,0.35165367,0.42408028,0.40294304,0.53655213,0.48439696,0.36903927,0.52508193,0.3544812,0.2834916,0.24662292,0.22084892,0.30091763,0.24400736,0.30128,0.25964662,0.31538332,0.29457626,0.23922865,0.3288915,0.22871937,0.24803677,0.20521976,2157.8298998957625,499.48815540406144,0.12160357306985294,0.05365369660669163,0.16148923,0.05040263,rock,rock.00021.wav,c:\Users\darsh\Documents\Codex\2026-04-27\i-am-a-first-year-computer\Data\genres_original\rock\rock.00021.wav
-34.62348,106.51091,-41.074825,33.66884,-27.234531,21.39769,-21.319239,14.007784,-27.776123,16.06719,-18.824478,5.6543665,-14.290796,0.82021254,-10.535016,4.4421945,-7.468857,2.0718632,-2.9032283,-0.36146072,34.249706,22.074284,19.709312,11.1241255,9.857698,9.485845,10.452266,6.6541495,10.483521,8.8671255,6.7214565,6.7655706,6.7563043,7.135269,6.467136,7.305311,6.3347373,7.601057,6.3884306,6.1957507,0.27134442,0.29904357,0.41185766,0.61158437,0.42780533,0.35546777,0.42110237,0.47563776,0.38529125,0.3826207,0.60102236,0.3481482,0.2490482,0.2308306,0.25797647,0.31006098,0.24599098,0.24156842,0.29700476,0.2746398,0.2767565,0.22271168,0.2976849,0.2241824,2342.3353774211027,506.88925343945726,0.13848895849458204,0.04709141984731301,0.17382123,0.047589466,rock,rock.00022.wav,c:\Users\darsh\Documents\Codex\2026-04-27\i-am-a-first-year-computer\Data\genres_original\rock\rock.00022.wav
-88.292145,105.392944,-24.5107,41.848503,-22.37644,23.734203,-19.802425,15.150589,-27.119736,13.858993,-15.214505,8.941474,-12.80437,-1.1132362,-10.047708,1.7845204,-7.3529396,7.1009984,0.5957761,2.513125,55.209995,24.202717,12.809298,10.724026,10.920527,11.087517,8.870375,11.498687,10.104217,11.359042,7.8751774,6.6782255,7.1778398,7.667082,9.038702,6.719448,8.872137,7.9386315,7.8114696,8.43093,0.20131452,0.16136266,0.32642755,0.39444843,0.23094027,0.40775892,0.300006,0.3729515,0.28055966,0.24626595,0.38261372,0.22683547,0.23101225,0.16097087,0.2799542,0.35426563,0.14549987,0.38401955,0.2426855,0.34996086,0.28905082,0.20595683,0.3321122,0.21467191,2295.565769219044,627.4780490673099,0.11561872641737617,0.04864604524131928,0.13574292,0.040883273,rock,rock.00023.wav,c:\Users\darsh\Documents\Codex\2026-04-27\i-am-a-first-year-computer\Data\genres_original\rock\rock.00023.wav
-52.499744,99.702446,-47.39475,47.022385,-21.031916,22.886387,-18.293646,13.89262,-23.449203,13.509938,-18.669529,5.7055564,-12.89633,1.1990861,-12.417319,0.37735584,-9.145066,1.5957419,-4.1226177,0.30867356,33.067734,19.412687,20.838638,13.649417,12.14218,10.677321,6.863073,7.374558,8.068573,7.962853,6.79638,6.634801,6.436353,6.242083,5.6527734,6.187343,5.451376,5.4771986,5.587803,5.939861,0.3263757,0.35440153,0.5402936,0.34199628,0.38092315,0.37656322,0.5847079,0.40148014,0.35674086,0.49505278,0.33336014,0.3696783,0.22557828,0.22005771,0.3309289,0.21840844,0.2621464,0.25477567,0.3287154,0.26136142,0.2188138,0.31030524,0.20704173,0.27529457,2320.5556900857273,344.3201280083068,0.1434492459607198,0.044826109725764195,0.15652086,0.040173106,rock,rock.00024.wav,c:\Users\darsh\Documents\Codex\2026-04-27\i-am-a-first-year-computer\Data\genres_original\rock\rock.00024.wav
-47.051174,95.76596,-43.925434,52.077534,-22.552746,20.855412,-18.687845,19.244207,-21.265245,21.887394,-19.218746,9.456287,-12.582293,3.8869054,-8.500132,6.2726574,-9.128362,2.6871698,-2.443376,-1.8786502,23.961395,16.156986,15.885522,16.408073,11.185437,9.2896595,8.57799,7.0116634,7.087094,9.222436,6.0025716,6.8850203,9.1615925,6.079024,6.416751,5.718066,5.9885674,5.4939723,5.3179436,4.91719,0.35402474,0.290356,0.3169162,0.3838552,0.44919413,0.37311956,0.36055517,0.45428368,0.4977955,0.57466006,0.49096414,0.4355065,0.26385826,0.19812338,0.24808022,0.26066124,0.28948423,0.2636477,0.26081428,0.28906015,0.27931082,0.3160736,0.27238515,0.2953193,2510.3556189283613,379.8729123871011,0.15789020172213622,0.04380584486949259,0.14910567,0.039253347,rock,rock.00025.wav,c:\Users\darsh\Documents\Codex\2026-04-27\i-am-a-first-year-computer\Data\genres_original\rock\rock.00025.wav
-58.96633,106.565315,-31.794188,47.919727,-17.430267,27.756453,-14.035482,22.419859,-20.562475,19.568918,-14.586194,10.188967,-10.941551,4.5254526,-9.733946,4.615808,-10.116572,1.4642454,-3.0028913,-0.61609715,30.859734,19.554565,13.515964,11.161457,11.110621,9.368984,9.984715,6.7819667,7.308908,8.095915,6.4566164,5.9186654,6.945627,5.8031807,7.2146506,6.5624623,5.4684095,5.60658,5.7621627,5.6577263,0.45049646,0.33716843,0.50832045,0.2644282,0.30959108,0.49972004,0.40608928,0.49733657,0.33008632,0.39048758,0.29998833,0.30376565,0.34426272,0.19856292,0.36059064,0.18037254,0.2229397,0.3603587,0.24571909,0.32434174,0.21539034,0.25618255,0.22664845,0.22559118,2263.522165083779,480.787137749104,0.1229387879740712,0.0464061017224046,0.15269838,0.034311343,rock,rock.00026.wav,c:\Users\darsh\Documents\Codex\2026-04-27\i-am-a-first-year-computer\Data\genres_original\rock\rock.00026.wav
-123.34534,74.88169,-17.058035,31.609985,2.5446815,17.32831,-3.8152325,9.7234535,-7.237523,11.2586565,0.38198882,3.4685218,1.6636859,-3.1594355,-1.0820168,0.31572533,-5.9876003,-0.31926423,-2.3376036,-4.321616,51.364296,25.250029,16.537767,14.159244,10.397204,9.44906,10.098271,7.8355765,8.123568,6.8540716,6.6373115,6.998904,8.400514,7.0306816,6.644722,6.6106944,7.087002,8.526613,8.076692,7.1028304,0.31874844,0.35172153,0.3573939,0.44252998,0.38809165,0.53234506,0.47069454,0.37323067,0.42527884,0.40468165,0.4468455,0.31869012,0.27436775,0.29659232,0.23725721,0.32322985,0.23662342,0.32547963,0.3155096,0.27784553,0.3312427,0.27795947,0.31838548,0.26038682,2669.3593345236,677.9194859077227,0.13342209570917182,0.06750774555913243,0.07916758,0.01575516,rock,rock.00027.wav,c:\Users\darsh\Documents\Codex\2026-04-27\i-am-a-first-year-computer\Data\genres_original\rock\rock.00027.wav
-92.62163,101.8119,-33.467396,48.702248,12.402112,20.80687,8.704763,9.274925,2.7675457,5.239055,-9.331888,-3.4845622,-4.3514476,-4.6579022,-3.9693062,-3.1256862,-7.000376,-0.39668337,-1.1515986,-6.0074587,51.235596,27.469824,19.44442,14.483547,10.812858,8.177313,7.781615,7.5359464,8.000606,8.608701,7.0724397,6.679788,6.025344,5.07833,6.2330723,6.013294,5.524467,5.274661,5.9875317,5.8985786,0.40686667,0.39283642,0.38605747,0.40750027,0.35050073,0.47605357,0.34098765,0.37521,0.494807,0.55098885,0.658735,0.47236416,0.23746346,0.31300408,0.26357314,0.31019476,0.22811784,0.28650483,0.2396541,0.26396352,0.2929906,0.23845705,0.30653843,0.20990017,2047.1451067117212,594.8831532755243,0.101985399937113,0.036763591749087346,0.13879743,0.029674638,rock,rock.00028.wav,c:\Users\darsh\Documents\Codex\2026-04-27\i-am-a-first-year-computer\Data\genres_original\rock\rock.00028.wav
-42.447617,85.069405,-7.393643,40.71379,-1.0123376,18.935547,-3.5306551,5.8736205,-5.017307,4.24331,-3.18037,-0.57210755,-0.52737576,2.3468528,-0.36309707,-4.0984535,-3.8541589,-3.9137459,-5.782468,-4.3283887,37.03576,23.112135,17.581419,11.036642,8.694835,9.140055,7.478882,6.367172,6.4874883,6.8469477,6.601867,6.6732626,6.523481,5.778382,5.3891,5.749507,5.475753,5.037844,5.5345836,5.43349,0.5637409,0.5043622,0.51656836,0.35908034,0.34413835,0.36635485,0.40779486,0.47483125,0.3480243,0.38592944,0.3457158,0.40667224,0.34713927,0.2563084,0.31371903,0.2579325,0.25665554,0.26601115,0.2737185,0.32767352,0.23734266,0.26894444,0.23469578,0.26878032,2444.584086039301,610.041671138983,0.11148874383223684,0.04764056361159109,0.18004598,0.03508329,rock,rock.00029.wav,c:\Users\darsh\Documents\Codex\2026-04-27\i-am-a-first-year-computer\Data\genres_original\rock\rock.00029.wav
-131.44667,67.71616,32.899063,34.58986,-3.2580535,21.883932,-5.811073,10.241138,-7.0569263,2.297573,-4.3679585,-3.330299,-6.280027,-0.23067857,-1.9748887,-1.892943,-0.87943006,0.95149094,-1.5379335,-1.1708617,49.47248,28.930206,28.438843,18.606989,11.232287,13.747324,10.368312,8.260575,8.368664,8.895695,7.133886,6.7995334,6.762929,6.1939683,6.4583635,5.8913283,5.5345726,5.3810415,5.771372,5.897534,0.2719299,0.34288746,0.5329797,0.47947896,0.5178717,0.4412769,0.3314369,0.2645695,0.36835268,0.41436067,0.3387554,0.38016048,0.21699136,0.2350797,0.33609337,0.26341027,0.32125604,0.24787806,0.23967737,0.22338235,0.30292636,0.355536,0.25869262,0.3048404,2945.1945450846843,850.920929030266,0.11496000024187307,0.06064547022684396,0.09645353,0.022310095,rock,rock.00030.wav,c:\Users\darsh\Documents\Codex\2026-04-27\i-am-a-first-year-computer\Data\genres_original\rock\rock.00030.wav
-89.13876,81.39791,-12.569812,22.792751,-7.059604,-0.49249172,2.775772,-3.4295094,-7.7128286,-0.84806013,-4.8873973,-2.6848652,-5.287197,-4.5962753,-2.968424,-2.2058465,-3.568121,-1.0009714,-0.501564,-0.9720015,68.93703,29.879898,24.978378,13.87978,12.314975,12.421444,12.2851515,8.981641,8.756617,9.269879,7.962836,8.782046,7.941849,6.9179716,7.7129455,6.939327,6.383252,7.897732,8.322287,8.34226,0.32809305,0.31737217,0.5181568,0.29252893,0.3283596,0.35777843,0.44597208,0.5425022,0.2794012,0.3100228,0.33713657,0.37309515,0.31046265,0.24230917,0.3304573,0.21487144,0.28768644,0.28246945,0.31980017,0.3379353,0.2152794,0.266595,0.27331993,0.29259643,2638.867641788369,779.3262337532045,0.13247236600232198,0.05609912463772885,0.12612896,0.055544443,rock,rock.00031.wav,c:\Users\darsh\Documents\Codex\2026-04-27\i-am-a-first-year-computer\Data\genres_original\rock\rock.00031.wav
-26.406458,85.79429,-16.961445,35.260883,10.0001335,10.668921,1.4469968,4.7106347,-0.047283184,2.070588,0.42054668,5.4259353,-0.9531182,0.4848046,-1.5262779,-2.4637327,-5.8784075,-1.5509747,-6.817296,-1.3808378,32.478256,22.219326,15.224136,11.316587,12.438284,8.559305,8.004317,7.740864,7.167148,6.869625,9.106614,6.6252975,7.00698,5.7189302,7.2550035,7.3263645,6.6226044,6.8662786,7.392225,7.377837,0.4306097,0.3463961,0.44818237,0.33340174,0.41670507,0.3684156,0.36703953,0.36464944,0.340135,0.46988127,0.3244755,0.39184216,0.30293086,0.25295374,0.34147263,0.24149112,0.31551674,0.303397,0.2767897,0.2834011,0.2577847,0.35164955,0.25405127,0.29604366,2345.8857364588525,526.9358461785058,0.1154928768382353,0.04084295370766221,0.22213958,0.049472556,rock,rock.00032.wav,c:\Users\darsh\Documents\Codex\2026-04-27\i-am-a-first-year-computer\Data\genres_original\rock\rock.00032.wav
-119.11726,128.928,-17.856234,29.175467,2.7212577,8.001318,-7.058392,3.87789,-1.5081707,-3.9838595,-7.040401,-2.867053,-4.1777964,-1.8459401,-2.9485059,-2.2536001,-0.5701703,-0.09753919,-2.7966611,-2.6330163,50.449574,29.468124,19.100319,9.819235,10.891277,9.393823,10.101878,8.418313,7.748664,7.7082286,7.1442266,6.1525044,6.5600634,7.2201,7.6983824,7.8504558,8.0175905,8.213813,6.591519,7.001359,0.3723924,0.60605335,0.34555247,0.23532814,0.2497367,0.1976898,0.23486401,0.21490332,0.3958864,0.39998937,0.2616327,0.3682158,0.2352433,0.3707569,0.25127205,0.2034236,0.2762186,0.18270181,0.26130068,0.2089202,0.31124684,0.34123865,0.22763407,0.33496538,1673.575889634683,489.64586815697646,0.07488654641544118,0.026566325008142818,0.12781934,0.03722968,rock,rock.00033.wav,c:\Users\darsh\Documents\Codex\2026-04-27\i-am-a-first-year-computer\Data\genres_original\rock\rock.00033.wav
-28.089369,65.62969,-7.35323,33.593567,11.073499,14.760502,2.1976206,10.063779,-0.3293839,10.1363125,-2.7488217,3.1914697,-1.6832663,-0.159315,-1.6892451,1.850086,-3.969614,-1.6286495,-6.3913174,-3.8662076,25.938473,18.482069,15.957072,13.159922,9.69899,8.618322,8.841751,6.1564465,6.8663526,7.2608995,8.547419,6.027775,6.3244205,5.962036,6.683584,5.66313,5.758022,6.178848,6.120197,8.071676,0.51042926,0.35109136,0.3144143,0.3058171,0.44737995,0.5642359,0.47358775,0.45049873,0.44076297,0.49822426,0.3285389,0.3656473,0.28709328,0.22906929,0.26969695,0.21734148,0.2762308,0.29952833,0.2673137,0.2973842,0.26927066,0.29425374,0.22581229,0.2724578,2789.7940380072873,533.5796532766595,0.13500787599167957,0.039044679009002006,0.19107996,0.02802973,rock,rock.00034.wav,c:\Users\darsh\Documents\Codex\2026-04-27\i-am-a-first-year-computer\Data\genres_original\rock\rock.00034.wav
-124.00577,109.503204,5.8832054,32.884655,10.982734,11.693243,12.679996,12.969646,1.649106,4.5024424,9.673786,3.0551999,3.5307932,0.7348746,1.7676072,-0.68096966,-0.039916165,-1.0109475,-5.559717,-0.84976196,49.125282,24.147633,19.146906,11.31201,9.082103,7.4418273,7.6360216,6.888493,6.293084,5.903137,5.8815393,5.652901,5.0054827,5.2813797,5.5983753,4.966209,5.4111156,4.951255,5.6469884,5.8742695,0.4698577,0.43277323,0.4542172,0.42379043,0.511328,0.39766926,0.35193282,0.28515732,0.40643546,0.51201767,0.55178136,0.68984675,0.23838605,0.246533,0.29508084,0.25072473,0.33489427,0.2622155,0.205751,0.16749205,0.272055,0.32225898,0.23564917,0.2874552,1867.3888525990114,631.3463584218987,0.05698831753095975,0.02508938524748551,0.124116,0.021461869,rock,rock.00035.wav,c:\Users\darsh\Documents\Codex\2026-04-27\i-am-a-first-year-computer\Data\genres_original\rock\rock.00035.wav
-0.45102072,72.64673,-13.214343,23.930399,10.373189,10.31697,-4.924216,14.35838,-0.67119634,9.922937,0.70188165,5.2240458,-4.06671,0.3613387,-0.31027025,-1.3569221,-6.1766877,1.0102044,-3.3962116,1.3683001,30.747269,21.892326,16.142427,9.728978,9.695367,8.80448,8.177681,7.3245926,6.641493,7.229174,6.1848,6.332922,5.913407,5.4149084,5.7734723,5.7188067,5.680637,5.424186,5.875488,7.055935,0.43922278,0.3675517,0.4796191,0.37612274,0.47040665,0.53201634,0.38834107,0.46393856,0.4424365,0.5049329,0.31915897,0.35698816,0.27060372,0.23676258,0.30174288,0.2227132,0.28565592,0.30002806,0.23900498,0.32543004,0.26730314,0.29962412,0.23205373,0.24236237,2841.8971917238737,634.8924468335391,0.14617523098877708,0.048830456944891146,0.21663715,0.03808234,rock,rock.00036.wav,c:\Users\darsh\Documents\Codex\2026-04-27\i-am-a-first-year-computer\Data\genres_original\rock\rock.00036.wav
-71.16524,79.446724,-20.793613,30.656105,5.5383873,3.697484,4.694747,7.2714033,-5.486176,2.490972,0.8379978,-0.583319,-1.8935434,-4.7858295,-3.0449235,-3.8708224,-6.898971,-3.7814965,-4.804478,-4.8063464,42.757885,22.12244,18.87022,15.250625,9.360224,8.623157,8.536076,6.908571,8.282296,7.3033834,6.529433,6.33207,5.927834,5.3421164,5.983688,5.888457,5.686459,6.372467,5.9179015,5.596909,0.5384739,0.3778479,0.41948876,0.39868695,0.53629774,0.5025846,0.47094074,0.58233905,0.39839423,0.36292356,0.39461234,0.43923274,0.30852982,0.22292738,0.27231374,0.22729221,0.290665,0.27690336,0.25819403,0.2929779,0.22937243,0.237322,0.2542945,0.24783379,2627.053081238353,638.2031684291967,0.14631922104779413,0.04932168046062832,0.11332251,0.03135394,rock,rock.00037.wav,c:\Users\darsh\Documents\Codex\2026-04-27\i-am-a-first-year-computer\Data\genres_original\rock\rock.00037.wav
-15.92807,67.15309,-20.1219,15.576831,4.8012633,10.825858,5.9594,11.79642,-0.39681545,5.6550355,0.113723755,1.0979241,-1.7415591,5.704884,-0.5941916,1.7240587,-1.5776423,1.5810982,0.41281506,2.9387238,33.802567,21.139402,20.267473,15.136441,15.060698,13.741213,10.584854,9.800884,9.987436,9.468429,9.137409,9.689394,8.637374,8.8136215,8.039054,8.342015,7.4374022,6.8696504,8.520126,7.0646267,0.41759384,0.45080948,0.3405453,0.31278887,0.2964822,0.38110325,0.49708664,0.3984023,0.467001,0.42836788,0.4701425,0.47741237,0.2808137,0.30528292,0.24983317,0.24871439,0.2472332,0.24954402,0.32057935,0.253709,0.30972275,0.2794469,0.31083027,0.32988125,2794.963091628599,580.9920544756736,0.14055017052051083,0.059517006653526716,0.21929601,0.06543529,rock,rock.00038.wav,c:\Users\darsh\Documents\Codex\2026-04-27\i-am-a-first-year-computer\Data\genres_original\rock\rock.00038.wav
-50.866234,86.39504,-14.416372,12.843614,21.69903,4.2386103,1.7381626,3.7064326,4.691947,-1.8630103,-1.1926677,-0.010121325,-4.1189137,-5.764848,-1.0660442,2.300308,-1.5742458,-3.8516486,-6.1434116,-5.374652,35.70859,18.710634,14.63641,8.974793,11.616735,7.691727,7.204626,6.0511684,6.1032543,5.5866146,4.627245,4.664364,5.409247,6.0448213,5.1335063,4.248014,4.1505113,4.4017963,4.309482,4.1443796,0.39413753,0.35008824,0.45510486,0.3647709,0.56508803,0.35070068,0.4324224,0.34442642,0.41715035,0.6944126,0.4461129,0.49792954,0.2367957,0.21604553,0.28663874,0.18067728,0.30950224,0.19427831,0.24645917,0.2759728,0.20887288,0.314531,0.23388964,0.2649698,2559.2817874298944,487.1942951751148,0.12278761730843653,0.03719205817919847,0.14427856,0.03841627,rock,rock.00039.wav,c:\Users\darsh\Documents\Codex\2026-04-27\i-am-a-first-year-computer\Data\genres_original\rock\rock.00039.wav
-65.988464,61.27697,-1.9339222,35.323074,9.3201885,7.5695205,3.415293,2.978025,4.6153226,2.9165235,1.774064,-0.39260384,-5.753547,-3.483317,-3.6841912,-5.719156,-3.9535744,-3.0872214,-2.726866,-0.91234577,51.64258,21.321068,18.523188,16.365479,9.8484955,10.967492,10.470353,7.9310966,7.8793173,6.8315716,7.348127,6.6940804,6.272429,6.5874047,7.487655,6.502764,6.98463,7.0339403,7.624674,7.950149,0.3902464,0.447008,0.5124948,0.51339346,0.45840403,0.37021548,0.35913798,0.419584,0.40747336,0.38559505,0.34326047,0.38625184,0.29826516,0.2794574,0.32501704,0.31946096,0.30423447,0.2830884,0.27398366,0.2964571,0.28062922,0.2888072,0.2509595,0.28886116,3009.9775310236832,659.8839552879806,0.14474440063854488,0.05888352646119437,0.14280498,0.05609977,rock,rock.00040.wav,c:\Users\darsh\Documents\Codex\2026-04-27\i-am-a-first-year-computer\Data\genres_original\rock\rock.00040.wav
-35.39913,73.67545,-20.210777,17.162956,14.95129,10.214682,7.6044693,1.598915,4.177347,0.73554486,-0.38544577,-1.3131806,-2.0491896,2.5269115,3.6032965,-3.539565,-4.7911935,-2.5054595,-3.9842033,-0.8272479,37.679436,22.266254,16.577291,13.985242,11.167903,8.173617,8.690501,7.3076534,6.385446,6.30566,6.575573,5.7406187,5.7811036,6.1354065,7.1617084,5.544257,4.83089,5.677008,6.269687,6.030074,0.5825344,0.34527007,0.3018414,0.30954012,0.350924,0.36565506,0.3807864,0.52917624,0.30910888,0.39793378,0.42170447,0.5321055,0.32266244,0.25295827,0.250395,0.24562877,0.23987637,0.2589716,0.259674,0.32043344,0.21398763,0.2897113,0.26560864,0.26992562,2807.30058491141,660.0424063176397,0.14837174076044893,0.057533435997820466,0.16064365,0.045297857,rock,rock.00041.wav,c:\Users\darsh\Documents\Codex\2026-04-27\i-am-a-first-year-computer\Data\genres_original\rock\rock.00041.wav
-74.19892,76.74987,-3.812322,28.032583,8.144329,6.0188737,4.3061314,0.50524384,2.8562193,-0.94191927,-2.3505528,-0.28286356,-1.4562795,-3.6081467,-1.5266333,-1.5142529,-5.0189962,-2.3985136,-2.9776542,-4.94984,59.778942,26.768858,22.698519,16.224802,13.139656,9.137205,9.625392,7.0235567,8.258886,6.5930223,8.466217,6.440122,6.753217,6.0418644,5.6925645,5.9970717,5.520467,5.209643,5.278376,4.9964,0.4631265,0.38691723,0.4288195,0.40114412,0.49567223,0.4131526,0.4010802,0.4434251,0.44300574,0.54693884,0.4291277,0.48019233,0.28624213,0.26105103,0.2945993,0.2512265,0.30740175,0.29448888,0.26542318,0.27434814,0.26474443,0.31221676,0.2551057,0.28455862,2794.3709144990316,781.9459030757719,0.13764807166698917,0.06527708792629394,0.118928455,0.04419747,rock,rock.00042.wav,c:\Users\darsh\Documents\Codex\2026-04-27\i-am-a-first-year-computer\Data\genres_original\rock\rock.00042.wav
-62.079945,75.84869,-26.757467,18.279894,2.452302,5.8261957,11.583856,0.009005993,8.69518,5.5144095,-0.2510003,2.399004,-1.7422585,-3.1716588,2.0054278,-1.4090078,-5.5262985,-2.5283453,0.6192494,-1.4051204,68.55649,22.953037,20.615667,14.3285885,9.012232,8.548083,10.641015,8.453474,9.041933,7.6348042,6.235964,7.302385,7.1697016,7.5490575,7.1894517,6.3242354,7.269714,7.463072,6.7583857,7.3639517,0.4710505,0.5093185,0.4778034,0.41434166,0.41294786,0.3103386,0.35123986,0.48247474,0.41951522,0.5124563,0.33742505,0.34397593,0.3141421,0.29258674,0.32658303,0.29070765,0.30433938,0.25703445,0.2592634,0.31731462,0.25591978,0.332233,0.24274616,0.25686318,2740.1544161420566,639.0603166853733,0.1440289854634288,0.0515362582338461,0.13984786,0.058295,rock,rock.00043.wav,c:\Users\darsh\Documents\Codex\2026-04-27\i-am-a-first-year-computer\Data\genres_original\rock\rock.00043.wav
-118.357124,130.22548,-3.0720034,15.7343025,3.9399164,10.663591,6.834913,3.3929508,0.76198864,-2.5365586,-3.1070428,-2.8583639,-1.6224062,-0.20532198,0.7333942,2.0148191,2.0788786,4.1505575,3.1571188,2.254137,48.916504,31.050941,21.657198,15.60181,10.889185,7.8668113,6.794258,6.3128905,6.770908,5.759749,6.9309397,9.099858,6.522026,8.902809,8.542746,7.8237457,7.6742473,7.855913,8.616334,8.029281,0.5332777,0.24440314,0.2094157,0.19077972,0.3534409,0.34746498,0.30102438,0.5034682,0.3016224,0.34845573,0.14787705,0.2555489,0.34694365,0.18823177,0.25269157,0.17945643,0.2859893,0.30936748,0.20986798,0.35575116,0.21204063,0.3657288,0.13434432,0.22699839,1652.179327113778,502.086525049569,0.06892966633610681,0.02259931937890501,0.14432807,0.035136662,rock,rock.00044.wav,c:\Users\darsh\Documents\Codex\2026-04-27\i-am-a-first-year-computer\Data\genres_original\rock\rock.00044.wav
-172.59167,142.76537,-55.78309,79.31112,-1.8683821,4.811142,0.2375274,-11.501947,-0.2754562,-9.37254,-7.673828,-11.250281,-5.676462,-11.295421,-7.681621,-4.2779303,-11.279209,-7.829242,-7.7251334,-8.160577,62.360207,14.571905,20.03514,10.295684,11.034582,8.178832,7.334657,6.473581,5.501094,6.7196317,5.39055,5.224541,5.052568,4.923451,4.808826,5.099025,4.226753,4.47311,4.5624056,4.625894,0.26607138,0.25016448,0.16539651,0.2474399,0.6207771,0.404705,0.26523066,0.28846338,0.32297173,0.7141337,0.45742667,0.33341312,0.27613837,0.21671483,0.15648684,0.13699307,0.3195361,0.23158792,0.22014615,0.26831046,0.16691159,0.32651648,0.20719486,0.2807531,1561.5465305371351,300.84320817330246,0.0789651309742647,0.028514953953391715,0.096998475,0.028578226,rock,rock.00045.wav,c:\Users\darsh\Documents\Codex\2026-04-27\i-am-a-first-year-computer\Data\genres_original\rock\rock.00045.wav
-83.093346,91.52499,-13.697013,16.139076,10.334053,5.530342,-9.448829,-6.6147943,-3.031773,4.9391313,2.6464744,1.0551014,-3.667946,-1.6078455,-4.42887,-1.859618,2.0090718,-1.0240622,-3.177301,-2.29258,50.4339,26.684526,20.893991,9.229153,9.044961,8.904669,8.72441,7.4585776,7.7690587,6.2201858,5.9712377,6.6099324,7.1370163,6.8587823,7.058924,5.778473,7.2532606,6.897751,6.725204,7.700621,0.2635827,0.3582333,0.31676552,0.26039577,0.588885,0.28574824,0.29661843,0.4417625,0.42671463,0.5373969,0.30478993,0.25484997,0.20516159,0.2638134,0.2994717,0.17647696,0.3590699,0.22595994,0.24573773,0.33492056,0.24300407,0.3423315,0.21783455,0.19030952,2428.532242218463,665.7776045363379,0.11816519627999227,0.04095600646531712,0.12062349,0.037010446,rock,rock.00046.wav,c:\Users\darsh\Documents\Codex\2026-04-27\i-am-a-first-year-computer\Data\genres_original\rock\rock.00046.wav
-58.28948,62.493942,-12.665307,31.92991,8.108557,2.2520819,3.90143,1.448105,-2.7169504,1.1021154,-0.46053776,-2.3829656,1.2428724,-1.4979297,-0.46996656,1.0395393,-2.0701604,-1.5083193,-3.2080479,-5.0618963,43.081856,26.243456,18.303093,16.569586,10.359267,11.17045,13.237101,10.250978,9.427421,9.221745,5.9470463,7.0128365,7.2672696,6.8519316,7.0907283,8.327294,7.290544,7.2084427,6.8259397,5.9922633,0.41214144,0.48022273,0.47234112,0.3631683,0.40106022,0.41009048,0.52914137,0.5932583,0.50540495,0.51640445,0.45866072,0.39468208,0.3033723,0.30131233,0.3024072,0.23630604,0.2648613,0.24744223,0.31871185,0.3186947,0.27260703,0.29869878,0.28262633,0.2814449,2998.5568440596116,738.3411673539792,0.15630366558630032,0.07172893017666518,0.13890298,0.044473328,rock,rock.00047.wav,c:\Users\darsh\Documents\Codex\2026-04-27\i-am-a-first-year-computer\Data\genres_original\rock\rock.00047.wav
-93.35921,137.46544,-45.092747,37.819134,-9.423071,12.591269,-7.4945707,5.548374,-3.7386365,-2.014053,-2.458912,-9.575428,-3.1775432,-5.571349,-7.5064034,-5.6773906,-2.0041285,-3.8710022,-6.2181416,-8.103474,36.64042,22.711935,12.610166,12.412722,11.9319935,9.852721,7.129372,8.06738,7.9134393,6.156551,7.3733807,6.8256755,7.538285,7.5527377,6.941308,6.4475636,6.958269,8.303471,6.4502525,8.151113,0.33156148,0.23280948,0.21220219,0.18636496,0.33681768,0.16999368,0.22092764,0.26446095,0.3870914,0.6787099,0.41776216,0.41966003,0.31476453,0.21617885,0.25871375,0.157122,0.29085252,0.13646936,0.20323038,0.2220917,0.1995199,0.35537308,0.21065858,0.3361284,1646.6339142770562,343.89048063781695,0.0852647905379257,0.027931869075814148,0.14556131,0.023994682,rock,rock.00048.wav,c:\Users\darsh\Documents\Codex\2026-04-27\i-am-a-first-year-computer\Data\genres_original\rock\rock.00048.wav
-142.48468,116.16892,2.269467,31.065384,6.1926603,0.110362336,0.31725267,7.794024,3.2462351,-3.022173,1.7105087,0.74264693,0.14290626,-4.416969,-4.471246,0.51342785,1.2327409,-0.15891476,-2.616297,-4.449161,99.410416,46.20861,21.290277,13.738167,11.829242,9.107309,7.8007884,7.51044,7.2684407,8.619076,7.0657964,6.9468956,6.688256,6.1731367,7.2147202,5.997509,5.788936,5.901836,6.0076456,6.446657,0.30426794,0.53178555,0.22196887,0.25810394,0.5202374,0.43347606,0.68045497,0.37843248,0.36899492,0.3512265,0.28048086,0.423866,0.17865053,0.3179508,0.14255702,0.17294928,0.31573108,0.20815562,0.32943562,0.21151572,0.24744439,0.27713034,0.2059148,0.2841607,2077.5446322647385,1103.1911027907297,0.09130519241002322,0.05402112858330844,0.10099384,0.04814723,rock,rock.00049.wav,c:\Users\darsh\Documents\Codex\2026-04-27\i-am-a-first-year-computer\Data\genres_original\rock\rock.00049.wav
-145.0086,118.483894,20.532211,28.56977,2.3525505,10.085842,11.913156,4.8564005,-0.067458965,3.293767,3.4043336,3.653159,5.371289,2.2605515,1.8730618,0.86741537,-1.1843064,0.8131391,1.8204097,1.797177,71.15127,35.83265,18.359377,10.864328,9.236897,8.390654,7.466691,7.2914486,8.132622,6.57091,7.355389,6.1162663,7.794262,7.817684,5.7734165,5.6966267,5.079574,5.3525896,6.2885084,5.6892743,0.4170419,0.7216698,0.3761597,0.33972588,0.3340219,0.41815543,0.34950128,0.33850756,0.45531207,0.33773485,0.34546956,0.3024064,0.23698027,0.35008255,0.22115098,0.2954048,0.2703802,0.30556896,0.25980902,0.25998423,0.3339446,0.26948437,0.2801291,0.23008215,1720.5912503156892,837.2338736804387,0.053289549269543345,0.038167198921508855,0.14123225,0.07133214,rock,rock.00050.wav,c:\Users\darsh\Documents\Codex\2026-04-27\i-am-a-first-year-computer\Data\genres_original\rock\rock.00050.wav
-66.34945,66.78922,25.184574,26.302906,5.30007,10.462487,2.478275,0.75630563,-0.37080547,1.7285492,3.213731,5.0367546,-1.9407184,-3.0750813,0.38418493,-0.7763853,3.7200177,2.4019527,0.20658386,-1.6939887,48.42832,24.045204,18.748291,11.532508,11.44574,8.765507,9.265798,8.406366,8.1183195,8.376607,6.8219647,7.4838843,7.243181,7.347289,7.530617,6.245966,7.6581163,7.632116,6.7276525,6.67782,0.28029034,0.42704505,0.3373918,0.5323558,0.32971653,0.30886528,0.32598174,0.3974448,0.64195204,0.37248918,0.25791374,0.21388327,0.2317382,0.33679938,0.20963374,0.36761975,0.24969557,0.27551255,0.2721321,0.24894676,0.31763548,0.25853568,0.23731875,0.20575963,3030.4355509553056,869.8103595416815,0.12080841536861456,0.07633106990792465,0.16165073,0.046805386,rock,rock.00051.wav,c:\Users\darsh\Documents\Codex\2026-04-27\i-am-a-first-year-computer\Data\genres_original\rock\rock.00051.wav
-181.25508,103.40521,9.393452,19.0761,13.7934885,-0.49876627,4.3651223,-7.606604,-8.104534,-0.14550002,-5.163272,-6.3069296,-5.4644313,-5.9768987,-1.1781267,-2.6688557,-5.1849394,-5.2856374,-5.7971735,-3.718739,97.70662,44.07139,27.701233,17.832855,14.180324,16.590906,12.718735,9.826729,10.535964,9.549582,9.419827,9.039324,7.5458374,8.109641,7.4625506,7.227856,6.8910503,8.334822,8.038576,7.5062075,0.2185976,0.19311106,0.28354782,0.4127535,0.22873957,0.2585048,0.37188074,0.43080753,0.5829677,0.40107614,0.3416332,0.36479363,0.22388525,0.2449091,0.27707317,0.34730265,0.23653293,0.27837923,0.30826786,0.29390123,0.3712955,0.29772362,0.28595844,0.31108692,2187.2085144317775,1325.9851564332307,0.08860566224845201,0.08180662200953713,0.11328633,0.07461903,rock,rock.00052.wav,c:\Users\darsh\Documents\Codex\2026-04-27\i-am-a-first-year-computer\Data\genres_original\rock\rock.00052.wav
4.066039,52.615936,-11.04076,19.70849,11.290833,7.0625377,5.064019,4.561151,0.028141199,5.1483927,3.3997617,1.1702251,0.5825346,1.278739,0.7192795,-0.8079883,-3.0096502,-1.706633,-1.6908512,-1.2908862,33.206013,15.54981,11.037494,10.401054,9.278272,7.855382,7.9758782,6.810843,6.813489,6.4178104,6.561119,5.6253586,5.724335,5.1038647,5.0653954,5.6835437,5.4825034,5.8335385,5.448135,6.48293,0.78688884,0.42137107,0.3324613,0.28560224,0.37976775,0.41571254,0.34589246,0.45636162,0.29676354,0.35987213,0.39288452,0.4361372,0.27653775,0.21149106,0.24101347,0.22031152,0.23361205,0.28985766,0.23419583,0.28157517,0.20527682,0.24943122,0.2487175,0.21417242,3361.7673453402167,551.7050898841036,0.18757331777283281,0.0597269165876384,0.19013545,0.043481354,rock,rock.00053.wav,c:\Users\darsh\Documents\Codex\2026-04-27\i-am-a-first-year-computer\Data\genres_original\rock\rock.00053.wav
-156.2369,75.612015,-16.506855,16.341146,5.819572,6.018424,-4.1331725,-3.7573888,-6.168893,-8.928879,-4.102285,-2.2225192,-4.6504216,-5.4141636,-4.688722,-7.0821447,-3.8898091,1.3867226,-2.0099483,-4.728931,48.429756,31.52839,16.570637,15.145594,11.205225,9.775796,8.722572,9.84371,9.322464,9.58888,8.373322,9.561741,9.237366,9.063661,7.337419,8.155972,6.236036,7.516082,8.959529,6.930548,0.4882421,0.26974142,0.32185265,0.34908342,0.26852447,0.26098225,0.26127282,0.6255217,0.26060572,0.27396944,0.424494,0.35545155,0.34727025,0.2238085,0.25373286,0.31923833,0.23627402,0.2599644,0.1905464,0.3407673,0.19399182,0.24655677,0.34254903,0.256626,2632.7402137243284,979.4561369721404,0.13243306162925697,0.08545430203837505,0.06547274,0.025220275,rock,rock.00054.wav,c:\Users\darsh\Documents\Codex\2026-04-27\i-am-a-first-year-computer\Data\genres_original\rock\rock.00054.wav
-91.89978,130.00647,1.7901883,11.658318,3.2286391,-1.9668543,-2.2121937,-0.859142,-4.3378644,-3.54686,-1.5544236,-0.5467613,0.40629062,-1.6508828,-4.570645,-2.974743,-4.2806687,-2.6867945,-3.5489151,-1.4507276,45.759483,22.183567,19.259254,14.6483,8.789859,10.741461,7.1032662,7.8859706,7.280677,7.6045084,5.72153,5.6719,6.026992,5.874387,5.15751,5.0446477,5.235189,5.735287,5.2264953,5.1877503,0.63606936,0.4350593,0.32853124,0.31292853,0.53883344,0.4928085,0.3458015,0.52432007,0.38660395,0.49092868,0.31705365,0.37042764,0.29819658,0.24113555,0.23501283,0.20008531,0.2990366,0.29128745,0.20169191,0.29735732,0.18890361,0.30235603,0.19609465,0.2288611,1711.1893544921813,521.5420666469477,0.06657442736551858,0.01914904382641585,0.14718625,0.04794189,rock,rock.00055.wav,c:\Users\darsh\Documents\Codex\2026-04-27\i-am-a-first-year-computer\Data\genres_original\rock\rock.00055.wav
-7.851339,59.508636,3.6690326,28.985016,4.145485,10.275528,2.5448916,7.5940056,-1.384974,2.9601321,4.0424523,-0.75121945,1.054092,-3.0428936,-0.99321187,-0.68976265,-0.6888784,1.5260838,-0.46764645,0.50320286,39.774754,18.448874,15.15261,9.868877,8.412137,6.6955523,8.678216,6.2175994,6.2743516,6.6161394,6.065399,5.646233,5.2878914,4.948703,6.567883,5.402847,5.1335864,4.899361,5.155952,5.011913,0.40816414,0.38004163,0.42803654,0.51689273,0.7733642,0.5061483,0.4793325,0.4380564,0.45373228,0.48613104,0.45229927,0.5400283,0.2324099,0.23042415,0.24776115,0.22325598,0.2592974,0.23000427,0.26432076,0.2487437,0.24224626,0.31250957,0.22482978,0.28302732,3303.904679679877,678.9500375661231,0.17756393007449692,0.06830820018954872,0.17569767,0.045361653,rock,rock.00056.wav,c:\Users\darsh\Documents\Codex\2026-04-27\i-am-a-first-year-computer\Data\genres_original\rock\rock.00056.wav
-58.60115,64.89226,15.939432,5.4494376,7.535342,9.880082,1.5892502,5.3452115,-1.2376224,-2.0299544,2.4436266,-0.7237525,-0.31555262,-1.4825037,3.2967114,3.6478631,-2.5096354,-1.1688024,-2.3101037,-2.2162862,39.048885,19.82196,13.199122,12.9161215,9.977741,6.665735,7.885865,7.9802666,6.8473663,6.4225974,7.1989202,5.9140935,6.349465,7.368737,6.8881087,6.894007,6.6447167,7.7465863,7.9145145,7.7263074,0.39996603,0.27272245,0.42451477,0.3297969,0.43738332,0.4438289,0.42470217,0.4153624,0.3071868,0.47035798,0.3083031,0.44737938,0.26900125,0.20138134,0.31968236,0.23188254,0.32643446,0.31500307,0.28616887,0.30243418,0.22749181,0.3379575,0.20943958,0.31653985,3488.995725081282,748.4121335212827,0.1751028716379644,0.06284308846736006,0.122580044,0.031727612,rock,rock.00057.wav,c:\Users\darsh\Documents\Codex\2026-04-27\i-am-a-first-year-computer\Data\genres_original\rock\rock.00057.wav
-142.01543,96.99694,23.240541,10.443576,6.2821693,4.9678793,1.082439,1.0958389,-4.841728,0.8765874,-3.455809,-2.011753,-5.8935347,-6.029564,-2.1259286,-6.1623487,-0.32294685,5.0935416,0.12192103,1.6692511,35.793015,29.402288,17.987658,12.065079,10.36193,9.007833,8.815393,7.4173617,8.05566,7.9079566,7.5741363,7.8527155,7.382446,7.0106344,7.616831,7.7638974,8.646281,10.39036,9.889481,9.711999,0.38794902,0.22648959,0.35213542,0.27891976,0.20761134,0.27824366,0.3309917,0.5571762,0.2524676,0.19533522,0.2676557,0.27775508,0.36002496,0.19965442,0.30138844,0.2831213,0.2059279,0.31167606,0.25556314,0.36573884,0.24112378,0.20886716,0.28900754,0.24171811,2437.580126873773,1003.1938175172565,0.09894309029121517,0.0652177098363773,0.08744087,0.01416918,rock,rock.00058.wav,c:\Users\darsh\Documents\Codex\2026-04-27\i-am-a-first-year-computer\Data\genres_original\rock\rock.00058.wav
-219.12524,94.35542,42.78742,16.11604,9.527346,12.908823,7.7212763,2.3854544,-1.0225295,-1.9537667,-1.9797302,3.15038,-0.88504124,-6.8620124,-5.066963,-4.0098577,-5.596728,-4.9922543,-2.514644,-4.291658,46.040874,32.822243,20.672874,17.037518,11.499903,9.7142,7.764005,7.1399302,7.870883,7.1683197,6.813458,7.236094,5.895922,7.248018,7.254569,7.324406,6.69851,10.197351,9.90822,8.036782,0.31041294,0.30853575,0.5191375,0.31582072,0.38434765,0.24140514,0.31482098,0.36375734,0.27036574,0.3230273,0.26664317,0.45610404,0.28260323,0.23826692,0.3461961,0.19355042,0.33111918,0.20434877,0.27722463,0.3085609,0.18507168,0.32518512,0.19198161,0.35982388,2424.966690601346,1070.2086798496603,0.0865675037490325,0.051793201001277815,0.051181402,0.013552532,rock,rock.00059.wav,c:\Users\darsh\Documents\Codex\2026-04-27\i-am-a-first-year-computer\Data\genres_original\rock\rock.00059.wav
-82.66664,83.48526,-0.5739467,10.4842,10.418732,7.0719404,5.08042,0.08345246,-0.20796478,-0.93477535,-0.09718944,-1.6991581,-1.0245148,0.17488037,2.3965554,-0.44954687,0.8480216,-1.8520992,-4.513158,-3.2022777,37.553276,22.968578,15.005895,15.26154,8.766884,8.289969,9.526453,8.275464,7.666867,6.794576,6.855893,6.7592936,6.567329,7.314572,7.5984583,7.0108304,8.199053,7.9536057,7.0958586,6.4028974,0.40800062,0.2944074,0.4279934,0.37556407,0.5989768,0.3838309,0.32657078,0.43960953,0.35737336,0.54677284,0.31326297,0.3934615,0.3042598,0.20089492,0.32839078,0.21404834,0.31706783,0.2537436,0.24911824,0.31176496,0.23107548,0.3149063,0.21617034,0.27818114,2797.3841277516685,792.0293846210876,0.13467605638061145,0.05110739182683494,0.10329776,0.024485411,rock,rock.00060.wav,c:\Users\darsh\Documents\Codex\2026-04-27\i-am-a-first-year-computer\Data\genres_original\rock\rock.00060.wav
-193.56299,98.39903,44.057728,23.779394,12.564506,8.460669,2.1713908,-0.34650666,-8.192859,-9.118401,-5.2358727,-4.838527,-1.3708209,-1.2642081,3.2184038,3.6885915,1.3783064,2.7119117,1.6968778,-1.7956172,66.6506,29.118671,26.122355,14.75772,11.900127,9.159497,9.061175,7.5245395,7.929952,7.1195426,7.9447412,6.8151164,6.800403,9.712531,8.917156,8.52244,9.41784,11.899112,7.9882493,9.194588,0.21089807,0.17281288,0.2950103,0.28318086,0.5218197,0.29204887,0.2679177,0.27508757,0.26981357,0.5310328,0.22502759,0.2525293,0.2625942,0.17593688,0.3237442,0.17124532,0.351353,0.22798409,0.29801342,0.3175919,0.18998313,0.36316165,0.16447535,0.31139293,2072.9854708489925,894.8461709255217,0.06909104102167182,0.04856639905059231,0.088340685,0.02100368,rock,rock.00061.wav,c:\Users\darsh\Documents\Codex\2026-04-27\i-am-a-first-year-computer\Data\genres_original\rock\rock.00061.wav
-212.29836,65.75985,45.18236,19.730082,11.805884,8.061574,4.434145,4.215858,-2.318169,-2.1899478,-1.6369864,-4.651898,-3.7266166,-6.779794,-3.0030587,-6.520257,-10.924708,-3.391123,-1.209254,-3.1217551,63.972137,28.262785,27.05022,17.780384,15.180515,11.549974,11.015751,7.505236,7.978026,8.350907,7.6865487,5.9521303,6.7891345,7.4545894,6.540417,7.1651573,8.560358,9.358444,10.479189,10.757215,0.28989404,0.3948348,0.31175753,0.34848058,0.32195038,0.29207206,0.29525095,0.31527147,0.40645674,0.27608415,0.2844938,0.3001716,0.25769687,0.3727313,0.2806303,0.32497692,0.3193747,0.26901293,0.30145353,0.28008553,0.36479467,0.22726853,0.28434202,0.28931817,2947.109224451956,1004.6541711222931,0.10857001620549536,0.06711174362166812,0.060440347,0.028140185,rock,rock.00062.wav,c:\Users\darsh\Documents\Codex\2026-04-27\i-am-a-first-year-computer\Data\genres_original\rock\rock.00062.wav
-302.79382,116.164375,44.75729,25.957436,18.726181,7.57291,7.33575,4.0423317,-4.1868815,0.8677525,0.9239052,2.8157294,1.4195158,-3.4723825,-0.9045974,0.57829535,-0.8160131,-2.3739433,0.37611791,-1.8671849,88.578514,50.49122,26.66976,23.055815,17.14865,13.424806,12.194935,9.7734995,12.038596,11.593273,13.298081,9.81379,11.271297,10.28744,10.52928,7.9655137,9.888822,9.320078,8.677758,11.206222,0.46294624,0.35682774,0.39421907,0.33593085,0.32657796,0.29368633,0.2805521,0.42239258,0.3373672,0.19847348,0.22800864,0.31855112,0.37765044,0.27598092,0.33065364,0.28492767,0.31650582,0.3066137,0.23929718,0.3413856,0.3121918,0.21757592,0.27557525,0.2521764,1711.662555940787,1238.9599689735576,0.0558345074255031,0.052965759619781186,0.05309907,0.019103916,rock,rock.00063.wav,c:\Users\darsh\Documents\Codex\2026-04-27\i-am-a-first-year-computer\Data\genres_original\rock\rock.00063.wav
-118.818695,104.41145,-29.167768,42.108837,-13.289315,29.063269,-20.876986,21.613054,-24.32235,10.711963,-15.105817,5.948565,-11.778101,-0.9063816,-11.019617,-0.20106785,-6.916349,-1.2956265,-6.312216,-2.706533,55.036945,17.428535,20.311495,11.125805,12.465394,11.090386,9.021111,6.9992394,8.151519,7.776907,7.416889,6.838212,6.590672,6.453441,7.79998,6.5844846,6.354072,6.911548,5.7543297,5.7623763,0.38395494,0.33479097,0.45064557,0.3515858,0.34801966,0.39718425,0.3833526,0.47234738,0.34208724,0.37299615,0.3397029,0.31538242,0.30683059,0.24424575,0.348601,0.25860715,0.2639914,0.29976124,0.2551744,0.36174458,0.23846345,0.29401308,0.30061415,0.24714236,2181.717912335607,394.412845821679,0.10637615192047213,0.03837688856796206,0.107048035,0.040649295,rock,rock.00064.wav,c:\Users\darsh\Documents\Codex\2026-04-27\i-am-a-first-year-computer\Data\genres_original\rock\rock.00064.wav
-95.29631,103.816734,-37.02142,52.69777,-20.764067,27.576885,-17.536627,24.813133,-11.300561,16.644619,-9.249601,10.187893,-8.786783,1.8505757,-3.948976,2.1735632,-6.692844,5.105645,-9.69792,-3.9585335,44.523163,20.528807,19.647158,12.485389,12.167796,9.586398,9.519109,8.731168,9.680336,9.97862,8.958579,7.7289834,7.2518363,6.839646,6.870692,5.976106,6.071047,5.377418,5.971383,6.223965,0.4405935,0.41216564,0.3325517,0.39217356,0.3568131,0.4708911,0.3345289,0.36632016,0.4129416,0.43108204,0.44463322,0.34784853,0.30605188,0.29545292,0.23012945,0.2905114,0.2519844,0.30532175,0.24645424,0.26655644,0.3225434,0.2670167,0.3268239,0.23695849,2294.29156586485,426.1436276662177,0.12912129027186534,0.037642059507877836,0.114652164,0.03605105,rock,rock.00065.wav,c:\Users\darsh\Documents\Codex\2026-04-27\i-am-a-first-year-computer\Data\genres_original\rock\rock.00065.wav
-245.18564,95.09854,-21.243845,45.65592,-3.5624685,14.982029,-20.670311,19.526783,-21.713743,7.3274713,-9.289677,0.81875485,-13.016046,0.061691143,-8.23316,1.0623909,-8.035914,-0.39860076,-4.353721,-4.2199006,95.22177,28.423815,24.765759,16.815035,12.475857,15.834869,14.186992,10.790546,14.360473,10.818427,9.457496,9.000736,7.9023275,9.31478,7.071968,8.611088,7.706765,6.6879096,7.3972178,6.9111285,0.31971636,0.3091307,0.43665028,0.33092305,0.34853947,0.30714273,0.34606245,0.42684346,0.36548972,0.46317294,0.31550303,0.35195208,0.29014412,0.2614288,0.3326099,0.22725606,0.29980958,0.26683196,0.2574507,0.34668243,0.24369594,0.35744104,0.24728829,0.3210474,2209.342049406717,634.0096013087425,0.10714712231520898,0.05310745450036061,0.042979974,0.028778063,rock,rock.00066.wav,c:\Users\darsh\Documents\Codex\2026-04-27\i-am-a-first-year-computer\Data\genres_original\rock\rock.00066.wav
-123.72794,94.754234,-9.566722,53.26891,-13.758115,17.728083,-19.21234,25.298622,-18.704412,15.385912,-12.513976,9.367707,-11.601578,0.6617183,-6.994155,3.3594775,-7.141151,0.50747883,-8.740343,-1.4704784,50.721504,27.183857,19.772892,14.74994,11.313504,12.188039,11.262808,9.285988,9.891463,8.477686,8.242224,7.3992043,7.0461016,8.535738,7.4204493,6.5759892,6.8464956,5.959588,6.604029,6.104109,0.32068792,0.39530322,0.40761036,0.296016,0.31815213,0.33766884,0.51875585,0.41038632,0.41853616,0.485788,0.38575146,0.4202293,0.24925308,0.29079053,0.31445202,0.21972148,0.2547716,0.24224015,0.3156774,0.28892794,0.28960687,0.33137852,0.25572795,0.32595605,2414.00286655524,692.0779030536324,0.11991915392801858,0.06038745968815309,0.10014721,0.03924972,rock,rock.00067.wav,c:\Users\darsh\Documents\Codex\2026-04-27\i-am-a-first-year-computer\Data\genres_original\rock\rock.00067.wav
-121.09557,91.74797,-14.709612,52.973698,-11.412968,31.003344,-17.491768,24.202194,-24.778625,17.113523,-15.88606,10.376739,-8.625384,7.149125,-11.833608,3.1751018,-10.365117,1.5153414,-10.35157,-2.4806488,41.12534,20.364157,15.596626,9.149489,8.580414,9.572155,7.926514,8.42658,8.707603,7.71609,7.2358394,7.0484185,6.2198358,6.5708084,6.010796,5.6440163,5.613915,5.79154,6.342735,5.5761466,0.33912626,0.28882036,0.31820107,0.3806129,0.6024846,0.4583045,0.3793414,0.35678896,0.3980951,0.5071055,0.36162496,0.4348753,0.2564451,0.23558372,0.2709684,0.22494958,0.32898587,0.26297826,0.27399975,0.27238864,0.25358933,0.36641246,0.22963668,0.29212388,2467.0646621546953,531.5989997223899,0.11828008598587461,0.05049723251551037,0.09121902,0.023548199,rock,rock.00068.wav,c:\Users\darsh\Documents\Codex\2026-04-27\i-am-a-first-year-computer\Data\genres_original\rock\rock.00068.wav
-203.3139,85.381714,-11.569647,54.7784,-11.609861,20.572916,-27.770662,18.878086,-31.656443,10.709888,-11.93277,4.1216273,-4.003614,1.7300527,-7.9092402,4.326782,-11.237886,-1.188486,-5.031982,-2.3650405,44.742733,28.82333,17.243002,12.044692,10.548006,11.915827,11.906747,8.234626,13.113952,10.209865,9.100005,9.097188,10.125297,8.092386,9.019713,8.561653,7.7930765,7.475803,7.759723,7.058412,0.21877348,0.20895797,0.21237756,0.19988969,0.38335416,0.2384684,0.26619855,0.37347862,0.38223058,0.5763267,0.33289713,0.34433496,0.23907216,0.26108682,0.24285443,0.17632255,0.33393627,0.21367218,0.2500363,0.34704256,0.2453069,0.3751554,0.23261447,0.3362757,2569.1052765811332,777.3511109601677,0.13768964360003869,0.0648752849021871,0.04701054,0.016519219,rock,rock.00069.wav,c:\Users\darsh\Documents\Codex\2026-04-27\i-am-a-first-year-computer\Data\genres_original\rock\rock.00069.wav
-202.22823,75.2136,-14.220877,66.31179,-8.289174,24.374107,-16.250935,17.12522,-21.291754,3.9677863,-19.749535,0.4896693,-4.5036573,-5.36643,-8.973074,-0.048068777,-8.041708,-0.5193078,-6.8042564,-8.449041,59.010433,23.83288,23.2127,16.025463,13.95739,11.625226,11.944462,9.305985,9.735901,11.516108,8.759419,8.061061,8.86732,8.306079,9.775827,7.4606743,8.657621,6.2507033,7.491795,6.893773,0.29801416,0.33777177,0.37399745,0.2970494,0.38263345,0.24051453,0.3006943,0.34210292,0.4312594,0.5821917,0.3850414,0.44464362,0.237135,0.2715318,0.3167875,0.22610317,0.33027872,0.21753009,0.27589887,0.3067462,0.27253148,0.3370711,0.22677915,0.34163377,2512.1443220871984,626.8833185814868,0.13914088199013158,0.06009002255244837,0.05409812,0.025430888,rock,rock.00070.wav,c:\Users\darsh\Documents\Codex\2026-04-27\i-am-a-first-year-computer\Data\genres_original\rock\rock.00070.wav
-79.849785,109.94089,-17.126644,47.195335,-11.94571,33.335598,-11.699733,23.630066,-13.667416,18.45372,-6.9371977,13.033838,-11.583448,9.107576,-5.955834,4.915925,-8.709809,3.7020497,-5.0979853,2.6259058,57.38041,18.984386,15.902786,14.917525,11.365934,9.3865,9.49595,7.8625426,9.509603,8.246023,7.9857707,6.547617,6.5009346,6.541083,5.3245506,6.343778,7.0874953,6.392706,8.065014,7.5768585,0.4256252,0.44742352,0.644323,0.47449157,0.49282596,0.49110705,0.45961767,0.5053472,0.429273,0.44662684,0.30929652,0.3271794,0.28132823,0.2386679,0.32106352,0.2399183,0.27229738,0.28149414,0.25025374,0.3141514,0.24550997,0.29313806,0.2136622,0.2396934,2024.9672114930113,467.964395609515,0.09080821884674922,0.0352010142285623,0.16090843,0.050112337,rock,rock.00071.wav,c:\Users\darsh\Documents\Codex\2026-04-27\i-am-a-first-year-computer\Data\genres_original\rock\rock.00071.wav
-95.32931,112.443436,-2.0780864,47.0446,-10.373584,29.782087,-15.112976,20.185732,-12.674205,16.48886,-7.8574347,11.875228,-11.181129,8.876124,-4.9432893,0.918317,-6.1078544,3.2313335,-8.072234,0.7319107,53.729477,24.271103,20.3706,14.360487,10.773612,9.214084,8.086819,7.005406,7.25938,8.325762,6.837964,7.0411577,6.499065,6.263529,6.4829783,6.2401433,6.3127074,6.559122,7.574239,5.970781,0.3414205,0.3018082,0.44124705,0.34694597,0.3716653,0.32011452,0.47359884,0.48444596,0.37213424,0.52034146,0.4326658,0.43403244,0.261336,0.22354385,0.3417602,0.2270609,0.30613092,0.2193158,0.3070107,0.2949229,0.2513563,0.33507258,0.28879568,0.30073345,1933.566634741674,650.1864692936686,0.08172853074206657,0.051569455537382264,0.16546212,0.048510417,rock,rock.00072.wav,c:\Users\darsh\Documents\Codex\2026-04-27\i-am-a-first-year-computer\Data\genres_original\rock\rock.00072.wav
-61.652554,103.552765,-16.907658,49.269325,-14.810511,31.711088,-17.215973,24.628935,-14.4823885,18.026224,-11.670496,11.484824,-9.816042,8.860339,-8.570697,4.405294,-8.278597,1.5993295,-7.026587,-0.8208449,42.713696,18.77332,13.38358,10.883233,8.073072,8.329209,8.186102,6.5756226,7.420905,8.256504,6.2056146,6.805597,6.319349,5.5928535,5.514128,5.5514073,5.4779763,7.019559,5.6920033,6.1518664,0.4450377,0.36446273,0.602439,0.3932489,0.4569874,0.49974447,0.44484264,0.64145017,0.4218763,0.4071212,0.40623257,0.42035943,0.29569975,0.19932865,0.3243735,0.21637109,0.28597745,0.2901349,0.2134568,0.29169112,0.20918377,0.2565528,0.26834014,0.24635038,2224.311094028381,540.9406435644598,0.11005866933533281,0.04937794393398152,0.16931798,0.04645632,rock,rock.00073.wav,c:\Users\darsh\Documents\Codex\2026-04-27\i-am-a-first-year-computer\Data\genres_original\rock\rock.00073.wav
-83.337296,103.88044,-13.938498,56.89741,-14.430383,32.19,-14.128749,19.159246,-9.344779,13.159195,-11.727716,8.406356,-9.399952,10.218948,-4.2199335,5.6187606,-6.386379,1.8045067,-5.5758166,-0.4324659,45.428238,17.17999,13.487951,9.687433,8.021066,7.1767354,8.445126,6.5362697,9.075215,7.1442366,6.777645,6.6148877,6.4603815,5.7456155,6.0401497,6.0983977,6.1655474,5.8820944,5.846123,5.7886453,0.30471444,0.22778518,0.35564196,0.34231675,0.4535423,0.2854467,0.32818612,0.57423687,0.5051423,0.5809927,0.38501042,0.38982567,0.26258367,0.17283055,0.3127415,0.23734725,0.33110997,0.20563179,0.22303931,0.3506897,0.23590907,0.34259886,0.25681284,0.25250456,2140.7591092398616,449.60116997866066,0.09116309198432662,0.031947989727008116,0.15381563,0.04436295,rock,rock.00074.wav,c:\Users\darsh\Documents\Codex\2026-04-27\i-am-a-first-year-computer\Data\genres_original\rock\rock.00074.wav
-113.69887,94.93524,-4.1180053,51.78671,-13.773854,34.33351,-17.59379,22.544245,-12.406816,17.20266,-9.234709,9.976575,-13.472091,7.569344,-7.2697444,3.639086,-8.464248,0.39612657,-9.225722,-0.28027263,60.18837,25.091711,20.042961,12.679695,12.30169,11.58194,10.701397,9.549906,9.187728,8.995547,8.999632,8.481474,6.789378,7.3639207,6.5236855,7.774509,7.270841,7.5732636,8.270207,8.868597,0.35904574,0.3510859,0.36516365,0.3916261,0.4792261,0.3870648,0.35297507,0.4312083,0.45055678,0.52702427,0.41521984,0.39217383,0.2908725,0.2826578,0.29979077,0.28127187,0.3279157,0.27618593,0.25956365,0.31931418,0.28478342,0.34863794,0.2851469,0.2896941,2301.691479215312,641.6206486876289,0.11154543283184984,0.056584405102608856,0.12686443,0.042229928,rock,rock.00075.wav,c:\Users\darsh\Documents\Codex\2026-04-27\i-am-a-first-year-computer\Data\genres_original\rock\rock.00075.wav
-132.35645,124.65598,-9.664944,46.45199,-6.2853255,30.5465,-11.139771,20.411028,-11.2132435,9.377025,-5.8245196,7.8290353,-8.728431,5.6276045,-4.0788155,-0.6297489,-8.119383,-0.67603797,-7.61097,-0.20681673,47.43536,28.554691,17.910662,13.543673,15.189394,12.492319,11.035627,8.4721985,8.039639,9.762585,8.209831,8.896648,8.463199,8.394908,6.9950395,6.829233,7.4780855,6.8902807,6.840254,8.717855,0.37657169,0.3592358,0.30508378,0.28911203,0.41240573,0.31459346,0.28966784,0.24204405,0.32703808,0.4812075,0.3721887,0.37848818,0.32949373,0.28079692,0.29689968,0.26866364,0.34656924,0.26777485,0.29557317,0.2275353,0.27616185,0.3679629,0.28543815,0.32100913,1659.8731482944434,713.4618265229117,0.0712066744872291,0.05415043952152889,0.14587216,0.048076477,rock,rock.00076.wav,c:\Users\darsh\Documents\Codex\2026-04-27\i-am-a-first-year-computer\Data\genres_original\rock\rock.00076.wav
-103.93918,101.90094,-10.340606,43.67417,-11.524459,26.930704,-9.990092,25.02072,-14.218494,19.70191,-10.535614,12.671651,-12.685294,6.849958,-6.0865602,5.455094,-6.2356615,-1.4541346,-8.232369,-3.2686899,53.917435,18.734224,20.666248,12.574423,11.619611,9.183479,10.281856,7.0717416,7.16208,7.6680584,6.948369,6.986325,6.7653556,7.0976634,6.064589,7.122022,6.8675137,7.561357,6.2952776,5.594942,0.38839763,0.42649516,0.3877065,0.54413885,0.47885194,0.4871257,0.5555985,0.4704526,0.5307361,0.3490896,0.45380032,0.39250365,0.24626999,0.27834642,0.23050854,0.31254196,0.25290036,0.26470873,0.33046728,0.24993207,0.3254048,0.1974142,0.27530038,0.2528689,2188.176213337053,488.39828037683026,0.10627675720781733,0.0416932912531623,0.12869976,0.04373941,rock,rock.00077.wav,c:\Users\darsh\Documents\Codex\2026-04-27\i-am-a-first-year-computer\Data\genres_original\rock\rock.00077.wav
-130.98988,111.01548,-2.153921,41.78767,-3.1985133,34.658478,-17.61137,19.87679,-9.144963,14.890434,-6.8441696,9.199765,-6.975001,6.3184733,-9.634725,0.51112944,-12.776671,-4.886242,-2.5131245,-3.1215749,51.00266,26.104855,19.012363,14.567967,13.998231,11.186501,10.624725,9.274284,9.152873,9.271404,8.30194,6.944912,7.7068696,7.815997,6.9635653,7.5522137,5.8541527,7.2110395,8.257667,7.0776114,0.46494025,0.39546123,0.4529908,0.34812462,0.2939363,0.2658668,0.3000442,0.42261857,0.33092254,0.39639688,0.2966654,0.32781819,0.35369712,0.25429454,0.3571104,0.28788015,0.27886918,0.2678801,0.2688582,0.35633728,0.24705566,0.3374354,0.23880893,0.272228,1878.0900592313533,721.97654275325,0.07173048084365326,0.057368822141134555,0.14438899,0.04575005,rock,rock.00078.wav,c:\Users\darsh\Documents\Codex\2026-04-27\i-am-a-first-year-computer\Data\genres_original\rock\rock.00078.wav
-91.38539,112.11523,-27.342018,47.981018,-19.606638,27.728474,-18.553402,17.43945,-13.161745,14.4296665,-15.21798,11.52909,-12.585803,0.90807784,-10.44846,-0.61977893,-13.491329,3.308435,-3.7047021,1.0890845,42.18052,19.9502,15.749419,9.608962,9.140211,7.83205,8.55705,6.3048625,8.394262,7.1561,6.798572,6.5667377,5.9990106,6.4775553,6.314112,6.0674825,7.127227,6.91126,7.5397553,7.3639483,0.26587325,0.3413632,0.47526163,0.28594065,0.3622985,0.32059562,0.5348708,0.551847,0.2966984,0.2956573,0.25531593,0.33506143,0.2497991,0.24667956,0.32114238,0.20550133,0.3255045,0.22595279,0.32144102,0.34362173,0.20632121,0.27485028,0.21582878,0.28190416,2148.4701088464726,503.8022542213434,0.1091164981617647,0.039278684960719484,0.11669326,0.028076034,rock,rock.00079.wav,c:\Users\darsh\Documents\Codex\2026-04-27\i-am-a-first-year-computer\Data\genres_original\rock\rock.00079.wav
-88.000725,93.53732,-23.228851,48.129993,-21.446268,27.758793,-20.340559,18.754475,-15.226568,16.130507,-21.412472,10.8740835,-12.021344,5.1280575,-7.2995195,4.6578507,-10.173712,5.493204,-4.3751016,0.3125858,38.619247,17.834108,14.059924,9.642489,9.07998,8.056078,9.846715,8.276814,7.746687,7.4595356,8.20162,6.029094,7.2531457,8.093039,6.4357424,7.1107163,9.113518,7.3487506,8.69399,7.3186717,0.34705263,0.29059622,0.36281368,0.44458267,0.29735067,0.40667418,0.27558175,0.4140897,0.34451506,0.3093088,0.55757666,0.37363884,0.28256956,0.2453276,0.25689235,0.3217704,0.22286221,0.3342862,0.21148257,0.33742997,0.28535858,0.2005188,0.34468627,0.22902764,2606.2565496233246,509.20874099759226,0.1496808787248452,0.048271842059170685,0.10433086,0.029668791,rock,rock.00080.wav,c:\Users\darsh\Documents\Codex\2026-04-27\i-am-a-first-year-computer\Data\genres_original\rock\rock.00080.wav
-121.43798,89.518234,-33.493103,41.97275,-25.929998,23.02586,-20.269114,14.3506975,-16.349436,17.03437,-16.955423,9.146751,-10.111248,4.2090273,-9.346902,1.6090045,-10.549011,1.0675751,-1.6545652,7.5426693,71.72134,26.648283,16.210358,15.065058,12.432907,10.897039,11.692571,10.0924835,10.507156,10.2807045,8.238443,8.158374,7.153978,8.283631,7.914694,7.5924063,8.546617,6.739389,7.9566803,8.602952,0.33335268,0.26025754,0.39320335,0.50586087,0.30751437,0.37460762,0.3119752,0.36620063,0.32359996,0.32775128,0.29175866,0.23326649,0.30146033,0.23275907,0.29961643,0.37078354,0.22254457,0.35065022,0.25955614,0.30823374,0.2894733,0.27194184,0.2651715,0.22907192,2553.8992233935824,599.8981588214937,0.13617340182372292,0.059562194813484313,0.09363885,0.038313136,rock,rock.00081.wav,c:\Users\darsh\Documents\Codex\2026-04-27\i-am-a-first-year-computer\Data\genres_original\rock\rock.00081.wav
-95.476135,78.32375,-26.22216,44.237446,-22.4639,29.737852,-21.567053,23.955877,-16.578558,20.47006,-19.64269,13.886457,-12.624655,6.248262,-7.6597013,7.405312,-9.414199,9.653332,-3.77873,1.0691055,48.437363,17.235727,17.04106,10.742115,11.326253,9.239058,9.575709,8.077717,6.953664,6.8746433,8.367709,7.4403276,7.972684,7.882541,7.011889,7.3168225,8.108505,9.564442,7.9012313,8.850745,0.4717743,0.31879184,0.34022307,0.28374344,0.40136406,0.3707227,0.32763156,0.43445843,0.35425913,0.47901365,0.35847124,0.44894698,0.32596445,0.22463524,0.3052523,0.23322868,0.30365503,0.26392353,0.25083348,0.3397091,0.25885078,0.35022044,0.25095102,0.3006206,2976.0030874979825,544.4727735472793,0.1837358504256966,0.06421168811155313,0.09327282,0.032134183,rock,rock.00082.wav,c:\Users\darsh\Documents\Codex\2026-04-27\i-am-a-first-year-computer\Data\genres_original\rock\rock.00082.wav
-119.17545,107.44643,-10.9727545,58.55445,-12.931377,26.831795,-17.640741,19.371054,-15.608501,13.5666485,-16.67103,11.872087,-12.187864,5.232598,-6.172613,4.253889,-8.042082,3.5274684,-7.682268,-1.3451045,37.25159,16.569736,14.052079,7.6606245,9.034308,7.5734935,7.151398,7.113809,6.6131988,7.350726,6.7748055,5.8239436,5.908998,6.464177,6.393835,6.299356,6.5292206,5.843501,7.1445518,6.621121,0.29596046,0.3651493,0.41441682,0.264684,0.42043868,0.29939795,0.39121246,0.33722875,0.35717493,0.51757437,0.38766554,0.49461284,0.22129034,0.2860397,0.34662685,0.14531197,0.33751717,0.20795397,0.30344197,0.2873149,0.21336113,0.33586654,0.22292951,0.3154331,2115.9838949624827,435.23886380654426,0.09280102614647832,0.028483830875753166,0.10167485,0.022780668,rock,rock.00083.wav,c:\Users\darsh\Documents\Codex\2026-04-27\i-am-a-first-year-computer\Data\genres_original\rock\rock.00083.wav
-94.301605,91.881775,-17.588514,45.52394,-15.698276,32.63909,-18.020702,21.573336,-15.734346,16.79548,-18.303877,13.337474,-15.461038,5.2062526,-11.223154,6.212513,-7.9550314,7.7081137,-4.6095533,0.5266362,42.02248,21.433472,16.430513,9.494452,12.57326,7.658392,9.181672,7.4755497,7.9510665,6.787793,7.0554557,7.218438,7.489989,6.796828,6.9150352,6.402503,7.0916576,9.059402,8.890051,7.021674,0.33034405,0.29756176,0.4387965,0.2583964,0.36324722,0.2650464,0.36537027,0.525017,0.31976712,0.39815468,0.32341537,0.396159,0.302306,0.2421478,0.32760692,0.20028538,0.3223151,0.23522882,0.29211318,0.3681184,0.21664265,0.35263827,0.24541907,0.31143552,2581.8092292667184,646.8777024881923,0.13921608939628483,0.06439714613769387,0.106816106,0.028050434,rock,rock.00084.wav,c:\Users\darsh\Documents\Codex\2026-04-27\i-am-a-first-year-computer\Data\genres_original\rock\rock.00084.wav
-185.45334,98.932434,-36.442432,44.426693,-17.758,21.304089,-20.296019,13.779587,-15.489944,11.040962,-16.792248,2.326029,-12.639383,0.14767893,-4.3978415,-2.4671614,-8.983908,6.862597,-6.7074046,-1.2103499,63.101337,29.505064,18.180866,15.407693,15.177797,13.7181015,12.243215,11.124382,11.506515,11.854383,11.342389,10.028802,9.587998,8.815195,9.0274105,9.657842,10.977202,11.58083,9.158977,11.048506,0.4496547,0.27914652,0.35456237,0.24347661,0.3026684,0.46824524,0.27154356,0.30404693,0.24698603,0.3235763,0.3115883,0.30721572,0.34911454,0.21998169,0.3377109,0.221557,0.27952206,0.37620687,0.2144333,0.31365517,0.23745495,0.31287876,0.30221015,0.25362438,2256.0047067984315,729.6647867662216,0.12098982016737617,0.061067716478845076,0.063018024,0.02960881,rock,rock.00085.wav,c:\Users\darsh\Documents\Codex\2026-04-27\i-am-a-first-year-computer\Data\genres_original\rock\rock.00085.wav
-160.12103,88.731476,-35.493244,47.491817,-12.622673,17.308823,-19.139456,14.591329,-20.38044,11.096237,-11.14557,7.704707,-9.86575,6.991698,-10.135201,3.0655303,-7.9491673,0.7073351,-4.9362535,-2.6115522,104.60529,30.72419,28.532976,19.920265,13.569681,11.979572,11.756274,9.512506,11.756355,10.285291,8.833376,8.471495,7.9445763,8.835859,7.25622,7.018823,6.667052,8.546973,6.7240505,7.7309093,0.292612,0.38718134,0.46237838,0.38842782,0.48922923,0.36767527,0.38984442,0.2983939,0.3512098,0.51125914,0.37709218,0.37637064,0.2312566,0.27207568,0.337953,0.2545095,0.3349882,0.26228997,0.32386032,0.25081548,0.25388452,0.339136,0.2516409,0.31604564,2521.464032225308,769.0058691536398,0.14632451202109134,0.07490004633215779,0.076273166,0.04788148,rock,rock.00086.wav,c:\Users\darsh\Documents\Codex\2026-04-27\i-am-a-first-year-computer\Data\genres_original\rock\rock.00086.wav
-42.66564,102.98204,-36.866947,44.53473,-11.986277,25.571468,-22.683826,28.340677,-19.273252,21.487629,-15.2573185,11.752054,-11.576942,4.7838826,-13.031341,4.355795,-11.958512,0.88591564,-0.4816499,1.300038,27.762672,12.868188,12.8938055,8.9918995,9.652199,8.08838,7.1339707,6.09065,5.6102242,6.1722713,5.957961,5.6204095,4.957325,5.615913,5.3813915,5.595172,4.9056025,6.7713313,7.3828154,6.234073,0.32954475,0.3506861,0.5676522,0.39242205,0.4993945,0.2829354,0.35204694,0.600182,0.36106387,0.30138853,0.24558146,0.43475083,0.228448,0.21967804,0.28816238,0.21482435,0.33666766,0.19072,0.22841294,0.35748804,0.2087914,0.24506241,0.1544859,0.30386636,2334.758795031705,336.24445770333955,0.12858085514222137,0.028114556859898925,0.16569988,0.032079473,rock,rock.00087.wav,c:\Users\darsh\Documents\Codex\2026-04-27\i-am-a-first-year-computer\Data\genres_original\rock\rock.00087.wav
-118.014465,84.04934,-50.27966,46.063946,-17.695776,20.860382,-21.651596,16.678535,-12.957173,12.828732,-13.105274,11.298574,-12.607103,4.3842344,-12.077613,0.66667664,-6.7942424,4.4643407,0.23727861,0.43376458,66.68012,26.78389,18.193098,15.176776,9.324576,9.412643,10.4832325,8.177882,9.156465,8.217334,8.2106495,7.1962414,8.289961,6.7467093,7.2307615,7.0063677,8.26536,9.461799,9.745394,10.301115,0.44186085,0.41863093,0.53483486,0.43042865,0.41798213,0.3928767,0.32854298,0.39094073,0.3987179,0.4766582,0.3103527,0.3592548,0.30894458,0.2810489,0.3505025,0.28249744,0.2824157,0.31294352,0.24061194,0.31765473,0.27081895,0.34585845,0.23015782,0.26012298,2591.1167911589937,553.1394618171473,0.16178095672890866,0.060391827901674064,0.089476675,0.03840714,rock,rock.00088.wav,c:\Users\darsh\Documents\Codex\2026-04-27\i-am-a-first-year-computer\Data\genres_original\rock\rock.00088.wav
-156.26839,130.76775,-25.246172,43.496662,-12.144104,25.410446,-7.947459,17.6216,-8.632112,9.573707,-8.363633,5.776412,-7.044429,-1.8792269,-7.6914062,3.0032125,-6.4427137,-1.3017406,-7.824338,-4.146752,53.776417,26.04612,14.536309,13.502261,11.425936,9.5232525,10.652188,8.116185,9.667451,8.06571,7.8877215,7.218526,7.0081477,7.2388988,7.599245,7.5784593,8.157039,6.878013,8.567888,9.713498,0.30443773,0.25777316,0.4105114,0.2928352,0.33370417,0.25313926,0.38287377,0.4132937,0.33014473,0.4253428,0.3112274,0.4062135,0.2884284,0.21131414,0.32086357,0.24492288,0.3300467,0.21802227,0.2991257,0.3444447,0.25373992,0.34108868,0.2187727,0.33509883,1610.189714452553,591.055285234858,0.0732932075996517,0.04208430253745286,0.10521845,0.037214153,rock,rock.00089.wav,c:\Users\darsh\Documents\Codex\2026-04-27\i-am-a-first-year-computer\Data\genres_original\rock\rock.00089.wav
-89.05669,86.2166,-24.418585,47.110077,-33.645473,29.479248,-19.750383,21.647642,-16.75611,6.54962,-13.397908,7.489511,-12.868063,8.592251,-7.8963995,11.499058,0.6794173,9.798441,-2.1312435,0.5883067,46.844666,27.13378,16.258904,15.204835,12.513154,8.040683,9.266342,9.542781,9.021857,10.09055,9.375657,11.741821,10.553086,10.700965,9.750955,11.419127,14.118852,13.128127,13.431724,12.199175,0.46173894,0.21255411,0.19692312,0.13644372,0.16847523,0.21658088,0.19450384,0.31256035,0.22966702,0.30847588,0.30950284,0.32097825,0.43557966,0.225672,0.24474826,0.17696814,0.20726399,0.27585882,0.22300793,0.35851723,0.24855672,0.33417067,0.33864096,0.2854393,2495.6204189789773,523.2267306371576,0.1206425055630805,0.042100724366107546,0.1546425,0.038554817,rock,rock.00090.wav,c:\Users\darsh\Documents\Codex\2026-04-27\i-am-a-first-year-computer\Data\genres_original\rock\rock.00090.wav
-74.3017,100.113205,-47.370808,49.62339,-18.414455,24.620584,-15.914734,23.901295,-22.833792,23.336365,-16.948917,14.932431,-11.504434,4.227315,-13.630019,4.4797993,-11.667687,4.327969,-10.597871,-0.843053,28.897028,21.095991,17.142218,10.842922,8.234684,6.9375753,7.9505267,6.5128927,5.779327,7.132914,5.886804,5.596834,5.3953385,5.107179,5.42691,5.069766,5.592637,5.4591103,4.8655286,4.9032187,0.3400288,0.42031854,0.4546491,0.5070954,0.5812496,0.35190016,0.43130422,0.32894585,0.4176609,0.5341748,0.40230817,0.55336916,0.19537723,0.2631453,0.2607982,0.23198143,0.29859555,0.19187717,0.26321796,0.20887268,0.23172323,0.29031786,0.19884506,0.33463988,2474.554693163817,508.2418073056499,0.15018352118808048,0.04258267610020258,0.10825303,0.012780053,rock,rock.00091.wav,c:\Users\darsh\Documents\Codex\2026-04-27\i-am-a-first-year-computer\Data\genres_original\rock\rock.00091.wav
-70.11754,94.181656,-50.32803,46.9629,-16.114256,19.996185,-23.959724,16.344028,-22.188528,14.435193,-20.092636,12.150915,-14.765589,4.90943,-13.623413,0.8304447,-15.061136,-1.6045011,-16.089468,-2.1846828,23.816044,14.139757,9.394255,7.863498,7.0872226,6.0054965,6.1632023,6.054558,5.505573,5.899375,5.4673676,5.0511317,5.3029394,5.3490915,5.145248,5.096308,4.6711392,4.8753147,4.5907917,4.8559756,0.5405855,0.38290587,0.3342883,0.54351085,0.35091045,0.39160833,0.27569732,0.33952585,0.45921496,0.37931085,0.58041835,0.41980475,0.3227139,0.24803151,0.18111329,0.3106781,0.19265051,0.2691773,0.18210565,0.2126912,0.31367442,0.21111983,0.33473158,0.21650562,2471.302263920436,329.71361649491746,0.15094504341621517,0.031195736048494384,0.10687875,0.014712857,rock,rock.00092.wav,c:\Users\darsh\Documents\Codex\2026-04-27\i-am-a-first-year-computer\Data\genres_original\rock\rock.00092.wav
-114.74584,119.291725,-50.72456,42.631332,-6.709271,19.714178,-16.887064,19.393305,-17.415949,17.311916,-10.866727,6.668212,-15.753816,3.555531,-7.75999,3.388017,-7.6890497,1.6226153,-10.707391,-0.5426014,31.63772,21.874596,14.743199,11.629134,9.623847,9.256259,7.6450033,6.7652793,7.1616592,8.159167,6.5701814,5.9450235,6.682187,7.1815796,6.726494,5.701813,5.738718,5.8744245,7.020448,6.5789413,0.3211076,0.4290265,0.25233847,0.2740459,0.17605394,0.32536992,0.6980913,0.32365006,0.31700572,0.20375243,0.33485314,0.46684477,0.20154671,0.30489016,0.19333643,0.25881332,0.14277063,0.22217701,0.33245838,0.17011361,0.3098275,0.14911874,0.28384718,0.3541926,1939.9141779559488,398.50168174122945,0.09836637420181889,0.026133221737026716,0.1057426,0.021932373,rock,rock.00093.wav,c:\Users\darsh\Documents\Codex\2026-04-27\i-am-a-first-year-computer\Data\genres_original\rock\rock.00093.wav
-90.21276,80.05299,-46.369423,56.04585,-8.101378,27.485428,-17.328846,22.971903,-17.603975,18.401447,-17.44811,7.6514463,-19.300837,1.1936784,-14.480706,4.5198197,-12.764399,2.996175,-6.416898,2.256299,24.792007,11.628598,14.677347,7.047625,5.9936194,5.2169967,5.5985746,4.7266045,6.765875,6.055239,6.170613,6.0191627,5.2222576,4.9289136,5.6336107,5.115183,4.9662523,5.619556,5.6147523,6.2006097,0.28774837,0.50512606,0.3245932,0.2898657,0.27729598,0.3995564,0.8039202,0.44620445,0.2968235,0.23029956,0.45970637,0.34855536,0.2066913,0.30626252,0.1956618,0.19435339,0.2144416,0.2011972,0.27031878,0.17857786,0.20572104,0.13178837,0.31154743,0.23270732,2629.304423185467,306.18865932339173,0.14670470624516255,0.03192306094204864,0.101931095,0.019278236,rock,rock.00094.wav,c:\Users\darsh\Documents\Codex\2026-04-27\i-am-a-first-year-computer\Data\genres_original\rock\rock.00094.wav
-153.61652,109.894516,-23.10659,59.00746,-7.527995,19.730127,-16.486076,18.08352,-22.215626,15.403847,-12.378472,12.349251,-12.316458,5.778132,-10.268911,1.8052714,-13.300427,2.4732304,-6.7196245,-1.1992677,50.409138,21.310797,13.708888,11.440839,9.482701,7.6352167,9.436793,6.617155,8.807547,7.812191,6.5325785,6.5966196,7.008484,7.510835,6.056841,6.709403,6.45363,6.05066,7.4054213,7.0711155,0.18143539,0.4286232,0.77402234,0.4057106,0.33030492,0.21710368,0.34966505,0.38190618,0.29402795,0.43482432,0.23297362,0.1933034,0.17099313,0.22563039,0.29116178,0.1884328,0.3050088,0.16361776,0.25796524,0.3135367,0.18523274,0.29688793,0.16735187,0.21278773,2008.5370455020434,531.172751307588,0.08926665598393962,0.03610640992682045,0.07944141,0.018598795,rock,rock.00095.wav,c:\Users\darsh\Documents\Codex\2026-04-27\i-am-a-first-year-computer\Data\genres_original\rock\rock.00095.wav
-142.44206,116.23844,-32.19032,49.114605,-8.395415,22.872288,-18.311134,20.106487,-22.106909,10.796756,-13.001553,14.067452,-16.397627,4.162116,-4.3573008,3.7380047,-10.8545265,1.8724992,-7.467166,-2.797982,57.30492,18.534529,13.77396,8.165844,9.009659,6.666198,7.9997544,6.631457,6.067586,7.2891493,6.6068993,6.16178,5.9013653,5.396136,6.5761847,5.8204775,6.2642417,5.6580915,6.26138,5.630101,0.27372926,0.49905115,0.32811356,0.34716052,0.56190753,0.29844013,0.26375785,0.26037833,0.56271863,0.7033763,0.3636084,0.3228897,0.19067481,0.29352033,0.23473573,0.1932591,0.29709253,0.17423019,0.21979731,0.15042493,0.25411388,0.31686357,0.2052635,0.2359682,2006.0092476458424,425.9542240665256,0.0976588954866486,0.029462377052617658,0.076425396,0.024282128,rock,rock.00096.wav,c:\Users\darsh\Documents\Codex\2026-04-27\i-am-a-first-year-computer\Data\genres_original\rock\rock.00096.wav
-125.06511,115.20331,-48.00468,52.8431,-13.491938,21.765408,-12.428562,20.139965,-18.370886,10.119689,-16.055443,10.48674,-17.959637,1.2157047,-11.543171,1.8466084,-12.854931,3.4517853,-12.594253,-2.1046684,40.961506,21.799253,17.031206,10.640032,8.781066,8.983521,7.746848,6.4478464,6.680021,9.050744,6.5752683,6.552416,6.6549187,6.105106,6.2644753,5.7919483,6.0287323,5.99659,6.522142,5.4677978,0.3838873,0.37587035,0.5338374,0.40733546,0.4564805,0.34240136,0.4785954,0.4660068,0.35593423,0.5271537,0.38669068,0.46871978,0.2721487,0.2257512,0.31156364,0.2097084,0.2962161,0.20124815,0.29425156,0.30415922,0.20420423,0.3248817,0.210062,0.30243868,2077.166787874547,481.3659289106179,0.12182428224167957,0.04120224485352374,0.08158259,0.017962335,rock,rock.00097.wav,c:\Users\darsh\Documents\Codex\2026-04-27\i-am-a-first-year-computer\Data\genres_original\rock\rock.00097.wav
-224.99402,123.66968,-9.775934,56.605724,10.427107,20.634146,-10.2572565,15.573306,-8.251973,12.805178,-9.004446,7.690067,-10.085665,-0.25135595,-5.283348,-2.8149054,-4.421223,1.5605099,-5.046414,-3.5825648,103.790054,22.213045,24.567749,13.780771,12.503182,14.530519,10.345753,10.1605425,8.342935,9.626792,7.9969487,8.687231,7.5310183,6.5297117,6.840185,6.806639,6.607147,5.861417,6.8708324,6.426081,0.46984127,0.35624358,0.29649264,0.22812636,0.33564457,0.3792803,0.35623053,0.5616468,0.42452025,0.3366279,0.26346642,0.3410117,0.3503178,0.28145614,0.25861943,0.20391122,0.2949247,0.3409494,0.23355258,0.3679113,0.27649215,0.32419047,0.24162956,0.25525314,1398.5815744518925,490.50176986007506,0.04873137577399381,0.028427600986249267,0.08383445,0.034732975,rock,rock.00098.wav,c:\Users\darsh\Documents\Codex\2026-04-27\i-am-a-first-year-computer\Data\genres_original\rock\rock.00098.wav
-235.2182,123.893234,-22.541746,52.924854,-1.447331,24.668274,-7.0728726,14.884823,-12.778574,16.709099,-2.946438,10.071948,-15.021038,3.1123164,-7.1283135,1.7882507,-7.072692,0.02130401,-2.0276697,1.1558679,87.8612,28.272966,22.786398,15.069693,13.509756,11.240404,10.884007,9.676073,8.907961,8.725599,8.89898,6.7457886,6.561292,8.2062235,7.621275,7.6883025,8.584454,8.749215,8.496375,7.0520763,0.3616164,0.26398563,0.2108644,0.42249358,0.67181504,0.42794237,0.3353506,0.22347485,0.32006705,0.23771802,0.28122702,0.5414231,0.2697573,0.2631735,0.16408807,0.2512769,0.35792482,0.26608527,0.23900978,0.16519298,0.279261,0.2742789,0.20909102,0.3243918,1609.3699366383669,649.9446029181671,0.07628978811919504,0.0466082884383466,0.05444213,0.018348562,rock,rock.00099.wav,c:\Users\darsh\Documents\Codex\2026-04-27\i-am-a-first-year-computer\Data\genres_original\rock\rock.00099.wav
